component,relative_path,decision,handoff_c_sha256,handoff_python_sha256,paired_handoff_equal,active_c_sha256,active_python_sha256,active_c_python_equal,archived_candidate_c_sha256,archived_candidate_python_sha256,archived_candidate_matches_handoff,accepted_runtime_file,bytes,note
aerosol_snf_opac,C50.mie,accepted_runtime_install,af9c9c8c54c24beec9fce01a0730a6ed413beab47ffbb67b9b6764d0fa19a078,af9c9c8c54c24beec9fce01a0730a6ed413beab47ffbb67b9b6764d0fa19a078,True,af9c9c8c54c24beec9fce01a0730a6ed413beab47ffbb67b9b6764d0fa19a078,af9c9c8c54c24beec9fce01a0730a6ed413beab47ffbb67b9b6764d0fa19a078,True,,,,True,322422,installed byte-identically in paired C/Python trees
aerosol_snf_opac,C70.mie,accepted_runtime_install,0e4265e41a07dc99c582d7300943354005845d9e9c72b2010d7c8750397eb53d,0e4265e41a07dc99c582d7300943354005845d9e9c72b2010d7c8750397eb53d,True,0e4265e41a07dc99c582d7300943354005845d9e9c72b2010d7c8750397eb53d,0e4265e41a07dc99c582d7300943354005845d9e9c72b2010d7c8750397eb53d,True,,,,True,322422,installed byte-identically in paired C/Python trees
aerosol_snf_opac,C80.mie,accepted_runtime_install,1e56d2dca7185dad0e58883ff7531ab49a81e91d16cf206db0c54ce23e421b96,1e56d2dca7185dad0e58883ff7531ab49a81e91d16cf206db0c54ce23e421b96,True,1e56d2dca7185dad0e58883ff7531ab49a81e91d16cf206db0c54ce23e421b96,1e56d2dca7185dad0e58883ff7531ab49a81e91d16cf206db0c54ce23e421b96,True,,,,True,322422,installed byte-identically in paired C/Python trees
aerosol_snf_opac,C90.mie,accepted_runtime_install,718858e12e76b92b99d2845c689ae63124a48144f9fcdb46a51e35fd0badc428,718858e12e76b92b99d2845c689ae63124a48144f9fcdb46a51e35fd0badc428,True,718858e12e76b92b99d2845c689ae63124a48144f9fcdb46a51e35fd0badc428,718858e12e76b92b99d2845c689ae63124a48144f9fcdb46a51e35fd0badc428,True,,,,True,322422,installed byte-identically in paired C/Python trees
aerosol_snf_opac,C95.mie,accepted_runtime_install,8de1c2033822737c62894ba8b4b26649d37c95a9f11a769ec957814572a16628,8de1c2033822737c62894ba8b4b26649d37c95a9f11a769ec957814572a16628,True,8de1c2033822737c62894ba8b4b26649d37c95a9f11a769ec957814572a16628,8de1c2033822737c62894ba8b4b26649d37c95a9f11a769ec957814572a16628,True,,,,True,322422,installed byte-identically in paired C/Python trees
aerosol_snf_opac,M50C.mie,accepted_runtime_install,50db9dfb337c01ab1f07c7911ca9d29fab5976733c609f82e2a2868c99b61b94,50db9dfb337c01ab1f07c7911ca9d29fab5976733c609f82e2a2868c99b61b94,True,50db9dfb337c01ab1f07c7911ca9d29fab5976733c609f82e2a2868c99b61b94,50db9dfb337c01ab1f07c7911ca9d29fab5976733c609f82e2a2868c99b61b94,True,,,,True,322422,installed byte-identically in paired C/Python trees
aerosol_snf_opac,M70C.mie,accepted_runtime_install,e370d0ce6d9dcebd4848bc87419940a352c4591ddf18437fd66aefba806c2464,e370d0ce6d9dcebd4848bc87419940a352c4591ddf18437fd66aefba806c2464,True,e370d0ce6d9dcebd4848bc87419940a352c4591ddf18437fd66aefba806c2464,e370d0ce6d9dcebd4848bc87419940a352c4591ddf18437fd66aefba806c2464,True,,,,True,322422,installed byte-identically in paired C/Python trees
aerosol_snf_opac,M80C.mie,accepted_runtime_install,300ef7842e28e134f892f47d35d42c1c647ab6635f87048446e8639bbea742f5,300ef7842e28e134f892f47d35d42c1c647ab6635f87048446e8639bbea742f5,True,300ef7842e28e134f892f47d35d42c1c647ab6635f87048446e8639bbea742f5,300ef7842e28e134f892f47d35d42c1c647ab6635f87048446e8639bbea742f5,True,,,,True,322422,installed byte-identically in paired C/Python trees
aerosol_snf_opac,M90C.mie,accepted_runtime_install,5e2cb144519e603629c8f4ffc9ff3cc99ebda2c2f58f37ad48167e89d827e1ad,5e2cb144519e603629c8f4ffc9ff3cc99ebda2c2f58f37ad48167e89d827e1ad,True,5e2cb144519e603629c8f4ffc9ff3cc99ebda2c2f58f37ad48167e89d827e1ad,5e2cb144519e603629c8f4ffc9ff3cc99ebda2c2f58f37ad48167e89d827e1ad,True,,,,True,322422,installed byte-identically in paired C/Python trees
aerosol_snf_opac,M95C.mie,accepted_runtime_install,4a24d3ec3799672d9f09046f09195bb54d5ea310bf54c374900aab31a637c136,4a24d3ec3799672d9f09046f09195bb54d5ea310bf54c374900aab31a637c136,True,4a24d3ec3799672d9f09046f09195bb54d5ea310bf54c374900aab31a637c136,4a24d3ec3799672d9f09046f09195bb54d5ea310bf54c374900aab31a637c136,True,,,,True,322422,installed byte-identically in paired C/Python trees
aerosol_snf_opac,M98C.mie,accepted_runtime_install,60005244ecc3c658b7cf121ac971b805a378f083dc713951b410ad026dfa25ba,60005244ecc3c658b7cf121ac971b805a378f083dc713951b410ad026dfa25ba,True,60005244ecc3c658b7cf121ac971b805a378f083dc713951b410ad026dfa25ba,60005244ecc3c658b7cf121ac971b805a378f083dc713951b410ad026dfa25ba,True,,,,True,322422,installed byte-identically in paired C/Python trees
aerosol_snf_opac,O99.mie,accepted_runtime_install,7976aeacb095be8220a92cec5aa3eafe5f9a60b372e2cd880be32ccc18f218f8,7976aeacb095be8220a92cec5aa3eafe5f9a60b372e2cd880be32ccc18f218f8,True,7976aeacb095be8220a92cec5aa3eafe5f9a60b372e2cd880be32ccc18f218f8,7976aeacb095be8220a92cec5aa3eafe5f9a60b372e2cd880be32ccc18f218f8,True,,,,True,322422,installed byte-identically in paired C/Python trees
aerosol_snf_opac,T50.mie,accepted_runtime_install,bceda337612c9d31a4af4a7d8dc8c32822fbb12d1b812e0f07a709042d6ee7ae,bceda337612c9d31a4af4a7d8dc8c32822fbb12d1b812e0f07a709042d6ee7ae,True,bceda337612c9d31a4af4a7d8dc8c32822fbb12d1b812e0f07a709042d6ee7ae,bceda337612c9d31a4af4a7d8dc8c32822fbb12d1b812e0f07a709042d6ee7ae,True,,,,True,322422,installed byte-identically in paired C/Python trees
aerosol_snf_opac,T80.mie,accepted_runtime_install,001ea30d417b4a19132de511eac9464d5d639b505b65104afce933a326123188,001ea30d417b4a19132de511eac9464d5d639b505b65104afce933a326123188,True,001ea30d417b4a19132de511eac9464d5d639b505b65104afce933a326123188,001ea30d417b4a19132de511eac9464d5d639b505b65104afce933a326123188,True,,,,True,322422,installed byte-identically in paired C/Python trees
aerosol_snf_opac,T90.mie,accepted_runtime_install,765a61d6594ce84c7fa8f5a806397c9f0f7eaa272f2793d1e38089294606f496,765a61d6594ce84c7fa8f5a806397c9f0f7eaa272f2793d1e38089294606f496,True,765a61d6594ce84c7fa8f5a806397c9f0f7eaa272f2793d1e38089294606f496,765a61d6594ce84c7fa8f5a806397c9f0f7eaa272f2793d1e38089294606f496,True,,,,True,322422,installed byte-identically in paired C/Python trees
aerosol_snf_opac,T95.mie,accepted_runtime_install,4a2776c54d17016b68008b3ffcb2bf5e98bdb0c90b02958cc5f01e5af5545dce,4a2776c54d17016b68008b3ffcb2bf5e98bdb0c90b02958cc5f01e5af5545dce,True,4a2776c54d17016b68008b3ffcb2bf5e98bdb0c90b02958cc5f01e5af5545dce,4a2776c54d17016b68008b3ffcb2bf5e98bdb0c90b02958cc5f01e5af5545dce,True,,,,True,322422,installed byte-identically in paired C/Python trees
aerosol_ahmad2010_accurt,aerosol_ahmad2010_accurt_mie/r30f00v01.mie,accepted_runtime_install,acbd14558546fd15b6ff1bdef89ead166a6355da68f48260528251260b134a16,acbd14558546fd15b6ff1bdef89ead166a6355da68f48260528251260b134a16,True,acbd14558546fd15b6ff1bdef89ead166a6355da68f48260528251260b134a16,acbd14558546fd15b6ff1bdef89ead166a6355da68f48260528251260b134a16,True,,,,True,322422,installed byte-identically in paired C/Python trees
aerosol_ahmad2010_accurt,aerosol_ahmad2010_accurt_mie/r30f01v01.mie,accepted_runtime_install,3b79154f0023602f9c378615279a758b7c82b169e64511dc132ef65c15531f6b,3b79154f0023602f9c378615279a758b7c82b169e64511dc132ef65c15531f6b,True,3b79154f0023602f9c378615279a758b7c82b169e64511dc132ef65c15531f6b,3b79154f0023602f9c378615279a758b7c82b169e64511dc132ef65c15531f6b,True,,,,True,322422,installed byte-identically in paired C/Python trees
aerosol_ahmad2010_accurt,aerosol_ahmad2010_accurt_mie/r30f02v01.mie,accepted_runtime_install,19a8375e34daa27017f6b11bbd4558c10c5a4c881a45a1639f573affc528ed29,19a8375e34daa27017f6b11bbd4558c10c5a4c881a45a1639f573affc528ed29,True,19a8375e34daa27017f6b11bbd4558c10c5a4c881a45a1639f573affc528ed29,19a8375e34daa27017f6b11bbd4558c10c5a4c881a45a1639f573affc528ed29,True,,,,True,322422,installed byte-identically in paired C/Python trees
aerosol_ahmad2010_accurt,aerosol_ahmad2010_accurt_mie/r30f05v01.mie,accepted_runtime_install,0be8ee26aa17990da88bb9a2a16b1df9d69648e870c9e1f5a40e0d44c5c35f07,0be8ee26aa17990da88bb9a2a16b1df9d69648e870c9e1f5a40e0d44c5c35f07,True,0be8ee26aa17990da88bb9a2a16b1df9d69648e870c9e1f5a40e0d44c5c35f07,0be8ee26aa17990da88bb9a2a16b1df9d69648e870c9e1f5a40e0d44c5c35f07,True,,,,True,322422,installed byte-identically in paired C/Python trees
aerosol_ahmad2010_accurt,aerosol_ahmad2010_accurt_mie/r30f10v01.mie,accepted_runtime_install,9b9852c7e531ace41599c37a79e59d04869410d5299a5130ec9186e0d1689cdf,9b9852c7e531ace41599c37a79e59d04869410d5299a5130ec9186e0d1689cdf,True,9b9852c7e531ace41599c37a79e59d04869410d5299a5130ec9186e0d1689cdf,9b9852c7e531ace41599c37a79e59d04869410d5299a5130ec9186e0d1689cdf,True,,,,True,322422,installed byte-identically in paired C/Python trees
aerosol_ahmad2010_accurt,aerosol_ahmad2010_accurt_mie/r30f20v01.mie,accepted_runtime_install,e5371aed7fe60ce481f2433bda6ac5e4be8e0a0870c24e0565cc48e2311eca79,e5371aed7fe60ce481f2433bda6ac5e4be8e0a0870c24e0565cc48e2311eca79,True,e5371aed7fe60ce481f2433bda6ac5e4be8e0a0870c24e0565cc48e2311eca79,e5371aed7fe60ce481f2433bda6ac5e4be8e0a0870c24e0565cc48e2311eca79,True,,,,True,322422,installed byte-identically in paired C/Python trees
aerosol_ahmad2010_accurt,aerosol_ahmad2010_accurt_mie/r30f30v01.mie,accepted_runtime_install,c95f9744ef9cbc4bc8a2b3059224317c0fcad96797eec15f82c7184b360c96bf,c95f9744ef9cbc4bc8a2b3059224317c0fcad96797eec15f82c7184b360c96bf,True,c95f9744ef9cbc4bc8a2b3059224317c0fcad96797eec15f82c7184b360c96bf,c95f9744ef9cbc4bc8a2b3059224317c0fcad96797eec15f82c7184b360c96bf,True,,,,True,322422,installed byte-identically in paired C/Python trees
aerosol_ahmad2010_accurt,aerosol_ahmad2010_accurt_mie/r30f50v01.mie,accepted_runtime_install,867eaf0f1af192c3067d7c130077f365a5c866f06928a38bed6a016fa19aed6c,867eaf0f1af192c3067d7c130077f365a5c866f06928a38bed6a016fa19aed6c,True,867eaf0f1af192c3067d7c130077f365a5c866f06928a38bed6a016fa19aed6c,867eaf0f1af192c3067d7c130077f365a5c866f06928a38bed6a016fa19aed6c,True,,,,True,322422,installed byte-identically in paired C/Python trees
aerosol_ahmad2010_accurt,aerosol_ahmad2010_accurt_mie/r30f80v01.mie,accepted_runtime_install,3aca11e32e406273b924189e266011626c45d3da983a558043c9de3ae07e903c,3aca11e32e406273b924189e266011626c45d3da983a558043c9de3ae07e903c,True,3aca11e32e406273b924189e266011626c45d3da983a558043c9de3ae07e903c,3aca11e32e406273b924189e266011626c45d3da983a558043c9de3ae07e903c,True,,,,True,322422,installed byte-identically in paired C/Python trees
aerosol_ahmad2010_accurt,aerosol_ahmad2010_accurt_mie/r30f95v01.mie,accepted_runtime_install,0d6f9630c0c30a6ee372831d2237d492a7dea88a6527975ba3147de62577b1d6,0d6f9630c0c30a6ee372831d2237d492a7dea88a6527975ba3147de62577b1d6,True,0d6f9630c0c30a6ee372831d2237d492a7dea88a6527975ba3147de62577b1d6,0d6f9630c0c30a6ee372831d2237d492a7dea88a6527975ba3147de62577b1d6,True,,,,True,322422,installed byte-identically in paired C/Python trees
aerosol_ahmad2010_accurt,aerosol_ahmad2010_accurt_mie/r50f00v01.mie,accepted_runtime_install,43d5619d2d06af0b73fbfb7107d3030c84f25ce14fec91867073a2f6104cc6fe,43d5619d2d06af0b73fbfb7107d3030c84f25ce14fec91867073a2f6104cc6fe,True,43d5619d2d06af0b73fbfb7107d3030c84f25ce14fec91867073a2f6104cc6fe,43d5619d2d06af0b73fbfb7107d3030c84f25ce14fec91867073a2f6104cc6fe,True,,,,True,322422,installed byte-identically in paired C/Python trees
aerosol_ahmad2010_accurt,aerosol_ahmad2010_accurt_mie/r50f01v01.mie,accepted_runtime_install,f1bd5eb8110cfd7256d0b711c956cd0149f211fdb1855c410f2d64461e6b0815,f1bd5eb8110cfd7256d0b711c956cd0149f211fdb1855c410f2d64461e6b0815,True,f1bd5eb8110cfd7256d0b711c956cd0149f211fdb1855c410f2d64461e6b0815,f1bd5eb8110cfd7256d0b711c956cd0149f211fdb1855c410f2d64461e6b0815,True,,,,True,322422,installed byte-identically in paired C/Python trees
aerosol_ahmad2010_accurt,aerosol_ahmad2010_accurt_mie/r50f02v01.mie,accepted_runtime_install,44652a45e3395923e11ea938468959eabec0d24e4bca5066e67c8dca18b0a68c,44652a45e3395923e11ea938468959eabec0d24e4bca5066e67c8dca18b0a68c,True,44652a45e3395923e11ea938468959eabec0d24e4bca5066e67c8dca18b0a68c,44652a45e3395923e11ea938468959eabec0d24e4bca5066e67c8dca18b0a68c,True,,,,True,322422,installed byte-identically in paired C/Python trees
aerosol_ahmad2010_accurt,aerosol_ahmad2010_accurt_mie/r50f05v01.mie,accepted_runtime_install,6c635d7f71c5007aee31fc66b21823ee34b9de9b6c39b47e4631d6073d28ec2c,6c635d7f71c5007aee31fc66b21823ee34b9de9b6c39b47e4631d6073d28ec2c,True,6c635d7f71c5007aee31fc66b21823ee34b9de9b6c39b47e4631d6073d28ec2c,6c635d7f71c5007aee31fc66b21823ee34b9de9b6c39b47e4631d6073d28ec2c,True,,,,True,322422,installed byte-identically in paired C/Python trees
aerosol_ahmad2010_accurt,aerosol_ahmad2010_accurt_mie/r50f10v01.mie,accepted_runtime_install,bc1ede9e2c764a1414576a2186f2e594c5b832fce8745875503ab02b3fcc64ae,bc1ede9e2c764a1414576a2186f2e594c5b832fce8745875503ab02b3fcc64ae,True,bc1ede9e2c764a1414576a2186f2e594c5b832fce8745875503ab02b3fcc64ae,bc1ede9e2c764a1414576a2186f2e594c5b832fce8745875503ab02b3fcc64ae,True,,,,True,322422,installed byte-identically in paired C/Python trees
aerosol_ahmad2010_accurt,aerosol_ahmad2010_accurt_mie/r50f20v01.mie,accepted_runtime_install,68ae6996ce76d7ca2b9f12a4b0ee4fc7b144c3c10c3c164707c05e81593ad182,68ae6996ce76d7ca2b9f12a4b0ee4fc7b144c3c10c3c164707c05e81593ad182,True,68ae6996ce76d7ca2b9f12a4b0ee4fc7b144c3c10c3c164707c05e81593ad182,68ae6996ce76d7ca2b9f12a4b0ee4fc7b144c3c10c3c164707c05e81593ad182,True,,,,True,322422,installed byte-identically in paired C/Python trees
aerosol_ahmad2010_accurt,aerosol_ahmad2010_accurt_mie/r50f30v01.mie,accepted_runtime_install,47db95aca88053cec68b661315e024fee6089ad8eabde23073605bee8ca3a558,47db95aca88053cec68b661315e024fee6089ad8eabde23073605bee8ca3a558,True,47db95aca88053cec68b661315e024fee6089ad8eabde23073605bee8ca3a558,47db95aca88053cec68b661315e024fee6089ad8eabde23073605bee8ca3a558,True,,,,True,322422,installed byte-identically in paired C/Python trees
aerosol_ahmad2010_accurt,aerosol_ahmad2010_accurt_mie/r50f50v01.mie,accepted_runtime_install,9d7064fec5c4ef6e0a66d65f5cfdfe3f2e6ad44374e02c008cef487bc2106124,9d7064fec5c4ef6e0a66d65f5cfdfe3f2e6ad44374e02c008cef487bc2106124,True,9d7064fec5c4ef6e0a66d65f5cfdfe3f2e6ad44374e02c008cef487bc2106124,9d7064fec5c4ef6e0a66d65f5cfdfe3f2e6ad44374e02c008cef487bc2106124,True,,,,True,322422,installed byte-identically in paired C/Python trees
aerosol_ahmad2010_accurt,aerosol_ahmad2010_accurt_mie/r50f80v01.mie,accepted_runtime_install,d5afb49503d12867b981c6da557fbbf53c943ec4b896f4e91ace1ad1e6eed63d,d5afb49503d12867b981c6da557fbbf53c943ec4b896f4e91ace1ad1e6eed63d,True,d5afb49503d12867b981c6da557fbbf53c943ec4b896f4e91ace1ad1e6eed63d,d5afb49503d12867b981c6da557fbbf53c943ec4b896f4e91ace1ad1e6eed63d,True,,,,True,322422,installed byte-identically in paired C/Python trees
aerosol_ahmad2010_accurt,aerosol_ahmad2010_accurt_mie/r50f95v01.mie,accepted_runtime_install,c3060f131d7200888d1077e662f271e1ab47b6e803cd37f76a9e15d48afb2f31,c3060f131d7200888d1077e662f271e1ab47b6e803cd37f76a9e15d48afb2f31,True,c3060f131d7200888d1077e662f271e1ab47b6e803cd37f76a9e15d48afb2f31,c3060f131d7200888d1077e662f271e1ab47b6e803cd37f76a9e15d48afb2f31,True,,,,True,322422,installed byte-identically in paired C/Python trees
aerosol_ahmad2010_accurt,aerosol_ahmad2010_accurt_mie/r70f00v01.mie,accepted_runtime_install,f31edc3d56513dc97a15de3c799fbca7ba29b32a6761bb2368be7ada3a76f706,f31edc3d56513dc97a15de3c799fbca7ba29b32a6761bb2368be7ada3a76f706,True,f31edc3d56513dc97a15de3c799fbca7ba29b32a6761bb2368be7ada3a76f706,f31edc3d56513dc97a15de3c799fbca7ba29b32a6761bb2368be7ada3a76f706,True,,,,True,322422,installed byte-identically in paired C/Python trees
aerosol_ahmad2010_accurt,aerosol_ahmad2010_accurt_mie/r70f01v01.mie,accepted_runtime_install,4cc3b4b798a1fbb32744233026969ed4d9ff671d334432d3218e0ab021fdb634,4cc3b4b798a1fbb32744233026969ed4d9ff671d334432d3218e0ab021fdb634,True,4cc3b4b798a1fbb32744233026969ed4d9ff671d334432d3218e0ab021fdb634,4cc3b4b798a1fbb32744233026969ed4d9ff671d334432d3218e0ab021fdb634,True,,,,True,322422,installed byte-identically in paired C/Python trees
aerosol_ahmad2010_accurt,aerosol_ahmad2010_accurt_mie/r70f02v01.mie,accepted_runtime_install,c862760fbbcc4f5b17c511d79ed8d85392a65ac79af13c3c7ec7a8a2a52b713b,c862760fbbcc4f5b17c511d79ed8d85392a65ac79af13c3c7ec7a8a2a52b713b,True,c862760fbbcc4f5b17c511d79ed8d85392a65ac79af13c3c7ec7a8a2a52b713b,c862760fbbcc4f5b17c511d79ed8d85392a65ac79af13c3c7ec7a8a2a52b713b,True,,,,True,322422,installed byte-identically in paired C/Python trees
aerosol_ahmad2010_accurt,aerosol_ahmad2010_accurt_mie/r70f05v01.mie,accepted_runtime_install,5edf212e23005898a3db70a5959cf44f6a4428782b63f6a2d45d55d566356bc5,5edf212e23005898a3db70a5959cf44f6a4428782b63f6a2d45d55d566356bc5,True,5edf212e23005898a3db70a5959cf44f6a4428782b63f6a2d45d55d566356bc5,5edf212e23005898a3db70a5959cf44f6a4428782b63f6a2d45d55d566356bc5,True,,,,True,322422,installed byte-identically in paired C/Python trees
aerosol_ahmad2010_accurt,aerosol_ahmad2010_accurt_mie/r70f10v01.mie,accepted_runtime_install,83d20bdbbc2d1e9f7cb015ff5e8e97fc86eb41de13948a70a35835665844c614,83d20bdbbc2d1e9f7cb015ff5e8e97fc86eb41de13948a70a35835665844c614,True,83d20bdbbc2d1e9f7cb015ff5e8e97fc86eb41de13948a70a35835665844c614,83d20bdbbc2d1e9f7cb015ff5e8e97fc86eb41de13948a70a35835665844c614,True,,,,True,322422,installed byte-identically in paired C/Python trees
aerosol_ahmad2010_accurt,aerosol_ahmad2010_accurt_mie/r70f20v01.mie,accepted_runtime_install,6bf5571444b85093fe88ff3ce9cee251c81dad55114582c01d7ff029fb1080be,6bf5571444b85093fe88ff3ce9cee251c81dad55114582c01d7ff029fb1080be,True,6bf5571444b85093fe88ff3ce9cee251c81dad55114582c01d7ff029fb1080be,6bf5571444b85093fe88ff3ce9cee251c81dad55114582c01d7ff029fb1080be,True,,,,True,322422,installed byte-identically in paired C/Python trees
aerosol_ahmad2010_accurt,aerosol_ahmad2010_accurt_mie/r70f30v01.mie,accepted_runtime_install,9775119bba0a2ead96cbf02f06e26e47d7e1a5cc6d03907c7dc0b84c37209f8b,9775119bba0a2ead96cbf02f06e26e47d7e1a5cc6d03907c7dc0b84c37209f8b,True,9775119bba0a2ead96cbf02f06e26e47d7e1a5cc6d03907c7dc0b84c37209f8b,9775119bba0a2ead96cbf02f06e26e47d7e1a5cc6d03907c7dc0b84c37209f8b,True,,,,True,322422,installed byte-identically in paired C/Python trees
aerosol_ahmad2010_accurt,aerosol_ahmad2010_accurt_mie/r70f50v01.mie,accepted_runtime_install,b795285ef7f905cb5bd161b1d87d907d5ef886c3572b17a4c0c683a57f1db855,b795285ef7f905cb5bd161b1d87d907d5ef886c3572b17a4c0c683a57f1db855,True,b795285ef7f905cb5bd161b1d87d907d5ef886c3572b17a4c0c683a57f1db855,b795285ef7f905cb5bd161b1d87d907d5ef886c3572b17a4c0c683a57f1db855,True,,,,True,322422,installed byte-identically in paired C/Python trees
aerosol_ahmad2010_accurt,aerosol_ahmad2010_accurt_mie/r70f80v01.mie,accepted_runtime_install,cf846c5289e6186b514bb96fffc870b9f34d701b37d06029c0cee148ff10b012,cf846c5289e6186b514bb96fffc870b9f34d701b37d06029c0cee148ff10b012,True,cf846c5289e6186b514bb96fffc870b9f34d701b37d06029c0cee148ff10b012,cf846c5289e6186b514bb96fffc870b9f34d701b37d06029c0cee148ff10b012,True,,,,True,322422,installed byte-identically in paired C/Python trees
aerosol_ahmad2010_accurt,aerosol_ahmad2010_accurt_mie/r70f95v01.mie,accepted_runtime_install,c4772ef442abb86d84aaef8cd5e63c00b47f351794e3a5246a7f8a3bddd84ea0,c4772ef442abb86d84aaef8cd5e63c00b47f351794e3a5246a7f8a3bddd84ea0,True,c4772ef442abb86d84aaef8cd5e63c00b47f351794e3a5246a7f8a3bddd84ea0,c4772ef442abb86d84aaef8cd5e63c00b47f351794e3a5246a7f8a3bddd84ea0,True,,,,True,322422,installed byte-identically in paired C/Python trees
aerosol_ahmad2010_accurt,aerosol_ahmad2010_accurt_mie/r75f00v01.mie,accepted_runtime_install,d144fcd01c327af1fc698e58bec1575329183b501253be92062af166abebcd31,d144fcd01c327af1fc698e58bec1575329183b501253be92062af166abebcd31,True,d144fcd01c327af1fc698e58bec1575329183b501253be92062af166abebcd31,d144fcd01c327af1fc698e58bec1575329183b501253be92062af166abebcd31,True,,,,True,322422,installed byte-identically in paired C/Python trees
aerosol_ahmad2010_accurt,aerosol_ahmad2010_accurt_mie/r75f01v01.mie,accepted_runtime_install,32258e2dabc704a26b80099d30429ea987b5f73d235c4ded5831c661d153b70f,32258e2dabc704a26b80099d30429ea987b5f73d235c4ded5831c661d153b70f,True,32258e2dabc704a26b80099d30429ea987b5f73d235c4ded5831c661d153b70f,32258e2dabc704a26b80099d30429ea987b5f73d235c4ded5831c661d153b70f,True,,,,True,322422,installed byte-identically in paired C/Python trees
aerosol_ahmad2010_accurt,aerosol_ahmad2010_accurt_mie/r75f02v01.mie,accepted_runtime_install,dfcbcca9b35ec01fc00b7f7a7c49536510cf018586a44dfcaed91adfef2a36e3,dfcbcca9b35ec01fc00b7f7a7c49536510cf018586a44dfcaed91adfef2a36e3,True,dfcbcca9b35ec01fc00b7f7a7c49536510cf018586a44dfcaed91adfef2a36e3,dfcbcca9b35ec01fc00b7f7a7c49536510cf018586a44dfcaed91adfef2a36e3,True,,,,True,322422,installed byte-identically in paired C/Python trees
aerosol_ahmad2010_accurt,aerosol_ahmad2010_accurt_mie/r75f05v01.mie,accepted_runtime_install,828c184de8199321dbab989c723fa7ccad94e6ea454acedf411e6fdd7c03c342,828c184de8199321dbab989c723fa7ccad94e6ea454acedf411e6fdd7c03c342,True,828c184de8199321dbab989c723fa7ccad94e6ea454acedf411e6fdd7c03c342,828c184de8199321dbab989c723fa7ccad94e6ea454acedf411e6fdd7c03c342,True,,,,True,322422,installed byte-identically in paired C/Python trees
aerosol_ahmad2010_accurt,aerosol_ahmad2010_accurt_mie/r75f10v01.mie,accepted_runtime_install,2238d7ccbb2c744f13c318df437e5bb14bd78a219b8b6aeec9caa4df4410a1b3,2238d7ccbb2c744f13c318df437e5bb14bd78a219b8b6aeec9caa4df4410a1b3,True,2238d7ccbb2c744f13c318df437e5bb14bd78a219b8b6aeec9caa4df4410a1b3,2238d7ccbb2c744f13c318df437e5bb14bd78a219b8b6aeec9caa4df4410a1b3,True,,,,True,322422,installed byte-identically in paired C/Python trees
aerosol_ahmad2010_accurt,aerosol_ahmad2010_accurt_mie/r75f20v01.mie,accepted_runtime_install,fa151f2e7a8b98e7b56c55fe16eaec970fe57037d4b864e377f2bf1b690c4da2,fa151f2e7a8b98e7b56c55fe16eaec970fe57037d4b864e377f2bf1b690c4da2,True,fa151f2e7a8b98e7b56c55fe16eaec970fe57037d4b864e377f2bf1b690c4da2,fa151f2e7a8b98e7b56c55fe16eaec970fe57037d4b864e377f2bf1b690c4da2,True,,,,True,322422,installed byte-identically in paired C/Python trees
aerosol_ahmad2010_accurt,aerosol_ahmad2010_accurt_mie/r75f30v01.mie,accepted_runtime_install,259599d666ec4a1f0f7aeaf4f792a0677701b16715fa82a66b58b6bcc52d8cab,259599d666ec4a1f0f7aeaf4f792a0677701b16715fa82a66b58b6bcc52d8cab,True,259599d666ec4a1f0f7aeaf4f792a0677701b16715fa82a66b58b6bcc52d8cab,259599d666ec4a1f0f7aeaf4f792a0677701b16715fa82a66b58b6bcc52d8cab,True,,,,True,322422,installed byte-identically in paired C/Python trees
aerosol_ahmad2010_accurt,aerosol_ahmad2010_accurt_mie/r75f50v01.mie,accepted_runtime_install,31a18b5ff38b509dae1103d49c1c14f0f415325cc6b52852b9a7631f71446a56,31a18b5ff38b509dae1103d49c1c14f0f415325cc6b52852b9a7631f71446a56,True,31a18b5ff38b509dae1103d49c1c14f0f415325cc6b52852b9a7631f71446a56,31a18b5ff38b509dae1103d49c1c14f0f415325cc6b52852b9a7631f71446a56,True,,,,True,322422,installed byte-identically in paired C/Python trees
aerosol_ahmad2010_accurt,aerosol_ahmad2010_accurt_mie/r75f80v01.mie,accepted_runtime_install,db034ad25115d31793b25d6e17d11fc5014f8bd1704bf9a4e6337def69100d57,db034ad25115d31793b25d6e17d11fc5014f8bd1704bf9a4e6337def69100d57,True,db034ad25115d31793b25d6e17d11fc5014f8bd1704bf9a4e6337def69100d57,db034ad25115d31793b25d6e17d11fc5014f8bd1704bf9a4e6337def69100d57,True,,,,True,322422,installed byte-identically in paired C/Python trees
aerosol_ahmad2010_accurt,aerosol_ahmad2010_accurt_mie/r75f95v01.mie,accepted_runtime_install,8d73318996e98c412d94c95fe2c87f874d10519c0e51bb0badcaa8361d35e12f,8d73318996e98c412d94c95fe2c87f874d10519c0e51bb0badcaa8361d35e12f,True,8d73318996e98c412d94c95fe2c87f874d10519c0e51bb0badcaa8361d35e12f,8d73318996e98c412d94c95fe2c87f874d10519c0e51bb0badcaa8361d35e12f,True,,,,True,322422,installed byte-identically in paired C/Python trees
aerosol_ahmad2010_accurt,aerosol_ahmad2010_accurt_mie/r80f00v01.mie,accepted_runtime_install,d2baa0dcbffb70bb1c773486be70306b021b275fd76f168c8f771bb86318d15b,d2baa0dcbffb70bb1c773486be70306b021b275fd76f168c8f771bb86318d15b,True,d2baa0dcbffb70bb1c773486be70306b021b275fd76f168c8f771bb86318d15b,d2baa0dcbffb70bb1c773486be70306b021b275fd76f168c8f771bb86318d15b,True,,,,True,322422,installed byte-identically in paired C/Python trees
aerosol_ahmad2010_accurt,aerosol_ahmad2010_accurt_mie/r80f01v01.mie,accepted_runtime_install,d3504c9217546676fa620ca91573395f7f670ff485df2b61b9c1ad58b895dee3,d3504c9217546676fa620ca91573395f7f670ff485df2b61b9c1ad58b895dee3,True,d3504c9217546676fa620ca91573395f7f670ff485df2b61b9c1ad58b895dee3,d3504c9217546676fa620ca91573395f7f670ff485df2b61b9c1ad58b895dee3,True,,,,True,322422,installed byte-identically in paired C/Python trees
aerosol_ahmad2010_accurt,aerosol_ahmad2010_accurt_mie/r80f02v01.mie,accepted_runtime_install,14d3bd800f86f6a738cad92e99d35153330c6f478154285fdbb2f73800123eb0,14d3bd800f86f6a738cad92e99d35153330c6f478154285fdbb2f73800123eb0,True,14d3bd800f86f6a738cad92e99d35153330c6f478154285fdbb2f73800123eb0,14d3bd800f86f6a738cad92e99d35153330c6f478154285fdbb2f73800123eb0,True,,,,True,322422,installed byte-identically in paired C/Python trees
aerosol_ahmad2010_accurt,aerosol_ahmad2010_accurt_mie/r80f05v01.mie,accepted_runtime_install,a2e9f128582ce7aa644cd7b2c8d653b1ed14ca433e5eb40b338dd9020725d54a,a2e9f128582ce7aa644cd7b2c8d653b1ed14ca433e5eb40b338dd9020725d54a,True,a2e9f128582ce7aa644cd7b2c8d653b1ed14ca433e5eb40b338dd9020725d54a,a2e9f128582ce7aa644cd7b2c8d653b1ed14ca433e5eb40b338dd9020725d54a,True,,,,True,322422,installed byte-identically in paired C/Python trees
aerosol_ahmad2010_accurt,aerosol_ahmad2010_accurt_mie/r80f10v01.mie,accepted_runtime_install,94af6da0c2df335e400cdaeb4a1c67fd27a27a8ca37fc4dc54827727344d0d7a,94af6da0c2df335e400cdaeb4a1c67fd27a27a8ca37fc4dc54827727344d0d7a,True,94af6da0c2df335e400cdaeb4a1c67fd27a27a8ca37fc4dc54827727344d0d7a,94af6da0c2df335e400cdaeb4a1c67fd27a27a8ca37fc4dc54827727344d0d7a,True,,,,True,322422,installed byte-identically in paired C/Python trees
aerosol_ahmad2010_accurt,aerosol_ahmad2010_accurt_mie/r80f20v01.mie,accepted_runtime_install,afa49bb8d7991e58683b255ddc7a079d64024af793d5a387d4d79298280186c6,afa49bb8d7991e58683b255ddc7a079d64024af793d5a387d4d79298280186c6,True,afa49bb8d7991e58683b255ddc7a079d64024af793d5a387d4d79298280186c6,afa49bb8d7991e58683b255ddc7a079d64024af793d5a387d4d79298280186c6,True,,,,True,322422,installed byte-identically in paired C/Python trees
aerosol_ahmad2010_accurt,aerosol_ahmad2010_accurt_mie/r80f30v01.mie,accepted_runtime_install,13972c748dcb62b8635c6af54322f465be3eb5a029a3abda75ef2903581f18d7,13972c748dcb62b8635c6af54322f465be3eb5a029a3abda75ef2903581f18d7,True,13972c748dcb62b8635c6af54322f465be3eb5a029a3abda75ef2903581f18d7,13972c748dcb62b8635c6af54322f465be3eb5a029a3abda75ef2903581f18d7,True,,,,True,322422,installed byte-identically in paired C/Python trees
aerosol_ahmad2010_accurt,aerosol_ahmad2010_accurt_mie/r80f50v01.mie,accepted_runtime_install,742c8b9616941ba678051d4079d90c4872218e4b11a0d0bd7096ac6b796261b5,742c8b9616941ba678051d4079d90c4872218e4b11a0d0bd7096ac6b796261b5,True,742c8b9616941ba678051d4079d90c4872218e4b11a0d0bd7096ac6b796261b5,742c8b9616941ba678051d4079d90c4872218e4b11a0d0bd7096ac6b796261b5,True,,,,True,322422,installed byte-identically in paired C/Python trees
aerosol_ahmad2010_accurt,aerosol_ahmad2010_accurt_mie/r80f80v01.mie,accepted_runtime_install,283dfd34190a9cb95f44efffc52a3cdee3f78553ffbb5d5a32f3a03fa9b5c9f0,283dfd34190a9cb95f44efffc52a3cdee3f78553ffbb5d5a32f3a03fa9b5c9f0,True,283dfd34190a9cb95f44efffc52a3cdee3f78553ffbb5d5a32f3a03fa9b5c9f0,283dfd34190a9cb95f44efffc52a3cdee3f78553ffbb5d5a32f3a03fa9b5c9f0,True,,,,True,322422,installed byte-identically in paired C/Python trees
aerosol_ahmad2010_accurt,aerosol_ahmad2010_accurt_mie/r80f95v01.mie,accepted_runtime_install,14723da147bfb2fe1e03dcfb632c90785059c13e77ec45d091a1578816688db4,14723da147bfb2fe1e03dcfb632c90785059c13e77ec45d091a1578816688db4,True,14723da147bfb2fe1e03dcfb632c90785059c13e77ec45d091a1578816688db4,14723da147bfb2fe1e03dcfb632c90785059c13e77ec45d091a1578816688db4,True,,,,True,322422,installed byte-identically in paired C/Python trees
aerosol_ahmad2010_accurt,aerosol_ahmad2010_accurt_mie/r85f00v01.mie,accepted_runtime_install,c1bb05f9468d00e79d8735a2c3ad3886af46e4ccb5f4fe69959f82ae031fad71,c1bb05f9468d00e79d8735a2c3ad3886af46e4ccb5f4fe69959f82ae031fad71,True,c1bb05f9468d00e79d8735a2c3ad3886af46e4ccb5f4fe69959f82ae031fad71,c1bb05f9468d00e79d8735a2c3ad3886af46e4ccb5f4fe69959f82ae031fad71,True,,,,True,322422,installed byte-identically in paired C/Python trees
aerosol_ahmad2010_accurt,aerosol_ahmad2010_accurt_mie/r85f01v01.mie,accepted_runtime_install,0b329b7b072e20e5c55c568b4de28c54f1107ec53a5c03379bcf50bedd7c5002,0b329b7b072e20e5c55c568b4de28c54f1107ec53a5c03379bcf50bedd7c5002,True,0b329b7b072e20e5c55c568b4de28c54f1107ec53a5c03379bcf50bedd7c5002,0b329b7b072e20e5c55c568b4de28c54f1107ec53a5c03379bcf50bedd7c5002,True,,,,True,322422,installed byte-identically in paired C/Python trees
aerosol_ahmad2010_accurt,aerosol_ahmad2010_accurt_mie/r85f02v01.mie,accepted_runtime_install,8ee38271907f22dd2b100d2657b841884eec643633e4e4cd3b945075f9ca95ed,8ee38271907f22dd2b100d2657b841884eec643633e4e4cd3b945075f9ca95ed,True,8ee38271907f22dd2b100d2657b841884eec643633e4e4cd3b945075f9ca95ed,8ee38271907f22dd2b100d2657b841884eec643633e4e4cd3b945075f9ca95ed,True,,,,True,322422,installed byte-identically in paired C/Python trees
aerosol_ahmad2010_accurt,aerosol_ahmad2010_accurt_mie/r85f05v01.mie,accepted_runtime_install,7a660084910cee9813740a89f4c06cee845ca23beb19d86d66022c8f4c1d5c26,7a660084910cee9813740a89f4c06cee845ca23beb19d86d66022c8f4c1d5c26,True,7a660084910cee9813740a89f4c06cee845ca23beb19d86d66022c8f4c1d5c26,7a660084910cee9813740a89f4c06cee845ca23beb19d86d66022c8f4c1d5c26,True,,,,True,322422,installed byte-identically in paired C/Python trees
aerosol_ahmad2010_accurt,aerosol_ahmad2010_accurt_mie/r85f10v01.mie,accepted_runtime_install,91fca5d819245abe09edc0578bf51805b915605546acdb65d35dae5802442d02,91fca5d819245abe09edc0578bf51805b915605546acdb65d35dae5802442d02,True,91fca5d819245abe09edc0578bf51805b915605546acdb65d35dae5802442d02,91fca5d819245abe09edc0578bf51805b915605546acdb65d35dae5802442d02,True,,,,True,322422,installed byte-identically in paired C/Python trees
aerosol_ahmad2010_accurt,aerosol_ahmad2010_accurt_mie/r85f20v01.mie,accepted_runtime_install,7c12fd77e83d97dc61b6881274227ffe463d3f9da19a3d4a9a564d183a82a5ef,7c12fd77e83d97dc61b6881274227ffe463d3f9da19a3d4a9a564d183a82a5ef,True,7c12fd77e83d97dc61b6881274227ffe463d3f9da19a3d4a9a564d183a82a5ef,7c12fd77e83d97dc61b6881274227ffe463d3f9da19a3d4a9a564d183a82a5ef,True,,,,True,322422,installed byte-identically in paired C/Python trees
aerosol_ahmad2010_accurt,aerosol_ahmad2010_accurt_mie/r85f30v01.mie,accepted_runtime_install,464d6294477a3c1808f64ce8c42651590d6c166d0fd236ae80c1bd5b0a9622eb,464d6294477a3c1808f64ce8c42651590d6c166d0fd236ae80c1bd5b0a9622eb,True,464d6294477a3c1808f64ce8c42651590d6c166d0fd236ae80c1bd5b0a9622eb,464d6294477a3c1808f64ce8c42651590d6c166d0fd236ae80c1bd5b0a9622eb,True,,,,True,322422,installed byte-identically in paired C/Python trees
aerosol_ahmad2010_accurt,aerosol_ahmad2010_accurt_mie/r85f50v01.mie,accepted_runtime_install,ecd23bde52795c5ff852e2316a152c54fe4ab2d50337f06844b8f0469c598a5a,ecd23bde52795c5ff852e2316a152c54fe4ab2d50337f06844b8f0469c598a5a,True,ecd23bde52795c5ff852e2316a152c54fe4ab2d50337f06844b8f0469c598a5a,ecd23bde52795c5ff852e2316a152c54fe4ab2d50337f06844b8f0469c598a5a,True,,,,True,322422,installed byte-identically in paired C/Python trees
aerosol_ahmad2010_accurt,aerosol_ahmad2010_accurt_mie/r85f80v01.mie,accepted_runtime_install,8ed9ff0601cdcacf2a1223a012a9952e9f59ff52a64f106541b456b0982ed692,8ed9ff0601cdcacf2a1223a012a9952e9f59ff52a64f106541b456b0982ed692,True,8ed9ff0601cdcacf2a1223a012a9952e9f59ff52a64f106541b456b0982ed692,8ed9ff0601cdcacf2a1223a012a9952e9f59ff52a64f106541b456b0982ed692,True,,,,True,322422,installed byte-identically in paired C/Python trees
aerosol_ahmad2010_accurt,aerosol_ahmad2010_accurt_mie/r85f95v01.mie,accepted_runtime_install,63bb973bd1f2e20f10745093c877f037e2d2dc271fe6baa86520e8939bda57a4,63bb973bd1f2e20f10745093c877f037e2d2dc271fe6baa86520e8939bda57a4,True,63bb973bd1f2e20f10745093c877f037e2d2dc271fe6baa86520e8939bda57a4,63bb973bd1f2e20f10745093c877f037e2d2dc271fe6baa86520e8939bda57a4,True,,,,True,322422,installed byte-identically in paired C/Python trees
aerosol_ahmad2010_accurt,aerosol_ahmad2010_accurt_mie/r90f00v01.mie,accepted_runtime_install,dbb223237ba4e2904b4790261fad6d5e217ac278105d089c08605650f4a486cc,dbb223237ba4e2904b4790261fad6d5e217ac278105d089c08605650f4a486cc,True,dbb223237ba4e2904b4790261fad6d5e217ac278105d089c08605650f4a486cc,dbb223237ba4e2904b4790261fad6d5e217ac278105d089c08605650f4a486cc,True,,,,True,322422,installed byte-identically in paired C/Python trees
aerosol_ahmad2010_accurt,aerosol_ahmad2010_accurt_mie/r90f01v01.mie,accepted_runtime_install,84c850b0fe32bcd256554001ea80b73f9f4df3e9d2427f773fa264e6fb51c9f7,84c850b0fe32bcd256554001ea80b73f9f4df3e9d2427f773fa264e6fb51c9f7,True,84c850b0fe32bcd256554001ea80b73f9f4df3e9d2427f773fa264e6fb51c9f7,84c850b0fe32bcd256554001ea80b73f9f4df3e9d2427f773fa264e6fb51c9f7,True,,,,True,322422,installed byte-identically in paired C/Python trees
aerosol_ahmad2010_accurt,aerosol_ahmad2010_accurt_mie/r90f02v01.mie,accepted_runtime_install,6b0dc3786b8898e2818d1c3fe0cd9903364c773a368a36f5534e46fa14ba0c2f,6b0dc3786b8898e2818d1c3fe0cd9903364c773a368a36f5534e46fa14ba0c2f,True,6b0dc3786b8898e2818d1c3fe0cd9903364c773a368a36f5534e46fa14ba0c2f,6b0dc3786b8898e2818d1c3fe0cd9903364c773a368a36f5534e46fa14ba0c2f,True,,,,True,322422,installed byte-identically in paired C/Python trees
aerosol_ahmad2010_accurt,aerosol_ahmad2010_accurt_mie/r90f05v01.mie,accepted_runtime_install,954c99b5ccea5433a302467ab02cc0772a7c5400efe204a53fcef1a31b37a5f9,954c99b5ccea5433a302467ab02cc0772a7c5400efe204a53fcef1a31b37a5f9,True,954c99b5ccea5433a302467ab02cc0772a7c5400efe204a53fcef1a31b37a5f9,954c99b5ccea5433a302467ab02cc0772a7c5400efe204a53fcef1a31b37a5f9,True,,,,True,322422,installed byte-identically in paired C/Python trees
aerosol_ahmad2010_accurt,aerosol_ahmad2010_accurt_mie/r90f10v01.mie,accepted_runtime_install,ec238fa275786a4a1de40846f4f1839fb73604afb3c7156826818d4746e4838c,ec238fa275786a4a1de40846f4f1839fb73604afb3c7156826818d4746e4838c,True,ec238fa275786a4a1de40846f4f1839fb73604afb3c7156826818d4746e4838c,ec238fa275786a4a1de40846f4f1839fb73604afb3c7156826818d4746e4838c,True,,,,True,322422,installed byte-identically in paired C/Python trees
aerosol_ahmad2010_accurt,aerosol_ahmad2010_accurt_mie/r90f20v01.mie,accepted_runtime_install,5b9f99cba25df0338a1b542fe6907ebc6afd6084a46161fccae599cead108c0c,5b9f99cba25df0338a1b542fe6907ebc6afd6084a46161fccae599cead108c0c,True,5b9f99cba25df0338a1b542fe6907ebc6afd6084a46161fccae599cead108c0c,5b9f99cba25df0338a1b542fe6907ebc6afd6084a46161fccae599cead108c0c,True,,,,True,322422,installed byte-identically in paired C/Python trees
aerosol_ahmad2010_accurt,aerosol_ahmad2010_accurt_mie/r90f30v01.mie,accepted_runtime_install,451e53aa3887800ec493d71bb0b41fa576cffc15d1eccf924946b5b5b2076683,451e53aa3887800ec493d71bb0b41fa576cffc15d1eccf924946b5b5b2076683,True,451e53aa3887800ec493d71bb0b41fa576cffc15d1eccf924946b5b5b2076683,451e53aa3887800ec493d71bb0b41fa576cffc15d1eccf924946b5b5b2076683,True,,,,True,322422,installed byte-identically in paired C/Python trees
aerosol_ahmad2010_accurt,aerosol_ahmad2010_accurt_mie/r90f50v01.mie,accepted_runtime_install,915339cfa82c5093f0d9dd762260d0d69780d942b86a1b12db9425f454ff2604,915339cfa82c5093f0d9dd762260d0d69780d942b86a1b12db9425f454ff2604,True,915339cfa82c5093f0d9dd762260d0d69780d942b86a1b12db9425f454ff2604,915339cfa82c5093f0d9dd762260d0d69780d942b86a1b12db9425f454ff2604,True,,,,True,322422,installed byte-identically in paired C/Python trees
aerosol_ahmad2010_accurt,aerosol_ahmad2010_accurt_mie/r90f80v01.mie,accepted_runtime_install,a313f3a8dc063be7dd2569d00b8e074aaec35cf4d199266192d27d3dba565d08,a313f3a8dc063be7dd2569d00b8e074aaec35cf4d199266192d27d3dba565d08,True,a313f3a8dc063be7dd2569d00b8e074aaec35cf4d199266192d27d3dba565d08,a313f3a8dc063be7dd2569d00b8e074aaec35cf4d199266192d27d3dba565d08,True,,,,True,322422,installed byte-identically in paired C/Python trees
aerosol_ahmad2010_accurt,aerosol_ahmad2010_accurt_mie/r90f95v01.mie,accepted_runtime_install,ece9bf65b445f5b8b1f84b47f1950909c054a4fb4dc649b6924305ec3f8b2232,ece9bf65b445f5b8b1f84b47f1950909c054a4fb4dc649b6924305ec3f8b2232,True,ece9bf65b445f5b8b1f84b47f1950909c054a4fb4dc649b6924305ec3f8b2232,ece9bf65b445f5b8b1f84b47f1950909c054a4fb4dc649b6924305ec3f8b2232,True,,,,True,322422,installed byte-identically in paired C/Python trees
aerosol_ahmad2010_accurt,aerosol_ahmad2010_accurt_mie/r95f00v01.mie,accepted_runtime_install,16bc8c0330fbed6904817b02201d6b97f05afd5a33134b4657d03f6ab20e5aee,16bc8c0330fbed6904817b02201d6b97f05afd5a33134b4657d03f6ab20e5aee,True,16bc8c0330fbed6904817b02201d6b97f05afd5a33134b4657d03f6ab20e5aee,16bc8c0330fbed6904817b02201d6b97f05afd5a33134b4657d03f6ab20e5aee,True,,,,True,322422,installed byte-identically in paired C/Python trees
aerosol_ahmad2010_accurt,aerosol_ahmad2010_accurt_mie/r95f01v01.mie,accepted_runtime_install,14aa63a01f7c9e0a9c6bff608efc479a5589b6726bf28d0acdb920465dab62ef,14aa63a01f7c9e0a9c6bff608efc479a5589b6726bf28d0acdb920465dab62ef,True,14aa63a01f7c9e0a9c6bff608efc479a5589b6726bf28d0acdb920465dab62ef,14aa63a01f7c9e0a9c6bff608efc479a5589b6726bf28d0acdb920465dab62ef,True,,,,True,322422,installed byte-identically in paired C/Python trees
aerosol_ahmad2010_accurt,aerosol_ahmad2010_accurt_mie/r95f02v01.mie,accepted_runtime_install,bbad31507733f4f921ce24a0cdbd13406ef5b73b3f5fc58f93235c2d59e02f80,bbad31507733f4f921ce24a0cdbd13406ef5b73b3f5fc58f93235c2d59e02f80,True,bbad31507733f4f921ce24a0cdbd13406ef5b73b3f5fc58f93235c2d59e02f80,bbad31507733f4f921ce24a0cdbd13406ef5b73b3f5fc58f93235c2d59e02f80,True,,,,True,322422,installed byte-identically in paired C/Python trees
aerosol_ahmad2010_accurt,aerosol_ahmad2010_accurt_mie/r95f05v01.mie,accepted_runtime_install,48c61df9d4960faa1a35df4cdd05da4a4f497ce03d7bce0d100389effde2d706,48c61df9d4960faa1a35df4cdd05da4a4f497ce03d7bce0d100389effde2d706,True,48c61df9d4960faa1a35df4cdd05da4a4f497ce03d7bce0d100389effde2d706,48c61df9d4960faa1a35df4cdd05da4a4f497ce03d7bce0d100389effde2d706,True,,,,True,322422,installed byte-identically in paired C/Python trees
aerosol_ahmad2010_accurt,aerosol_ahmad2010_accurt_mie/r95f10v01.mie,accepted_runtime_install,ab4b239322d85281f69fed2f73076883c775b7799f4785f9715e659e3fed097b,ab4b239322d85281f69fed2f73076883c775b7799f4785f9715e659e3fed097b,True,ab4b239322d85281f69fed2f73076883c775b7799f4785f9715e659e3fed097b,ab4b239322d85281f69fed2f73076883c775b7799f4785f9715e659e3fed097b,True,,,,True,322422,installed byte-identically in paired C/Python trees
aerosol_ahmad2010_accurt,aerosol_ahmad2010_accurt_mie/r95f20v01.mie,accepted_runtime_install,5a87d475ee9d864117deea96b91bdcf0bb6ba11ee0f08b2baba27ed8884e6ef2,5a87d475ee9d864117deea96b91bdcf0bb6ba11ee0f08b2baba27ed8884e6ef2,True,5a87d475ee9d864117deea96b91bdcf0bb6ba11ee0f08b2baba27ed8884e6ef2,5a87d475ee9d864117deea96b91bdcf0bb6ba11ee0f08b2baba27ed8884e6ef2,True,,,,True,322422,installed byte-identically in paired C/Python trees
aerosol_ahmad2010_accurt,aerosol_ahmad2010_accurt_mie/r95f30v01.mie,accepted_runtime_install,3bbd9bf221b21aaaa04d493a70ddb7622a5cf8c93a411828312f6e9f74dac449,3bbd9bf221b21aaaa04d493a70ddb7622a5cf8c93a411828312f6e9f74dac449,True,3bbd9bf221b21aaaa04d493a70ddb7622a5cf8c93a411828312f6e9f74dac449,3bbd9bf221b21aaaa04d493a70ddb7622a5cf8c93a411828312f6e9f74dac449,True,,,,True,322422,installed byte-identically in paired C/Python trees
aerosol_ahmad2010_accurt,aerosol_ahmad2010_accurt_mie/r95f50v01.mie,accepted_runtime_install,714c0b51779351aa9693f63e8f9c8751093a778e94236be33e31be2b911bf952,714c0b51779351aa9693f63e8f9c8751093a778e94236be33e31be2b911bf952,True,714c0b51779351aa9693f63e8f9c8751093a778e94236be33e31be2b911bf952,714c0b51779351aa9693f63e8f9c8751093a778e94236be33e31be2b911bf952,True,,,,True,322422,installed byte-identically in paired C/Python trees
aerosol_ahmad2010_accurt,aerosol_ahmad2010_accurt_mie/r95f80v01.mie,accepted_runtime_install,0c4a15c29c6517c5b7e535695ba1e680d64f96ee1e4e225b2d55ee956f412166,0c4a15c29c6517c5b7e535695ba1e680d64f96ee1e4e225b2d55ee956f412166,True,0c4a15c29c6517c5b7e535695ba1e680d64f96ee1e4e225b2d55ee956f412166,0c4a15c29c6517c5b7e535695ba1e680d64f96ee1e4e225b2d55ee956f412166,True,,,,True,322422,installed byte-identically in paired C/Python trees
aerosol_ahmad2010_accurt,aerosol_ahmad2010_accurt_mie/r95f95v01.mie,accepted_runtime_install,a6273cd9fd48838c62cd2f7c7fc43ce314917794e41ea8d990a814d8c04ff111,a6273cd9fd48838c62cd2f7c7fc43ce314917794e41ea8d990a814d8c04ff111,True,a6273cd9fd48838c62cd2f7c7fc43ce314917794e41ea8d990a814d8c04ff111,a6273cd9fd48838c62cd2f7c7fc43ce314917794e41ea8d990a814d8c04ff111,True,,,,True,322422,installed byte-identically in paired C/Python trees
aerosol_ahmad2010_paper,aerosol_ahmad2010_paper_mie/A2010ver_r30f00v01.mie,accepted_runtime_install,0de9a2d87516bd8861b97dfa2c83aac3af60ec5c537a8aba2d8ce1119d2cfc64,0de9a2d87516bd8861b97dfa2c83aac3af60ec5c537a8aba2d8ce1119d2cfc64,True,0de9a2d87516bd8861b97dfa2c83aac3af60ec5c537a8aba2d8ce1119d2cfc64,0de9a2d87516bd8861b97dfa2c83aac3af60ec5c537a8aba2d8ce1119d2cfc64,True,,,,True,322422,installed byte-identically in paired C/Python trees
aerosol_ahmad2010_paper,aerosol_ahmad2010_paper_mie/A2010ver_r30f01v01.mie,accepted_runtime_install,beb4ef8fad8e2c78c27d4b002fee72afebc9e7fa31ced6b81a465ef322a04d75,beb4ef8fad8e2c78c27d4b002fee72afebc9e7fa31ced6b81a465ef322a04d75,True,beb4ef8fad8e2c78c27d4b002fee72afebc9e7fa31ced6b81a465ef322a04d75,beb4ef8fad8e2c78c27d4b002fee72afebc9e7fa31ced6b81a465ef322a04d75,True,,,,True,322422,installed byte-identically in paired C/Python trees
aerosol_ahmad2010_paper,aerosol_ahmad2010_paper_mie/A2010ver_r30f02v01.mie,accepted_runtime_install,fb62e990a57c5dc4fd0e6a5c7a3aa63c82d85d8eb6586bdd49b7ee02dfc31648,fb62e990a57c5dc4fd0e6a5c7a3aa63c82d85d8eb6586bdd49b7ee02dfc31648,True,fb62e990a57c5dc4fd0e6a5c7a3aa63c82d85d8eb6586bdd49b7ee02dfc31648,fb62e990a57c5dc4fd0e6a5c7a3aa63c82d85d8eb6586bdd49b7ee02dfc31648,True,,,,True,322422,installed byte-identically in paired C/Python trees
aerosol_ahmad2010_paper,aerosol_ahmad2010_paper_mie/A2010ver_r30f05v01.mie,accepted_runtime_install,92175db924df2b46fe910680dcf1e349122dc9b14ca6f9cdca0a38193dc53a64,92175db924df2b46fe910680dcf1e349122dc9b14ca6f9cdca0a38193dc53a64,True,92175db924df2b46fe910680dcf1e349122dc9b14ca6f9cdca0a38193dc53a64,92175db924df2b46fe910680dcf1e349122dc9b14ca6f9cdca0a38193dc53a64,True,,,,True,322422,installed byte-identically in paired C/Python trees
aerosol_ahmad2010_paper,aerosol_ahmad2010_paper_mie/A2010ver_r30f10v01.mie,accepted_runtime_install,0ea64e48331c5af0402f5aab7310b7119c416d9540945e818bf5fee7e3334df8,0ea64e48331c5af0402f5aab7310b7119c416d9540945e818bf5fee7e3334df8,True,0ea64e48331c5af0402f5aab7310b7119c416d9540945e818bf5fee7e3334df8,0ea64e48331c5af0402f5aab7310b7119c416d9540945e818bf5fee7e3334df8,True,,,,True,322422,installed byte-identically in paired C/Python trees
aerosol_ahmad2010_paper,aerosol_ahmad2010_paper_mie/A2010ver_r30f20v01.mie,accepted_runtime_install,a0146fca819e46576659826094da895d5cbbc8053d341088dbc3169c1dd4f61b,a0146fca819e46576659826094da895d5cbbc8053d341088dbc3169c1dd4f61b,True,a0146fca819e46576659826094da895d5cbbc8053d341088dbc3169c1dd4f61b,a0146fca819e46576659826094da895d5cbbc8053d341088dbc3169c1dd4f61b,True,,,,True,322422,installed byte-identically in paired C/Python trees
aerosol_ahmad2010_paper,aerosol_ahmad2010_paper_mie/A2010ver_r30f30v01.mie,accepted_runtime_install,180875b1593835ef684ac385532b383095c1185dcefe8d38c102f0d4a0cafdbf,180875b1593835ef684ac385532b383095c1185dcefe8d38c102f0d4a0cafdbf,True,180875b1593835ef684ac385532b383095c1185dcefe8d38c102f0d4a0cafdbf,180875b1593835ef684ac385532b383095c1185dcefe8d38c102f0d4a0cafdbf,True,,,,True,322422,installed byte-identically in paired C/Python trees
aerosol_ahmad2010_paper,aerosol_ahmad2010_paper_mie/A2010ver_r30f50v01.mie,accepted_runtime_install,1b954ec759f2b81cc06f96ce890a096a72ca0fc479ceef55bb45d8c2e7e63844,1b954ec759f2b81cc06f96ce890a096a72ca0fc479ceef55bb45d8c2e7e63844,True,1b954ec759f2b81cc06f96ce890a096a72ca0fc479ceef55bb45d8c2e7e63844,1b954ec759f2b81cc06f96ce890a096a72ca0fc479ceef55bb45d8c2e7e63844,True,,,,True,322422,installed byte-identically in paired C/Python trees
aerosol_ahmad2010_paper,aerosol_ahmad2010_paper_mie/A2010ver_r30f80v01.mie,accepted_runtime_install,037ec7fbe6de133ea11841670b1f9966d5f6e17db136083f00e87160767ce08d,037ec7fbe6de133ea11841670b1f9966d5f6e17db136083f00e87160767ce08d,True,037ec7fbe6de133ea11841670b1f9966d5f6e17db136083f00e87160767ce08d,037ec7fbe6de133ea11841670b1f9966d5f6e17db136083f00e87160767ce08d,True,,,,True,322422,installed byte-identically in paired C/Python trees
aerosol_ahmad2010_paper,aerosol_ahmad2010_paper_mie/A2010ver_r30f95v01.mie,accepted_runtime_install,be83d6a2b60a21a2f49211365c8944edd2bd378be7d6c753263d1ec07bd348a7,be83d6a2b60a21a2f49211365c8944edd2bd378be7d6c753263d1ec07bd348a7,True,be83d6a2b60a21a2f49211365c8944edd2bd378be7d6c753263d1ec07bd348a7,be83d6a2b60a21a2f49211365c8944edd2bd378be7d6c753263d1ec07bd348a7,True,,,,True,322422,installed byte-identically in paired C/Python trees
aerosol_ahmad2010_paper,aerosol_ahmad2010_paper_mie/A2010ver_r50f00v01.mie,accepted_runtime_install,fb0bdd48b6561a0adebdf0405a320189a998191b978a8cb08e0ba086463c9db6,fb0bdd48b6561a0adebdf0405a320189a998191b978a8cb08e0ba086463c9db6,True,fb0bdd48b6561a0adebdf0405a320189a998191b978a8cb08e0ba086463c9db6,fb0bdd48b6561a0adebdf0405a320189a998191b978a8cb08e0ba086463c9db6,True,,,,True,322422,installed byte-identically in paired C/Python trees
aerosol_ahmad2010_paper,aerosol_ahmad2010_paper_mie/A2010ver_r50f01v01.mie,accepted_runtime_install,32116b3b25fb0cb53cef311dfb60dd5bfd184417a5aa5ff04d2dee6b03febdda,32116b3b25fb0cb53cef311dfb60dd5bfd184417a5aa5ff04d2dee6b03febdda,True,32116b3b25fb0cb53cef311dfb60dd5bfd184417a5aa5ff04d2dee6b03febdda,32116b3b25fb0cb53cef311dfb60dd5bfd184417a5aa5ff04d2dee6b03febdda,True,,,,True,322422,installed byte-identically in paired C/Python trees
aerosol_ahmad2010_paper,aerosol_ahmad2010_paper_mie/A2010ver_r50f02v01.mie,accepted_runtime_install,1f181fe9e99855522d0e204b71b140019f580ebbf816f78add1b63a82a307637,1f181fe9e99855522d0e204b71b140019f580ebbf816f78add1b63a82a307637,True,1f181fe9e99855522d0e204b71b140019f580ebbf816f78add1b63a82a307637,1f181fe9e99855522d0e204b71b140019f580ebbf816f78add1b63a82a307637,True,,,,True,322422,installed byte-identically in paired C/Python trees
aerosol_ahmad2010_paper,aerosol_ahmad2010_paper_mie/A2010ver_r50f05v01.mie,accepted_runtime_install,6104e2f25a91f3ce33d4f0bf7c7107e199a419ab7c1f5e1fdfb152a65bb1bca7,6104e2f25a91f3ce33d4f0bf7c7107e199a419ab7c1f5e1fdfb152a65bb1bca7,True,6104e2f25a91f3ce33d4f0bf7c7107e199a419ab7c1f5e1fdfb152a65bb1bca7,6104e2f25a91f3ce33d4f0bf7c7107e199a419ab7c1f5e1fdfb152a65bb1bca7,True,,,,True,322422,installed byte-identically in paired C/Python trees
aerosol_ahmad2010_paper,aerosol_ahmad2010_paper_mie/A2010ver_r50f10v01.mie,accepted_runtime_install,8e9076cbaf9c06ffcf1d33d02a5acf240f654e3d12d678f39d6d7970548033f2,8e9076cbaf9c06ffcf1d33d02a5acf240f654e3d12d678f39d6d7970548033f2,True,8e9076cbaf9c06ffcf1d33d02a5acf240f654e3d12d678f39d6d7970548033f2,8e9076cbaf9c06ffcf1d33d02a5acf240f654e3d12d678f39d6d7970548033f2,True,,,,True,322422,installed byte-identically in paired C/Python trees
aerosol_ahmad2010_paper,aerosol_ahmad2010_paper_mie/A2010ver_r50f20v01.mie,accepted_runtime_install,352f22616429e2975c02837f147537e1249db2d6167b0c60f9530f7359a3f3d8,352f22616429e2975c02837f147537e1249db2d6167b0c60f9530f7359a3f3d8,True,352f22616429e2975c02837f147537e1249db2d6167b0c60f9530f7359a3f3d8,352f22616429e2975c02837f147537e1249db2d6167b0c60f9530f7359a3f3d8,True,,,,True,322422,installed byte-identically in paired C/Python trees
aerosol_ahmad2010_paper,aerosol_ahmad2010_paper_mie/A2010ver_r50f30v01.mie,accepted_runtime_install,cf19ea792d47e4bb19540f11b505ad3d39942e267bf526ef44601796b174e4fa,cf19ea792d47e4bb19540f11b505ad3d39942e267bf526ef44601796b174e4fa,True,cf19ea792d47e4bb19540f11b505ad3d39942e267bf526ef44601796b174e4fa,cf19ea792d47e4bb19540f11b505ad3d39942e267bf526ef44601796b174e4fa,True,,,,True,322422,installed byte-identically in paired C/Python trees
aerosol_ahmad2010_paper,aerosol_ahmad2010_paper_mie/A2010ver_r50f50v01.mie,accepted_runtime_install,c6daa7a12fc2cb88fe4266c80b40d1a8a1afc46875449fb08ed187d7bfef87e8,c6daa7a12fc2cb88fe4266c80b40d1a8a1afc46875449fb08ed187d7bfef87e8,True,c6daa7a12fc2cb88fe4266c80b40d1a8a1afc46875449fb08ed187d7bfef87e8,c6daa7a12fc2cb88fe4266c80b40d1a8a1afc46875449fb08ed187d7bfef87e8,True,,,,True,322422,installed byte-identically in paired C/Python trees
aerosol_ahmad2010_paper,aerosol_ahmad2010_paper_mie/A2010ver_r50f80v01.mie,accepted_runtime_install,9f26dd7bf59c1f800f513e71bd115ff21987fa546724c707604d2b49c9c6af41,9f26dd7bf59c1f800f513e71bd115ff21987fa546724c707604d2b49c9c6af41,True,9f26dd7bf59c1f800f513e71bd115ff21987fa546724c707604d2b49c9c6af41,9f26dd7bf59c1f800f513e71bd115ff21987fa546724c707604d2b49c9c6af41,True,,,,True,322422,installed byte-identically in paired C/Python trees
aerosol_ahmad2010_paper,aerosol_ahmad2010_paper_mie/A2010ver_r50f95v01.mie,accepted_runtime_install,f7249d0da13c997171d248c8cd9d2035555d581e56de8c1ac82c5650c83f8be0,f7249d0da13c997171d248c8cd9d2035555d581e56de8c1ac82c5650c83f8be0,True,f7249d0da13c997171d248c8cd9d2035555d581e56de8c1ac82c5650c83f8be0,f7249d0da13c997171d248c8cd9d2035555d581e56de8c1ac82c5650c83f8be0,True,,,,True,322422,installed byte-identically in paired C/Python trees
aerosol_ahmad2010_paper,aerosol_ahmad2010_paper_mie/A2010ver_r70f00v01.mie,accepted_runtime_install,e465bd4ef9f02337e5554981b4b2e4dda7612ae8a1a5e24fc58234de3c0a97a0,e465bd4ef9f02337e5554981b4b2e4dda7612ae8a1a5e24fc58234de3c0a97a0,True,e465bd4ef9f02337e5554981b4b2e4dda7612ae8a1a5e24fc58234de3c0a97a0,e465bd4ef9f02337e5554981b4b2e4dda7612ae8a1a5e24fc58234de3c0a97a0,True,,,,True,322422,installed byte-identically in paired C/Python trees
aerosol_ahmad2010_paper,aerosol_ahmad2010_paper_mie/A2010ver_r70f01v01.mie,accepted_runtime_install,d4791383bc4ee5d586271742d1f7c39d9c0cc895d72f506d33b459e2514c8d15,d4791383bc4ee5d586271742d1f7c39d9c0cc895d72f506d33b459e2514c8d15,True,d4791383bc4ee5d586271742d1f7c39d9c0cc895d72f506d33b459e2514c8d15,d4791383bc4ee5d586271742d1f7c39d9c0cc895d72f506d33b459e2514c8d15,True,,,,True,322422,installed byte-identically in paired C/Python trees
aerosol_ahmad2010_paper,aerosol_ahmad2010_paper_mie/A2010ver_r70f02v01.mie,accepted_runtime_install,bd417c7af6d03a9fbf6d2309233fbbcbe564e263c2491b5723d0391cc93a2047,bd417c7af6d03a9fbf6d2309233fbbcbe564e263c2491b5723d0391cc93a2047,True,bd417c7af6d03a9fbf6d2309233fbbcbe564e263c2491b5723d0391cc93a2047,bd417c7af6d03a9fbf6d2309233fbbcbe564e263c2491b5723d0391cc93a2047,True,,,,True,322422,installed byte-identically in paired C/Python trees
aerosol_ahmad2010_paper,aerosol_ahmad2010_paper_mie/A2010ver_r70f05v01.mie,accepted_runtime_install,dfd5b746c3fc78c1e91765b30651d3608fd2e60bf781853da37f9bbebc34abc2,dfd5b746c3fc78c1e91765b30651d3608fd2e60bf781853da37f9bbebc34abc2,True,dfd5b746c3fc78c1e91765b30651d3608fd2e60bf781853da37f9bbebc34abc2,dfd5b746c3fc78c1e91765b30651d3608fd2e60bf781853da37f9bbebc34abc2,True,,,,True,322422,installed byte-identically in paired C/Python trees
aerosol_ahmad2010_paper,aerosol_ahmad2010_paper_mie/A2010ver_r70f10v01.mie,accepted_runtime_install,4f1698b0082f224daa1af631d5da79237c12d827a75198f419899423bd219e89,4f1698b0082f224daa1af631d5da79237c12d827a75198f419899423bd219e89,True,4f1698b0082f224daa1af631d5da79237c12d827a75198f419899423bd219e89,4f1698b0082f224daa1af631d5da79237c12d827a75198f419899423bd219e89,True,,,,True,322422,installed byte-identically in paired C/Python trees
aerosol_ahmad2010_paper,aerosol_ahmad2010_paper_mie/A2010ver_r70f20v01.mie,accepted_runtime_install,48701d19325f35c29950eae53b102a2430404f0e895279319531134fe2d0bfea,48701d19325f35c29950eae53b102a2430404f0e895279319531134fe2d0bfea,True,48701d19325f35c29950eae53b102a2430404f0e895279319531134fe2d0bfea,48701d19325f35c29950eae53b102a2430404f0e895279319531134fe2d0bfea,True,,,,True,322422,installed byte-identically in paired C/Python trees
aerosol_ahmad2010_paper,aerosol_ahmad2010_paper_mie/A2010ver_r70f30v01.mie,accepted_runtime_install,cfbe6fa454a34e8e8cc23ffec95246582d175b23796c6a33cafbdd06b18f7474,cfbe6fa454a34e8e8cc23ffec95246582d175b23796c6a33cafbdd06b18f7474,True,cfbe6fa454a34e8e8cc23ffec95246582d175b23796c6a33cafbdd06b18f7474,cfbe6fa454a34e8e8cc23ffec95246582d175b23796c6a33cafbdd06b18f7474,True,,,,True,322422,installed byte-identically in paired C/Python trees
aerosol_ahmad2010_paper,aerosol_ahmad2010_paper_mie/A2010ver_r70f50v01.mie,accepted_runtime_install,7bacd262943bc48422cc9a3f46bc23d95a98a5bdb5ee4b1abe6ca8e9f18ff2e3,7bacd262943bc48422cc9a3f46bc23d95a98a5bdb5ee4b1abe6ca8e9f18ff2e3,True,7bacd262943bc48422cc9a3f46bc23d95a98a5bdb5ee4b1abe6ca8e9f18ff2e3,7bacd262943bc48422cc9a3f46bc23d95a98a5bdb5ee4b1abe6ca8e9f18ff2e3,True,,,,True,322422,installed byte-identically in paired C/Python trees
aerosol_ahmad2010_paper,aerosol_ahmad2010_paper_mie/A2010ver_r70f80v01.mie,accepted_runtime_install,5ecc92ec4264216bc836d7432baf4d2914c55e997de819350109b609f38ee610,5ecc92ec4264216bc836d7432baf4d2914c55e997de819350109b609f38ee610,True,5ecc92ec4264216bc836d7432baf4d2914c55e997de819350109b609f38ee610,5ecc92ec4264216bc836d7432baf4d2914c55e997de819350109b609f38ee610,True,,,,True,322422,installed byte-identically in paired C/Python trees
aerosol_ahmad2010_paper,aerosol_ahmad2010_paper_mie/A2010ver_r70f95v01.mie,accepted_runtime_install,b6ade398d472cefd14e9926484ff7f919f177f32bd034da78834def28eff17d8,b6ade398d472cefd14e9926484ff7f919f177f32bd034da78834def28eff17d8,True,b6ade398d472cefd14e9926484ff7f919f177f32bd034da78834def28eff17d8,b6ade398d472cefd14e9926484ff7f919f177f32bd034da78834def28eff17d8,True,,,,True,322422,installed byte-identically in paired C/Python trees
aerosol_ahmad2010_paper,aerosol_ahmad2010_paper_mie/A2010ver_r75f00v01.mie,accepted_runtime_install,3d6687f1715b623c0111439fefd2354f5afb1c540a41ea5330494a1390baaaee,3d6687f1715b623c0111439fefd2354f5afb1c540a41ea5330494a1390baaaee,True,3d6687f1715b623c0111439fefd2354f5afb1c540a41ea5330494a1390baaaee,3d6687f1715b623c0111439fefd2354f5afb1c540a41ea5330494a1390baaaee,True,,,,True,322422,installed byte-identically in paired C/Python trees
aerosol_ahmad2010_paper,aerosol_ahmad2010_paper_mie/A2010ver_r75f01v01.mie,accepted_runtime_install,216d556adea74957e2e03b573928c3fbe6bf6ae20d2ac5dad6bd2ecaa8839789,216d556adea74957e2e03b573928c3fbe6bf6ae20d2ac5dad6bd2ecaa8839789,True,216d556adea74957e2e03b573928c3fbe6bf6ae20d2ac5dad6bd2ecaa8839789,216d556adea74957e2e03b573928c3fbe6bf6ae20d2ac5dad6bd2ecaa8839789,True,,,,True,322422,installed byte-identically in paired C/Python trees
aerosol_ahmad2010_paper,aerosol_ahmad2010_paper_mie/A2010ver_r75f02v01.mie,accepted_runtime_install,b6f788824ce2240e79bbbdf7707837139beaa4590e542101ce7a630bb486b109,b6f788824ce2240e79bbbdf7707837139beaa4590e542101ce7a630bb486b109,True,b6f788824ce2240e79bbbdf7707837139beaa4590e542101ce7a630bb486b109,b6f788824ce2240e79bbbdf7707837139beaa4590e542101ce7a630bb486b109,True,,,,True,322422,installed byte-identically in paired C/Python trees
aerosol_ahmad2010_paper,aerosol_ahmad2010_paper_mie/A2010ver_r75f05v01.mie,accepted_runtime_install,d4142f394c6b2b4c1cabadb3221dc66d765b5e5f9ddaeeb79051e526f390d2ca,d4142f394c6b2b4c1cabadb3221dc66d765b5e5f9ddaeeb79051e526f390d2ca,True,d4142f394c6b2b4c1cabadb3221dc66d765b5e5f9ddaeeb79051e526f390d2ca,d4142f394c6b2b4c1cabadb3221dc66d765b5e5f9ddaeeb79051e526f390d2ca,True,,,,True,322422,installed byte-identically in paired C/Python trees
aerosol_ahmad2010_paper,aerosol_ahmad2010_paper_mie/A2010ver_r75f10v01.mie,accepted_runtime_install,acaf82e604f53302dc7d790a08b7e3798fa6c7cf2c2260e9334e405abe6174a0,acaf82e604f53302dc7d790a08b7e3798fa6c7cf2c2260e9334e405abe6174a0,True,acaf82e604f53302dc7d790a08b7e3798fa6c7cf2c2260e9334e405abe6174a0,acaf82e604f53302dc7d790a08b7e3798fa6c7cf2c2260e9334e405abe6174a0,True,,,,True,322422,installed byte-identically in paired C/Python trees
aerosol_ahmad2010_paper,aerosol_ahmad2010_paper_mie/A2010ver_r75f20v01.mie,accepted_runtime_install,8feeeaf8470de9817823a8a86ea15deee5aca6601ee7433fe20d89f40dd2cbdf,8feeeaf8470de9817823a8a86ea15deee5aca6601ee7433fe20d89f40dd2cbdf,True,8feeeaf8470de9817823a8a86ea15deee5aca6601ee7433fe20d89f40dd2cbdf,8feeeaf8470de9817823a8a86ea15deee5aca6601ee7433fe20d89f40dd2cbdf,True,,,,True,322422,installed byte-identically in paired C/Python trees
aerosol_ahmad2010_paper,aerosol_ahmad2010_paper_mie/A2010ver_r75f30v01.mie,accepted_runtime_install,d4fc78a3302fcdb3fdf706d5777abbed3a62d3728883f61949e7820c35aec425,d4fc78a3302fcdb3fdf706d5777abbed3a62d3728883f61949e7820c35aec425,True,d4fc78a3302fcdb3fdf706d5777abbed3a62d3728883f61949e7820c35aec425,d4fc78a3302fcdb3fdf706d5777abbed3a62d3728883f61949e7820c35aec425,True,,,,True,322422,installed byte-identically in paired C/Python trees
aerosol_ahmad2010_paper,aerosol_ahmad2010_paper_mie/A2010ver_r75f50v01.mie,accepted_runtime_install,5e0f119edd65579795bed853f7cf4ceecad3acf67278913edb2a7f0287d7c7ca,5e0f119edd65579795bed853f7cf4ceecad3acf67278913edb2a7f0287d7c7ca,True,5e0f119edd65579795bed853f7cf4ceecad3acf67278913edb2a7f0287d7c7ca,5e0f119edd65579795bed853f7cf4ceecad3acf67278913edb2a7f0287d7c7ca,True,,,,True,322422,installed byte-identically in paired C/Python trees
aerosol_ahmad2010_paper,aerosol_ahmad2010_paper_mie/A2010ver_r75f80v01.mie,accepted_runtime_install,40376d13d58f38048a73cffb7cc7d293ad120611d879edf720ab1c790881b8fb,40376d13d58f38048a73cffb7cc7d293ad120611d879edf720ab1c790881b8fb,True,40376d13d58f38048a73cffb7cc7d293ad120611d879edf720ab1c790881b8fb,40376d13d58f38048a73cffb7cc7d293ad120611d879edf720ab1c790881b8fb,True,,,,True,322422,installed byte-identically in paired C/Python trees
aerosol_ahmad2010_paper,aerosol_ahmad2010_paper_mie/A2010ver_r75f95v01.mie,accepted_runtime_install,b441a9fc1935a4435ee14a013c3bf0bcb619ce7ad32e9a0db4c9654d72ab0a85,b441a9fc1935a4435ee14a013c3bf0bcb619ce7ad32e9a0db4c9654d72ab0a85,True,b441a9fc1935a4435ee14a013c3bf0bcb619ce7ad32e9a0db4c9654d72ab0a85,b441a9fc1935a4435ee14a013c3bf0bcb619ce7ad32e9a0db4c9654d72ab0a85,True,,,,True,322422,installed byte-identically in paired C/Python trees
aerosol_ahmad2010_paper,aerosol_ahmad2010_paper_mie/A2010ver_r80f00v01.mie,accepted_runtime_install,116293226891059b96d7c635f6bdfda1a2453680b85d71b8893d041301ad58d7,116293226891059b96d7c635f6bdfda1a2453680b85d71b8893d041301ad58d7,True,116293226891059b96d7c635f6bdfda1a2453680b85d71b8893d041301ad58d7,116293226891059b96d7c635f6bdfda1a2453680b85d71b8893d041301ad58d7,True,,,,True,322422,installed byte-identically in paired C/Python trees
aerosol_ahmad2010_paper,aerosol_ahmad2010_paper_mie/A2010ver_r80f01v01.mie,accepted_runtime_install,05b6b559c50911e7f30309626ec38e181263b2d84b7b0473db11796a2b3a11dc,05b6b559c50911e7f30309626ec38e181263b2d84b7b0473db11796a2b3a11dc,True,05b6b559c50911e7f30309626ec38e181263b2d84b7b0473db11796a2b3a11dc,05b6b559c50911e7f30309626ec38e181263b2d84b7b0473db11796a2b3a11dc,True,,,,True,322422,installed byte-identically in paired C/Python trees
aerosol_ahmad2010_paper,aerosol_ahmad2010_paper_mie/A2010ver_r80f02v01.mie,accepted_runtime_install,89cdd705410f56d95b32148ea767d4655058709f5780599912923ae19aa469e1,89cdd705410f56d95b32148ea767d4655058709f5780599912923ae19aa469e1,True,89cdd705410f56d95b32148ea767d4655058709f5780599912923ae19aa469e1,89cdd705410f56d95b32148ea767d4655058709f5780599912923ae19aa469e1,True,,,,True,322422,installed byte-identically in paired C/Python trees
aerosol_ahmad2010_paper,aerosol_ahmad2010_paper_mie/A2010ver_r80f05v01.mie,accepted_runtime_install,3c69750075154c1e47b68fae2e5df6c4fd4108da767d96c31ddfd67382b03339,3c69750075154c1e47b68fae2e5df6c4fd4108da767d96c31ddfd67382b03339,True,3c69750075154c1e47b68fae2e5df6c4fd4108da767d96c31ddfd67382b03339,3c69750075154c1e47b68fae2e5df6c4fd4108da767d96c31ddfd67382b03339,True,,,,True,322422,installed byte-identically in paired C/Python trees
aerosol_ahmad2010_paper,aerosol_ahmad2010_paper_mie/A2010ver_r80f10v01.mie,accepted_runtime_install,715fcc2f63481cbdfe2c27794c81319dcd8436090955082ad70b9958bc702897,715fcc2f63481cbdfe2c27794c81319dcd8436090955082ad70b9958bc702897,True,715fcc2f63481cbdfe2c27794c81319dcd8436090955082ad70b9958bc702897,715fcc2f63481cbdfe2c27794c81319dcd8436090955082ad70b9958bc702897,True,,,,True,322422,installed byte-identically in paired C/Python trees
aerosol_ahmad2010_paper,aerosol_ahmad2010_paper_mie/A2010ver_r80f20v01.mie,accepted_runtime_install,7dfccceedfe63be7ec49f22e3b13582388cfe38c5395732dd8a239d6d76e36a2,7dfccceedfe63be7ec49f22e3b13582388cfe38c5395732dd8a239d6d76e36a2,True,7dfccceedfe63be7ec49f22e3b13582388cfe38c5395732dd8a239d6d76e36a2,7dfccceedfe63be7ec49f22e3b13582388cfe38c5395732dd8a239d6d76e36a2,True,,,,True,322422,installed byte-identically in paired C/Python trees
aerosol_ahmad2010_paper,aerosol_ahmad2010_paper_mie/A2010ver_r80f30v01.mie,accepted_runtime_install,b256656fb67b3bbed12c2deadc7a644cd94dfa7c91059b04e58c98293a9a8cc1,b256656fb67b3bbed12c2deadc7a644cd94dfa7c91059b04e58c98293a9a8cc1,True,b256656fb67b3bbed12c2deadc7a644cd94dfa7c91059b04e58c98293a9a8cc1,b256656fb67b3bbed12c2deadc7a644cd94dfa7c91059b04e58c98293a9a8cc1,True,,,,True,322422,installed byte-identically in paired C/Python trees
aerosol_ahmad2010_paper,aerosol_ahmad2010_paper_mie/A2010ver_r80f50v01.mie,accepted_runtime_install,834c44749f50ea3a39bfb3ef77caed1b60159e56eeed8218fb9e869f1b0bac59,834c44749f50ea3a39bfb3ef77caed1b60159e56eeed8218fb9e869f1b0bac59,True,834c44749f50ea3a39bfb3ef77caed1b60159e56eeed8218fb9e869f1b0bac59,834c44749f50ea3a39bfb3ef77caed1b60159e56eeed8218fb9e869f1b0bac59,True,,,,True,322422,installed byte-identically in paired C/Python trees
aerosol_ahmad2010_paper,aerosol_ahmad2010_paper_mie/A2010ver_r80f80v01.mie,accepted_runtime_install,9005fcc8d026834dc6beb56e6ba70956cf43f6727836cf17083d67f629a6154a,9005fcc8d026834dc6beb56e6ba70956cf43f6727836cf17083d67f629a6154a,True,9005fcc8d026834dc6beb56e6ba70956cf43f6727836cf17083d67f629a6154a,9005fcc8d026834dc6beb56e6ba70956cf43f6727836cf17083d67f629a6154a,True,,,,True,322422,installed byte-identically in paired C/Python trees
aerosol_ahmad2010_paper,aerosol_ahmad2010_paper_mie/A2010ver_r80f95v01.mie,accepted_runtime_install,ac42c1a8c90c19c01b582c628ce66a6e8d9bb4760afe18d199e77e30683ff983,ac42c1a8c90c19c01b582c628ce66a6e8d9bb4760afe18d199e77e30683ff983,True,ac42c1a8c90c19c01b582c628ce66a6e8d9bb4760afe18d199e77e30683ff983,ac42c1a8c90c19c01b582c628ce66a6e8d9bb4760afe18d199e77e30683ff983,True,,,,True,322422,installed byte-identically in paired C/Python trees
aerosol_ahmad2010_paper,aerosol_ahmad2010_paper_mie/A2010ver_r85f00v01.mie,accepted_runtime_install,3abd1990c3151b6d269c80f366e00de1b1780cd16fa9dc9fc2735d532aea3eb4,3abd1990c3151b6d269c80f366e00de1b1780cd16fa9dc9fc2735d532aea3eb4,True,3abd1990c3151b6d269c80f366e00de1b1780cd16fa9dc9fc2735d532aea3eb4,3abd1990c3151b6d269c80f366e00de1b1780cd16fa9dc9fc2735d532aea3eb4,True,,,,True,322422,installed byte-identically in paired C/Python trees
aerosol_ahmad2010_paper,aerosol_ahmad2010_paper_mie/A2010ver_r85f01v01.mie,accepted_runtime_install,94ba2839fad28e42f48c61d9ded955597168d66b32ce05e0bc2807a40dfe0755,94ba2839fad28e42f48c61d9ded955597168d66b32ce05e0bc2807a40dfe0755,True,94ba2839fad28e42f48c61d9ded955597168d66b32ce05e0bc2807a40dfe0755,94ba2839fad28e42f48c61d9ded955597168d66b32ce05e0bc2807a40dfe0755,True,,,,True,322422,installed byte-identically in paired C/Python trees
aerosol_ahmad2010_paper,aerosol_ahmad2010_paper_mie/A2010ver_r85f02v01.mie,accepted_runtime_install,7cec6972bf3540883da4b8dc92e68a83c275039881487b936fb94a0893ae99a4,7cec6972bf3540883da4b8dc92e68a83c275039881487b936fb94a0893ae99a4,True,7cec6972bf3540883da4b8dc92e68a83c275039881487b936fb94a0893ae99a4,7cec6972bf3540883da4b8dc92e68a83c275039881487b936fb94a0893ae99a4,True,,,,True,322422,installed byte-identically in paired C/Python trees
aerosol_ahmad2010_paper,aerosol_ahmad2010_paper_mie/A2010ver_r85f05v01.mie,accepted_runtime_install,b50f93db9df905a4c2df4141ec4d6ba748d430c5c085649dd88c30ca505275a9,b50f93db9df905a4c2df4141ec4d6ba748d430c5c085649dd88c30ca505275a9,True,b50f93db9df905a4c2df4141ec4d6ba748d430c5c085649dd88c30ca505275a9,b50f93db9df905a4c2df4141ec4d6ba748d430c5c085649dd88c30ca505275a9,True,,,,True,322422,installed byte-identically in paired C/Python trees
aerosol_ahmad2010_paper,aerosol_ahmad2010_paper_mie/A2010ver_r85f10v01.mie,accepted_runtime_install,fe417f178f1b1f85977cc528a20bc79d636f4abd736d54de81a05953741b956b,fe417f178f1b1f85977cc528a20bc79d636f4abd736d54de81a05953741b956b,True,fe417f178f1b1f85977cc528a20bc79d636f4abd736d54de81a05953741b956b,fe417f178f1b1f85977cc528a20bc79d636f4abd736d54de81a05953741b956b,True,,,,True,322422,installed byte-identically in paired C/Python trees
aerosol_ahmad2010_paper,aerosol_ahmad2010_paper_mie/A2010ver_r85f20v01.mie,accepted_runtime_install,488b23d76b43f1da7c21cafc8cdabeaf2b5e6687a7f8eba0e5d2a05862927a0b,488b23d76b43f1da7c21cafc8cdabeaf2b5e6687a7f8eba0e5d2a05862927a0b,True,488b23d76b43f1da7c21cafc8cdabeaf2b5e6687a7f8eba0e5d2a05862927a0b,488b23d76b43f1da7c21cafc8cdabeaf2b5e6687a7f8eba0e5d2a05862927a0b,True,,,,True,322422,installed byte-identically in paired C/Python trees
aerosol_ahmad2010_paper,aerosol_ahmad2010_paper_mie/A2010ver_r85f30v01.mie,accepted_runtime_install,1a4ac7d369de313943d15f1261f7329be0d346e866a21ccd5842fec8436281e6,1a4ac7d369de313943d15f1261f7329be0d346e866a21ccd5842fec8436281e6,True,1a4ac7d369de313943d15f1261f7329be0d346e866a21ccd5842fec8436281e6,1a4ac7d369de313943d15f1261f7329be0d346e866a21ccd5842fec8436281e6,True,,,,True,322422,installed byte-identically in paired C/Python trees
aerosol_ahmad2010_paper,aerosol_ahmad2010_paper_mie/A2010ver_r85f50v01.mie,accepted_runtime_install,76df7c28fd97f415aa5a2d55c640f81366518860ca877b7de33b1c3cef4900ee,76df7c28fd97f415aa5a2d55c640f81366518860ca877b7de33b1c3cef4900ee,True,76df7c28fd97f415aa5a2d55c640f81366518860ca877b7de33b1c3cef4900ee,76df7c28fd97f415aa5a2d55c640f81366518860ca877b7de33b1c3cef4900ee,True,,,,True,322422,installed byte-identically in paired C/Python trees
aerosol_ahmad2010_paper,aerosol_ahmad2010_paper_mie/A2010ver_r85f80v01.mie,accepted_runtime_install,9561f82a23fe08cc1323499d27e60fdfbb38700c7b0fe3cd3a1e797b5a9702bb,9561f82a23fe08cc1323499d27e60fdfbb38700c7b0fe3cd3a1e797b5a9702bb,True,9561f82a23fe08cc1323499d27e60fdfbb38700c7b0fe3cd3a1e797b5a9702bb,9561f82a23fe08cc1323499d27e60fdfbb38700c7b0fe3cd3a1e797b5a9702bb,True,,,,True,322422,installed byte-identically in paired C/Python trees
aerosol_ahmad2010_paper,aerosol_ahmad2010_paper_mie/A2010ver_r85f95v01.mie,accepted_runtime_install,f15b5bf8ba8360ec25b4dd3eb62f193358d36fd7eeb6509fd7ad8c59ae3014f9,f15b5bf8ba8360ec25b4dd3eb62f193358d36fd7eeb6509fd7ad8c59ae3014f9,True,f15b5bf8ba8360ec25b4dd3eb62f193358d36fd7eeb6509fd7ad8c59ae3014f9,f15b5bf8ba8360ec25b4dd3eb62f193358d36fd7eeb6509fd7ad8c59ae3014f9,True,,,,True,322422,installed byte-identically in paired C/Python trees
aerosol_ahmad2010_paper,aerosol_ahmad2010_paper_mie/A2010ver_r90f00v01.mie,accepted_runtime_install,e92cfe61425b757b20b64447a4d6658a4a88cbeb4b53b19bbcb67821b30cb120,e92cfe61425b757b20b64447a4d6658a4a88cbeb4b53b19bbcb67821b30cb120,True,e92cfe61425b757b20b64447a4d6658a4a88cbeb4b53b19bbcb67821b30cb120,e92cfe61425b757b20b64447a4d6658a4a88cbeb4b53b19bbcb67821b30cb120,True,,,,True,322422,installed byte-identically in paired C/Python trees
aerosol_ahmad2010_paper,aerosol_ahmad2010_paper_mie/A2010ver_r90f01v01.mie,accepted_runtime_install,e0b4f5f86fddf96eb39bf6689570d29ce35c79efe66c6095b44b6ff6533aff69,e0b4f5f86fddf96eb39bf6689570d29ce35c79efe66c6095b44b6ff6533aff69,True,e0b4f5f86fddf96eb39bf6689570d29ce35c79efe66c6095b44b6ff6533aff69,e0b4f5f86fddf96eb39bf6689570d29ce35c79efe66c6095b44b6ff6533aff69,True,,,,True,322422,installed byte-identically in paired C/Python trees
aerosol_ahmad2010_paper,aerosol_ahmad2010_paper_mie/A2010ver_r90f02v01.mie,accepted_runtime_install,20996c674b71bf6c8e6c875687ac2dc8ff8f706ad3fe614f95c81acfcbc1c019,20996c674b71bf6c8e6c875687ac2dc8ff8f706ad3fe614f95c81acfcbc1c019,True,20996c674b71bf6c8e6c875687ac2dc8ff8f706ad3fe614f95c81acfcbc1c019,20996c674b71bf6c8e6c875687ac2dc8ff8f706ad3fe614f95c81acfcbc1c019,True,,,,True,322422,installed byte-identically in paired C/Python trees
aerosol_ahmad2010_paper,aerosol_ahmad2010_paper_mie/A2010ver_r90f05v01.mie,accepted_runtime_install,c473b3a9271cb025670cb3b190f49be845ab2a23f28c365aa10dfa1720bd6319,c473b3a9271cb025670cb3b190f49be845ab2a23f28c365aa10dfa1720bd6319,True,c473b3a9271cb025670cb3b190f49be845ab2a23f28c365aa10dfa1720bd6319,c473b3a9271cb025670cb3b190f49be845ab2a23f28c365aa10dfa1720bd6319,True,,,,True,322422,installed byte-identically in paired C/Python trees
aerosol_ahmad2010_paper,aerosol_ahmad2010_paper_mie/A2010ver_r90f10v01.mie,accepted_runtime_install,1ba7073c298dc7d4c49301cab923773531c57d45cbbb71f1619092593cd71a27,1ba7073c298dc7d4c49301cab923773531c57d45cbbb71f1619092593cd71a27,True,1ba7073c298dc7d4c49301cab923773531c57d45cbbb71f1619092593cd71a27,1ba7073c298dc7d4c49301cab923773531c57d45cbbb71f1619092593cd71a27,True,,,,True,322422,installed byte-identically in paired C/Python trees
aerosol_ahmad2010_paper,aerosol_ahmad2010_paper_mie/A2010ver_r90f20v01.mie,accepted_runtime_install,a9b05b23842ac782033f9bdcdd14e91e038f827edeb8cdb7e38ec0bf4aa47dd4,a9b05b23842ac782033f9bdcdd14e91e038f827edeb8cdb7e38ec0bf4aa47dd4,True,a9b05b23842ac782033f9bdcdd14e91e038f827edeb8cdb7e38ec0bf4aa47dd4,a9b05b23842ac782033f9bdcdd14e91e038f827edeb8cdb7e38ec0bf4aa47dd4,True,,,,True,322422,installed byte-identically in paired C/Python trees
aerosol_ahmad2010_paper,aerosol_ahmad2010_paper_mie/A2010ver_r90f30v01.mie,accepted_runtime_install,fa2dfd369a3a8df3578cfcabc602e2a6d40c76d98a71255108b8de69c0b74418,fa2dfd369a3a8df3578cfcabc602e2a6d40c76d98a71255108b8de69c0b74418,True,fa2dfd369a3a8df3578cfcabc602e2a6d40c76d98a71255108b8de69c0b74418,fa2dfd369a3a8df3578cfcabc602e2a6d40c76d98a71255108b8de69c0b74418,True,,,,True,322422,installed byte-identically in paired C/Python trees
aerosol_ahmad2010_paper,aerosol_ahmad2010_paper_mie/A2010ver_r90f50v01.mie,accepted_runtime_install,d52926854d4f582f90d17bac61df5fbb9c2fbcd34d41d615d15bf7f3bfb70c47,d52926854d4f582f90d17bac61df5fbb9c2fbcd34d41d615d15bf7f3bfb70c47,True,d52926854d4f582f90d17bac61df5fbb9c2fbcd34d41d615d15bf7f3bfb70c47,d52926854d4f582f90d17bac61df5fbb9c2fbcd34d41d615d15bf7f3bfb70c47,True,,,,True,322422,installed byte-identically in paired C/Python trees
aerosol_ahmad2010_paper,aerosol_ahmad2010_paper_mie/A2010ver_r90f80v01.mie,accepted_runtime_install,f20b028c861aebdc94a473dff1a94875cabd8d28d1b05764fb4ccbe3395d05bf,f20b028c861aebdc94a473dff1a94875cabd8d28d1b05764fb4ccbe3395d05bf,True,f20b028c861aebdc94a473dff1a94875cabd8d28d1b05764fb4ccbe3395d05bf,f20b028c861aebdc94a473dff1a94875cabd8d28d1b05764fb4ccbe3395d05bf,True,,,,True,322422,installed byte-identically in paired C/Python trees
aerosol_ahmad2010_paper,aerosol_ahmad2010_paper_mie/A2010ver_r90f95v01.mie,accepted_runtime_install,96fa63041cc6e50137c2caa40407fb258d65f967cdc51d98b1570712e9f3efbd,96fa63041cc6e50137c2caa40407fb258d65f967cdc51d98b1570712e9f3efbd,True,96fa63041cc6e50137c2caa40407fb258d65f967cdc51d98b1570712e9f3efbd,96fa63041cc6e50137c2caa40407fb258d65f967cdc51d98b1570712e9f3efbd,True,,,,True,322422,installed byte-identically in paired C/Python trees
aerosol_ahmad2010_paper,aerosol_ahmad2010_paper_mie/A2010ver_r95f00v01.mie,accepted_runtime_install,1057c71c320698f750b028854bf37163f455c2dd5a95eea2ab2503c96915c620,1057c71c320698f750b028854bf37163f455c2dd5a95eea2ab2503c96915c620,True,1057c71c320698f750b028854bf37163f455c2dd5a95eea2ab2503c96915c620,1057c71c320698f750b028854bf37163f455c2dd5a95eea2ab2503c96915c620,True,,,,True,322422,installed byte-identically in paired C/Python trees
aerosol_ahmad2010_paper,aerosol_ahmad2010_paper_mie/A2010ver_r95f01v01.mie,accepted_runtime_install,5dcd616bc101dbcd68f89f16a87bbb70ca3e9cccb68e4cd0fe241f0c64e36c6f,5dcd616bc101dbcd68f89f16a87bbb70ca3e9cccb68e4cd0fe241f0c64e36c6f,True,5dcd616bc101dbcd68f89f16a87bbb70ca3e9cccb68e4cd0fe241f0c64e36c6f,5dcd616bc101dbcd68f89f16a87bbb70ca3e9cccb68e4cd0fe241f0c64e36c6f,True,,,,True,322422,installed byte-identically in paired C/Python trees
aerosol_ahmad2010_paper,aerosol_ahmad2010_paper_mie/A2010ver_r95f02v01.mie,accepted_runtime_install,fecd97ee38b3912823b3d2cb7c9d722728aa6b45e19732c4e2307e2b21043a6f,fecd97ee38b3912823b3d2cb7c9d722728aa6b45e19732c4e2307e2b21043a6f,True,fecd97ee38b3912823b3d2cb7c9d722728aa6b45e19732c4e2307e2b21043a6f,fecd97ee38b3912823b3d2cb7c9d722728aa6b45e19732c4e2307e2b21043a6f,True,,,,True,322422,installed byte-identically in paired C/Python trees
aerosol_ahmad2010_paper,aerosol_ahmad2010_paper_mie/A2010ver_r95f05v01.mie,accepted_runtime_install,a3c54d3fc75c4097d4ea836b666d8de5471c3d07ab454d74ab45ee134984453a,a3c54d3fc75c4097d4ea836b666d8de5471c3d07ab454d74ab45ee134984453a,True,a3c54d3fc75c4097d4ea836b666d8de5471c3d07ab454d74ab45ee134984453a,a3c54d3fc75c4097d4ea836b666d8de5471c3d07ab454d74ab45ee134984453a,True,,,,True,322422,installed byte-identically in paired C/Python trees
aerosol_ahmad2010_paper,aerosol_ahmad2010_paper_mie/A2010ver_r95f10v01.mie,accepted_runtime_install,4f85341326799e921512fde2878861883e7d9815b634909b66ce7fb2a2c1e4a8,4f85341326799e921512fde2878861883e7d9815b634909b66ce7fb2a2c1e4a8,True,4f85341326799e921512fde2878861883e7d9815b634909b66ce7fb2a2c1e4a8,4f85341326799e921512fde2878861883e7d9815b634909b66ce7fb2a2c1e4a8,True,,,,True,322422,installed byte-identically in paired C/Python trees
aerosol_ahmad2010_paper,aerosol_ahmad2010_paper_mie/A2010ver_r95f20v01.mie,accepted_runtime_install,baba0f00e722dede894d1013acea57f624431045f388d3581cb61a9c89b46481,baba0f00e722dede894d1013acea57f624431045f388d3581cb61a9c89b46481,True,baba0f00e722dede894d1013acea57f624431045f388d3581cb61a9c89b46481,baba0f00e722dede894d1013acea57f624431045f388d3581cb61a9c89b46481,True,,,,True,322422,installed byte-identically in paired C/Python trees
aerosol_ahmad2010_paper,aerosol_ahmad2010_paper_mie/A2010ver_r95f30v01.mie,accepted_runtime_install,2160548c8933826259329ee71fccbd3bbfc79c1e7e75b0123c5799002be4ad5b,2160548c8933826259329ee71fccbd3bbfc79c1e7e75b0123c5799002be4ad5b,True,2160548c8933826259329ee71fccbd3bbfc79c1e7e75b0123c5799002be4ad5b,2160548c8933826259329ee71fccbd3bbfc79c1e7e75b0123c5799002be4ad5b,True,,,,True,322422,installed byte-identically in paired C/Python trees
aerosol_ahmad2010_paper,aerosol_ahmad2010_paper_mie/A2010ver_r95f50v01.mie,accepted_runtime_install,15b6684a60ffc6671dba2f99ae63a286f2bcfade710f80b62aa416c6530680dd,15b6684a60ffc6671dba2f99ae63a286f2bcfade710f80b62aa416c6530680dd,True,15b6684a60ffc6671dba2f99ae63a286f2bcfade710f80b62aa416c6530680dd,15b6684a60ffc6671dba2f99ae63a286f2bcfade710f80b62aa416c6530680dd,True,,,,True,322422,installed byte-identically in paired C/Python trees
aerosol_ahmad2010_paper,aerosol_ahmad2010_paper_mie/A2010ver_r95f80v01.mie,accepted_runtime_install,159def4f6410da41be97414c1bb62dd7209df5bace65b0323105d71bc0b4966c,159def4f6410da41be97414c1bb62dd7209df5bace65b0323105d71bc0b4966c,True,159def4f6410da41be97414c1bb62dd7209df5bace65b0323105d71bc0b4966c,159def4f6410da41be97414c1bb62dd7209df5bace65b0323105d71bc0b4966c,True,,,,True,322422,installed byte-identically in paired C/Python trees
aerosol_ahmad2010_paper,aerosol_ahmad2010_paper_mie/A2010ver_r95f95v01.mie,accepted_runtime_install,2cd87ec797020d6b4ca3417454df94c9ddd2d17f0ad643311231bdf72d6bb830,2cd87ec797020d6b4ca3417454df94c9ddd2d17f0ad643311231bdf72d6bb830,True,2cd87ec797020d6b4ca3417454df94c9ddd2d17f0ad643311231bdf72d6bb830,2cd87ec797020d6b4ca3417454df94c9ddd2d17f0ad643311231bdf72d6bb830,True,,,,True,322422,installed byte-identically in paired C/Python trees
ahn_mineral_mie,tsm_ahn/Brown_earth_AHN.mie,accepted_runtime_install,18439d8b8062b788b7d7359706c119063c4237f1aab7105d1606d458c737c7da,18439d8b8062b788b7d7359706c119063c4237f1aab7105d1606d458c737c7da,True,18439d8b8062b788b7d7359706c119063c4237f1aab7105d1606d458c737c7da,18439d8b8062b788b7d7359706c119063c4237f1aab7105d1606d458c737c7da,True,,,,True,406074,installed byte-identically in paired C/Python trees
ahn_mineral_mie,tsm_ahn/Calcareous_sand_AHN.mie,accepted_runtime_install,db9d91e150c6794663f2a74c18ff74017fb15900f3b21d9f3357b39dc2948a3f,db9d91e150c6794663f2a74c18ff74017fb15900f3b21d9f3357b39dc2948a3f,True,db9d91e150c6794663f2a74c18ff74017fb15900f3b21d9f3357b39dc2948a3f,db9d91e150c6794663f2a74c18ff74017fb15900f3b21d9f3357b39dc2948a3f,True,,,,True,406074,installed byte-identically in paired C/Python trees
ahn_mineral_mie,tsm_ahn/Red_clay_AHN.mie,accepted_runtime_install,48ac4bb17c1874174a125f3306ae493663bb19b9be221e936c5f271ca715000c,48ac4bb17c1874174a125f3306ae493663bb19b9be221e936c5f271ca715000c,True,48ac4bb17c1874174a125f3306ae493663bb19b9be221e936c5f271ca715000c,48ac4bb17c1874174a125f3306ae493663bb19b9be221e936c5f271ca715000c,True,,,,True,406074,installed byte-identically in paired C/Python trees
ahn_mineral_mie,tsm_ahn/Yellow_clay_AHN.mie,accepted_runtime_install,b4a6aefa7cf9d80d9995e81d03ffb2489e40bfae0014f7dc030228aac69c8901,b4a6aefa7cf9d80d9995e81d03ffb2489e40bfae0014f7dc030228aac69c8901,True,b4a6aefa7cf9d80d9995e81d03ffb2489e40bfae0014f7dc030228aac69c8901,b4a6aefa7cf9d80d9995e81d03ffb2489e40bfae0014f7dc030228aac69c8901,True,,,,True,406074,installed byte-identically in paired C/Python trees
ahn_mineral_scalar,tsm_ahn/astarmin_brownearth.txt,accepted_runtime_install,32be93e670188ed28865ac55defd2ac67307564977701a8c8f622f514b413441,32be93e670188ed28865ac55defd2ac67307564977701a8c8f622f514b413441,True,32be93e670188ed28865ac55defd2ac67307564977701a8c8f622f514b413441,32be93e670188ed28865ac55defd2ac67307564977701a8c8f622f514b413441,True,,,,True,24844,installed byte-identically in paired C/Python trees
ahn_mineral_scalar,tsm_ahn/astarmin_calcareoussand.txt,accepted_runtime_install,144abf963675febcc737f33448f03838f943269200e95f2bd893cc8a01ce516c,144abf963675febcc737f33448f03838f943269200e95f2bd893cc8a01ce516c,True,144abf963675febcc737f33448f03838f943269200e95f2bd893cc8a01ce516c,144abf963675febcc737f33448f03838f943269200e95f2bd893cc8a01ce516c,True,,,,True,24856,installed byte-identically in paired C/Python trees
ahn_mineral_scalar,tsm_ahn/astarmin_redclay.txt,accepted_runtime_install,8cf139c9d4e27eb0e376f278ba52bd4a3935c5694b3b55842c903b536c8e83ad,8cf139c9d4e27eb0e376f278ba52bd4a3935c5694b3b55842c903b536c8e83ad,True,8cf139c9d4e27eb0e376f278ba52bd4a3935c5694b3b55842c903b536c8e83ad,8cf139c9d4e27eb0e376f278ba52bd4a3935c5694b3b55842c903b536c8e83ad,True,,,,True,24835,installed byte-identically in paired C/Python trees
ahn_mineral_scalar,tsm_ahn/astarmin_yellowclay.txt,accepted_runtime_install,02cd09c2abbb726dc466d9dccf8b3b6bdb339c418f7ab764e14b34c854c9aed4,02cd09c2abbb726dc466d9dccf8b3b6bdb339c418f7ab764e14b34c854c9aed4,True,02cd09c2abbb726dc466d9dccf8b3b6bdb339c418f7ab764e14b34c854c9aed4,02cd09c2abbb726dc466d9dccf8b3b6bdb339c418f7ab764e14b34c854c9aed4,True,,,,True,24844,installed byte-identically in paired C/Python trees
ahn_mineral_scalar,tsm_ahn/bstarmin_brownearth.txt,accepted_runtime_install,f82c8be23a2733ac0520cb8a02920df5ebbf727b71ef1af927fc29d8069ed2cc,f82c8be23a2733ac0520cb8a02920df5ebbf727b71ef1af927fc29d8069ed2cc,True,f82c8be23a2733ac0520cb8a02920df5ebbf727b71ef1af927fc29d8069ed2cc,f82c8be23a2733ac0520cb8a02920df5ebbf727b71ef1af927fc29d8069ed2cc,True,,,,True,24843,installed byte-identically in paired C/Python trees
ahn_mineral_scalar,tsm_ahn/bstarmin_calcareoussand.txt,accepted_runtime_install,c4a6fb46c09a444222283308dae02c5c5d764f4745a245a4f8fcb50b013b6115,c4a6fb46c09a444222283308dae02c5c5d764f4745a245a4f8fcb50b013b6115,True,c4a6fb46c09a444222283308dae02c5c5d764f4745a245a4f8fcb50b013b6115,c4a6fb46c09a444222283308dae02c5c5d764f4745a245a4f8fcb50b013b6115,True,,,,True,24854,installed byte-identically in paired C/Python trees
ahn_mineral_scalar,tsm_ahn/bstarmin_redclay.txt,accepted_runtime_install,9a24f7c3ce8556493c23722cd228f308aa07f860a5cc484ecee6300d8a4810f7,9a24f7c3ce8556493c23722cd228f308aa07f860a5cc484ecee6300d8a4810f7,True,9a24f7c3ce8556493c23722cd228f308aa07f860a5cc484ecee6300d8a4810f7,9a24f7c3ce8556493c23722cd228f308aa07f860a5cc484ecee6300d8a4810f7,True,,,,True,24833,installed byte-identically in paired C/Python trees
ahn_mineral_scalar,tsm_ahn/bstarmin_yellowclay.txt,accepted_runtime_install,7336387f71aa16a0ce563a03626e4ff694e08b1243ecfd5e81136d246f2d4460,7336387f71aa16a0ce563a03626e4ff694e08b1243ecfd5e81136d246f2d4460,True,7336387f71aa16a0ce563a03626e4ff694e08b1243ecfd5e81136d246f2d4460,7336387f71aa16a0ce563a03626e4ff694e08b1243ecfd5e81136d246f2d4460,True,,,,True,24843,installed byte-identically in paired C/Python trees
detritus_mie,water_iop/Detritus_Stramski2001.mie,rejected_candidate_archived,3c88824db36a098cf8b58e3d36f160ed7a44b61570ec46e99c9277470ac21a60,3c88824db36a098cf8b58e3d36f160ed7a44b61570ec46e99c9277470ac21a60,True,0202c29d7a3f050d88715766a37ef7080cbf709ef5a6e69c1ab645171e61f516,0202c29d7a3f050d88715766a37ef7080cbf709ef5a6e69c1ab645171e61f516,True,3c88824db36a098cf8b58e3d36f160ed7a44b61570ec46e99c9277470ac21a60,3c88824db36a098cf8b58e3d36f160ed7a44b61570ec46e99c9277470ac21a60,True,False,507778,330-1100 recipe candidate failed L=200/SOS matched-input gate; validated 350-850 legacy active and out-of-range Chl queries fail loudly
phytoplankton_absorption,water_iop/phyto_absorption_default.csv,accepted_runtime_install,58cfde5c27ed43cf3bbd8a3d9f4ea47b62541f6414647be65f5f954287c14a31,58cfde5c27ed43cf3bbd8a3d9f4ea47b62541f6414647be65f5f954287c14a31,True,58cfde5c27ed43cf3bbd8a3d9f4ea47b62541f6414647be65f5f954287c14a31,58cfde5c27ed43cf3bbd8a3d9f4ea47b62541f6414647be65f5f954287c14a31,True,,,,True,19516,installed byte-identically in paired C/Python trees
pure_water_temperature_correction,water_iop/psi_T_rottgers2014_OCRT.txt,accepted_runtime_install,9436aac66303f378caca69164b614da4b437c31d0415fe244c923fc93f8af2a7,9436aac66303f378caca69164b614da4b437c31d0415fe244c923fc93f8af2a7,True,9436aac66303f378caca69164b614da4b437c31d0415fe244c923fc93f8af2a7,9436aac66303f378caca69164b614da4b437c31d0415fe244c923fc93f8af2a7,True,,,,True,20730,installed byte-identically in paired C/Python trees
gas_xsec,xsec/xsec_ch4.dat,accepted_runtime_install,ab565b7776e14d550190e426502861ea9b849cc231218953f5ebce40c7e921bd,ab565b7776e14d550190e426502861ea9b849cc231218953f5ebce40c7e921bd,True,ab565b7776e14d550190e426502861ea9b849cc231218953f5ebce40c7e921bd,ab565b7776e14d550190e426502861ea9b849cc231218953f5ebce40c7e921bd,True,,,,True,442317,installed byte-identically in paired C/Python trees
gas_xsec,xsec/xsec_co2.dat,accepted_runtime_install,4b4852441de866d9a1d0db95e79ed282c4bb3978732bfb7160262b2ecaca0e50,4b4852441de866d9a1d0db95e79ed282c4bb3978732bfb7160262b2ecaca0e50,True,4b4852441de866d9a1d0db95e79ed282c4bb3978732bfb7160262b2ecaca0e50,4b4852441de866d9a1d0db95e79ed282c4bb3978732bfb7160262b2ecaca0e50,True,,,,True,442317,installed byte-identically in paired C/Python trees
gas_xsec,xsec/xsec_h2o.dat,accepted_runtime_install,c6d2f8513149effb929339424d64abcee7a86f06ccb88c6d233edffda0b5e2a1,c6d2f8513149effb929339424d64abcee7a86f06ccb88c6d233edffda0b5e2a1,True,c6d2f8513149effb929339424d64abcee7a86f06ccb88c6d233edffda0b5e2a1,c6d2f8513149effb929339424d64abcee7a86f06ccb88c6d233edffda0b5e2a1,True,,,,True,442367,installed byte-identically in paired C/Python trees
gas_xsec,xsec/xsec_no2.dat,accepted_runtime_install,b04f52335bef37905201bf236edabc7d3f32895d314c6b5ba5c8ebc07e694a47,b04f52335bef37905201bf236edabc7d3f32895d314c6b5ba5c8ebc07e694a47,True,b04f52335bef37905201bf236edabc7d3f32895d314c6b5ba5c8ebc07e694a47,b04f52335bef37905201bf236edabc7d3f32895d314c6b5ba5c8ebc07e694a47,True,,,,True,442517,installed byte-identically in paired C/Python trees
gas_xsec,xsec/xsec_o2.dat,accepted_runtime_install,aa94812bd061f04649a8d592b42aa5438ce604190cbebeb0f423c2f9c51267d6,aa94812bd061f04649a8d592b42aa5438ce604190cbebeb0f423c2f9c51267d6,True,aa94812bd061f04649a8d592b42aa5438ce604190cbebeb0f423c2f9c51267d6,aa94812bd061f04649a8d592b42aa5438ce604190cbebeb0f423c2f9c51267d6,True,,,,True,442316,installed byte-identically in paired C/Python trees
gas_xsec,xsec/xsec_o3.dat,accepted_runtime_install,39c33805a2f7fcb50a785c001caf7775253fa3819060b38145b47c0ec3b98d2d,39c33805a2f7fcb50a785c001caf7775253fa3819060b38145b47c0ec3b98d2d,True,39c33805a2f7fcb50a785c001caf7775253fa3819060b38145b47c0ec3b98d2d,39c33805a2f7fcb50a785c001caf7775253fa3819060b38145b47c0ec3b98d2d,True,,,,True,442358,installed byte-identically in paired C/Python trees
