vza,raa,julyOCRT_rrs0minus_I,julyOCRT_rrs0minus_Q,julyOCRT_rrs0minus_U,julyOCRT_Rrs0plus_I,julyOCRT_Rrs0plus_Q,julyOCRT_Rrs0plus_U,julyOSOAA_rrs0minus_I,julyOSOAA_rrs0minus_Q,julyOSOAA_rrs0minus_U,julyOSOAA_Rrs0plus_I,julyOSOAA_Rrs0plus_Q,julyOSOAA_Rrs0plus_U,curMoment_rrs0minus_I,curMoment_rrs0minus_Q,curMoment_rrs0minus_U,curMoment_Rrs0plus_I,curMoment_Rrs0plus_Q,curMoment_Rrs0plus_U,curDirect_rrs0minus_I,curDirect_rrs0minus_Q,curDirect_rrs0minus_U,curDirect_Rrs0plus_I,curDirect_Rrs0plus_Q,curDirect_Rrs0plus_U
0.0,0.0,2.6614704972e-02,-1.5635816174e-03,-3.8296704459e-19,1.4987685722e-02,-8.8050834704e-04,-2.1566234576e-19,2.6611918554e-02,-1.5725056828e-03,-7.7030314395e-19,1.4992852532e-02,-8.8564576832e-04,-4.3384228186e-19,2.6504675485e-02,-1.5582657491e-03,-3.8166503237e-19,1.4923236300e-02,-8.7736852336e-04,-2.1489331076e-19,2.6536924379e-02,7.8025738063e-03,-8.7735886313e-21,1.4942502591e-02,4.3935000775e-03,-4.9402624427e-21
0.0,15.0,2.6614704972e-02,-1.3541014016e-03,7.8179080870e-04,1.4987685722e-02,-7.6254259678e-04,4.4025417352e-04,2.6611918554e-02,-1.3618271281e-03,7.8625072017e-04,1.4992852532e-02,-7.6699105658e-04,4.4282060692e-04,2.6504675485e-02,-1.3494977246e-03,7.7913287455e-04,1.4923236300e-02,-7.5982342971e-04,4.3868426168e-04,2.6536924379e-02,7.8073728961e-03,1.7910446990e-05,1.4942502591e-02,4.3962023655e-03,1.0085076052e-05
0.0,30.0,2.6614704972e-02,-7.8179080870e-04,1.3541014016e-03,1.4987685722e-02,-4.4025417352e-04,7.6254259678e-04,2.6611918554e-02,-7.8625072017e-04,1.3618271281e-03,1.4992852532e-02,-4.4282060692e-04,7.6699105658e-04,2.6504675485e-02,-7.7913287455e-04,1.3494977246e-03,1.4923236300e-02,-4.3868426168e-04,7.5982342971e-04,2.6536924379e-02,7.8204842533e-03,3.1021804174e-05,1.4942502591e-02,4.4035851535e-03,1.7467864121e-05
0.0,45.0,2.6614704972e-02,-4.7870880574e-19,1.5635816174e-03,1.4987685722e-02,-2.6957793221e-19,8.8050834704e-04,2.6611918554e-02,-8.6659103694e-19,1.5725056828e-03,1.4992852532e-02,-4.9127335375e-19,8.8564576832e-04,2.6504675485e-02,-4.7708129046e-19,1.5582657491e-03,1.4923236300e-02,-2.6861663845e-19,8.7736852336e-04,2.6536924379e-02,7.8383947003e-03,3.5820893981e-05,1.4942502591e-02,4.4136702296e-03,2.0170152105e-05
0.0,60.0,2.6614704972e-02,7.8179080870e-04,1.3541014016e-03,1.4987685722e-02,4.4025417352e-04,7.6254259678e-04,2.6611918554e-02,7.8625072017e-04,1.3618271281e-03,1.4992852532e-02,4.4282060692e-04,7.6699105658e-04,2.6504675485e-02,7.7913287455e-04,1.3494977246e-03,1.4923236300e-02,4.3868426168e-04,7.5982342971e-04,2.6536924379e-02,7.8563051472e-03,3.1021804174e-05,1.4942502591e-02,4.4237553057e-03,1.7467864121e-05
0.0,75.0,2.6614704972e-02,1.3541014016e-03,7.8179080870e-04,1.4987685722e-02,7.6254259678e-04,4.4025417352e-04,2.6611918554e-02,1.3618271281e-03,7.8625072017e-04,1.4992852532e-02,7.6699105658e-04,4.4282060692e-04,2.6504675485e-02,1.3494977246e-03,7.7913287455e-04,1.4923236300e-02,7.5982342971e-04,4.3868426168e-04,2.6536924379e-02,7.8694165044e-03,1.7910446990e-05,1.4942502591e-02,4.4311380937e-03,1.0085076052e-05
0.0,90.0,2.6614704972e-02,1.5635816174e-03,5.7445056689e-19,1.4987685722e-02,8.8050834704e-04,3.2349351865e-19,2.6611918554e-02,1.5725056828e-03,9.6287892994e-19,1.4992852532e-02,8.8564576832e-04,5.4682968785e-19,2.6504675485e-02,1.5582657491e-03,5.7249754855e-19,1.4923236300e-02,8.7736852336e-04,3.2233996614e-19,2.6536924379e-02,7.8742155942e-03,-1.2689608196e-19,1.4942502591e-02,4.4338403817e-03,-7.1453081990e-20
0.0,105.0,2.6614704972e-02,1.3541014016e-03,-7.8179080870e-04,1.4987685722e-02,7.6254259678e-04,-4.4025417352e-04,2.6611918554e-02,1.3618271281e-03,-7.8625072017e-04,1.4992852532e-02,7.6699105658e-04,-4.4282060692e-04,2.6504675485e-02,1.3494977246e-03,-7.7913287455e-04,1.4923236300e-02,7.5982342971e-04,-4.3868426168e-04,2.6536924379e-02,7.8694165044e-03,-1.7910446990e-05,1.4942502591e-02,4.4311380937e-03,-1.0085076052e-05
0.0,120.0,2.6614704972e-02,7.8179080870e-04,-1.3541014016e-03,1.4987685722e-02,4.4025417352e-04,-7.6254259678e-04,2.6611918554e-02,7.8625072017e-04,-1.3618271281e-03,1.4992852532e-02,4.4282060692e-04,-7.6699105658e-04,2.6504675485e-02,7.7913287455e-04,-1.3494977246e-03,1.4923236300e-02,4.3868426168e-04,-7.5982342971e-04,2.6536924379e-02,7.8563051472e-03,-3.1021804174e-05,1.4942502591e-02,4.4237553057e-03,-1.7467864121e-05
0.0,135.0,2.6614704972e-02,6.7019232803e-19,-1.5635816174e-03,1.4987685722e-02,3.7740910509e-19,-8.8050834704e-04,2.6611918554e-02,3.8524957384e-18,-1.5725056828e-03,1.4992852532e-02,2.1729533087e-18,-8.8564576832e-04,2.6504675485e-02,6.6791380665e-19,-1.5582657491e-03,1.4923236300e-02,3.7606329383e-19,-8.7736852336e-04,2.6536924379e-02,7.8383947003e-03,-3.5820893981e-05,1.4942502591e-02,4.4136702296e-03,-2.0170152105e-05
0.0,150.0,2.6614704972e-02,-7.8179080870e-04,-1.3541014016e-03,1.4987685722e-02,-4.4025417352e-04,-7.6254259678e-04,2.6611918554e-02,-7.8625072017e-04,-1.3618271281e-03,1.4992852532e-02,-4.4282060692e-04,-7.6699105658e-04,2.6504675485e-02,-7.7913287455e-04,-1.3494977246e-03,1.4923236300e-02,-4.3868426168e-04,-7.5982342971e-04,2.6536924379e-02,7.8204842533e-03,-3.1021804174e-05,1.4942502591e-02,4.4035851535e-03,-1.7467864121e-05
0.0,165.0,2.6614704972e-02,-1.3541014016e-03,-7.8179080870e-04,1.4987685722e-02,-7.6254259678e-04,-4.4025417352e-04,2.6611918554e-02,-1.3618271281e-03,-7.8625072017e-04,1.4992852532e-02,-7.6699105658e-04,-4.4282060692e-04,2.6504675485e-02,-1.3494977246e-03,-7.7913287455e-04,1.4923236300e-02,-7.5982342971e-04,-4.3868426168e-04,2.6536924379e-02,7.8073728961e-03,-1.7910446990e-05,1.4942502591e-02,4.3962023655e-03,-1.0085076052e-05
0.0,180.0,2.6614704972e-02,-1.5635816174e-03,-7.6593408918e-19,1.4987685722e-02,-8.8050834704e-04,-4.3132469153e-19,2.6611918554e-02,-1.5725056828e-03,-3.8515242048e-19,1.4992852532e-02,-8.8564576832e-04,-2.1692028697e-19,2.6504675485e-02,-1.5582657491e-03,-7.6333006474e-19,1.4923236300e-02,-8.7736852336e-04,-4.2978662152e-19,2.6536924379e-02,7.8025738063e-03,-1.7547177263e-20,1.4942502591e-02,4.3935000775e-03,-9.8805248854e-21
5.0,0.0,2.6410869605e-02,-1.0696472446e-03,-3.1740023750e-19,1.4872740642e-02,-5.9869763359e-04,-1.7873922241e-19,2.6408710244e-02,-1.0804951213e-03,-3.1979628355e-19,1.4878095949e-02,-6.0497620674e-04,-1.8009707946e-19,2.6298140464e-02,-1.0658035713e-03,-3.1627946331e-19,1.4806790938e-02,-5.9644930453e-04,-1.7807838698e-19,2.6329108707e-02,-1.0696683676e-03,-3.1737029212e-19,1.4825326927e-02,-5.9866547996e-04,-1.7870582961e-19
5.0,15.0,2.6418677925e-02,-8.8003591162e-04,6.4384036392e-04,1.4877164046e-02,-4.9191974712e-04,3.6256912380e-04,2.6416530828e-02,-8.8965648217e-04,6.4876478040e-04,1.4882562867e-02,-4.9749795784e-04,3.6535556033e-04,2.6306096712e-02,-8.7686077824e-04,6.4157042685e-04,1.4811296801e-02,-4.9006561151e-04,3.6123062038e-04,2.6337078285e-02,-8.8009173101e-04,6.4378497728e-04,1.4829840718e-02,-4.9191698364e-04,3.6250440356e-04
5.0,30.0,2.6441824556e-02,-3.6459555630e-04,1.0908605767e-03,1.4890270124e-02,-2.0165396326e-04,6.1430190716e-04,2.6439650124e-02,-3.7083864422e-04,1.0995382973e-03,1.4895773808e-02,-2.0530053162e-04,6.1920595863e-04,2.6329542433e-02,-3.6322854093e-04,1.0870244646e-03,1.4824568844e-02,-2.0086621453e-04,6.1203962230e-04,2.6360681329e-02,-3.6472771357e-04,1.0908089568e-03,1.4843202572e-02,-2.0172096697e-04,6.1421602591e-04
5.0,45.0,2.6479415908e-02,3.3053401229e-04,1.1975361971e-03,1.4911535422e-02,1.8980313205e-04,6.7437469599e-04,2.6477192437e-02,3.2899836848e-04,1.2079070600e-03,1.4917165149e-02,1.8884720982e-04,6.8021075257e-04,2.6367427462e-02,3.2948680720e-04,1.1933313124e-03,1.4845995616e-02,1.8916636527e-04,6.7189476364e-04,2.6398975323e-02,3.3034758164e-04,1.1975550917e-03,1.4864861541e-02,1.8966946052e-04,6.7432296431e-04
5.0,60.0,2.6529802114e-02,1.0050851760e-03,9.1322416317e-04,1.4940003101e-02,5.6967357672e-04,5.1426860325e-04,2.6527782226e-02,1.0084254291e-03,9.2285276481e-04,1.4945769711e-02,5.7150169419e-04,5.1963297839e-04,2.6418562242e-02,1.0017145480e-03,9.0998751111e-04,1.4874879705e-02,5.6766541152e-04,5.1236051324e-04,2.6450220881e-02,1.0049080483e-03,9.1333890140e-04,1.4893810475e-02,5.6951012941e-04,5.1428564720e-04
5.0,75.0,2.6590437002e-02,1.4581443069e-03,2.9564150405e-04,1.4974211493e-02,8.2481549361e-04,1.6648611533e-04,2.6587290984e-02,1.4652914132e-03,3.0231122764e-04,1.4980455668e-02,8.2881992095e-04,1.7011041202e-04,2.6479647189e-02,1.4532194267e-03,2.9449827912e-04,1.4909335582e-02,8.2188975405e-04,1.6581468163e-04,2.6511835068e-02,1.4580416066e-03,2.9582685194e-04,1.4928567140e-02,8.2467049342e-04,1.6657508377e-04
5.0,90.0,2.6657825413e-02,1.5428236423e-03,-5.0224324634e-04,1.5012172005e-02,8.7251073752e-04,-2.8283081329e-04,2.6654501842e-02,1.5520324596e-03,-4.9992041158e-04,1.5018458529e-02,8.7750189440e-04,-2.8174651590e-04,2.6547887552e-02,1.5375876102e-03,-5.0068814862e-04,1.4947769407e-02,8.6940197443e-04,-2.8190808519e-04,2.6580233300e-02,1.5428210903e-03,-5.0204494340e-04,1.4967092768e-02,8.7241785784e-04,-2.8269299408e-04
5.0,105.0,2.6727610849e-02,1.2077512965e-03,-1.2711626218e-03,1.5051424223e-02,6.8382939086e-04,-7.1583632191e-04,2.6724220193e-02,1.2162921537e-03,-1.2733872264e-03,1.5057854863e-02,6.8845520536e-04,-7.1740372132e-04,2.6618198343e-02,1.2036217763e-03,-1.2670000933e-03,1.4987311033e-02,6.8137516295e-04,-7.1337332671e-04,2.6651052905e-02,1.2078387465e-03,-1.2710046370e-03,1.5006923692e-02,6.8380478359e-04,-7.1568115773e-04
5.0,120.0,2.6794817254e-02,5.1392533937e-04,-1.8007408825e-03,1.5089174406e-02,2.9312092110e-04,-1.0140604419e-03,2.6791262606e-02,5.1977022740e-04,-1.8065034033e-03,1.5095807871e-02,2.9614046356e-04,-1.0176782231e-03,2.6686253632e-02,5.1212639515e-04,-1.7947881842e-03,1.5025533203e-02,2.9204414685e-04,-1.0105397975e-03,2.6719230797e-02,5.1406119427e-04,-1.8006517573e-03,1.5045217418e-02,2.9315983985e-04,-1.0139164695e-03
5.0,135.0,2.6854234083e-02,-3.7843939540e-04,-1.9365657201e-03,1.5122510504e-02,-2.0939279037e-04,-1.0905481788e-03,2.6850453541e-02,-3.7659836261e-04,-1.9439360126e-03,1.5129299405e-02,-2.0881862585e-04,-1.0950698995e-03,2.6746053393e-02,-3.7725679651e-04,-1.9301707080e-03,1.5059079764e-02,-2.0870701777e-04,-1.0867657440e-03,2.6779435194e-02,-3.7830350601e-04,-1.9365416765e-03,1.5078993899e-02,-2.0930726710e-04,-1.0904337786e-03
5.0,150.0,2.6900918144e-02,-1.2505048546e-03,-1.6235981343e-03,1.5148679144e-02,-7.0047703010e-04,-9.1430513829e-04,2.6896953582e-02,-1.2528095567e-03,-1.6302595117e-03,1.5155539318e-02,-7.0239764607e-04,-9.1835754099e-04,2.6793185679e-02,-1.2464372652e-03,-1.6182480272e-03,1.5085496811e-02,-6.9808496985e-04,-9.1114040538e-04,2.6826677649e-02,-1.2504036342e-03,-1.6236139572e-03,1.5105474537e-02,-7.0036553208e-04,-9.1422948647e-04
5.0,165.0,2.6930760457e-02,-1.8825078459e-03,-9.2345742736e-04,1.5165396857e-02,-1.0563759907e-03,-5.2003131376e-04,2.6926642089e-02,-1.8878997031e-03,-9.2738086648e-04,1.5172309951e-02,-1.0601358415e-03,-5.2241173132e-04,2.6823337936e-02,-1.8763627796e-03,-9.2041880649e-04,1.5102386536e-02,-1.0527548589e-03,-5.1823376291e-04,2.6856847110e-02,-1.8824441419e-03,-9.2347608151e-04,1.5122374909e-02,-1.0562526562e-03,-5.1999372142e-04
5.0,180.0,2.6941027885e-02,-2.1129273234e-03,-9.0074591437e-19,1.5171146890e-02,-1.1861318737e-03,-5.0724166305e-19,2.6936840490e-02,-2.1194607096e-03,0.0000000000e+00,1.5178103857e-02,-1.1905733603e-03,0.0000000000e+00,2.6833688490e-02,-2.1060275922e-03,-8.9778494233e-19,1.5108182519e-02,-1.1820641944e-03,-5.0548996356e-19,2.6867224792e-02,-2.1128821601e-03,-9.0076579050e-19,1.5128186490e-02,-1.1860069631e-03,-5.0720594167e-19
10.0,0.0,2.6315293871e-02,-6.3380448092e-04,-2.5325574291e-19,1.4818559531e-02,-3.4218413399e-04,-1.4261567110e-19,2.6313404486e-02,-6.4564445450e-04,-2.5577088674e-19,1.4823523117e-02,-3.4986313622e-04,-1.4404915376e-19,2.6199895219e-02,-6.3127015996e-04,-2.5231361446e-19,1.4751117368e-02,-3.4076476675e-04,-1.4206144759e-19,2.6229697875e-02,-6.3396038063e-04,-2.5320689525e-19,1.4768991760e-02,-3.4228817719e-04,-1.4257497601e-19
10.0,15.0,2.6329015022e-02,-4.6298501287e-04,5.0875449295e-04,1.4826381929e-02,-2.4598299790e-04,2.8649444473e-04,2.6327279755e-02,-4.7362006350e-04,5.1394504992e-04,1.4831431308e-02,-2.5296777869e-04,2.8945139179e-04,2.6213914507e-02,-4.6109493468e-04,5.0686279938e-04,1.4759105963e-02,-2.4494223073e-04,2.8538160005e-04,2.6243755520e-02,-4.6321214321e-04,5.0867855536e-04,1.4777002866e-02,-2.4613585848e-04,2.8642518899e-04
10.0,30.0,2.6370200367e-02,-1.5142751528e-06,8.3238336176e-04,1.4849832910e-02,1.3907771233e-05,4.6873926882e-04,2.6369022779e-02,-8.7658015191e-06,8.4166691017e-04,1.4854921307e-02,8.8694180959e-06,4.7402176431e-04,2.6255476625e-02,-1.3172197040e-06,8.2932929022e-04,1.4782764224e-02,1.3952197240e-05,4.6694158676e-04,2.6285852593e-02,-1.8803338134e-06,8.3236489518e-04,1.4800964974e-02,1.3653157024e-05,4.6868551838e-04
10.0,45.0,2.6438653975e-02,6.1085441355e-04,8.3660788806e-04,1.4888723914e-02,3.5878886841e-04,4.7111822239e-04,2.6437007712e-02,6.0844399743e-04,8.4798460780e-04,1.4894979688e-02,3.5653524738e-04,4.7756987838e-04,2.6324894404e-02,6.0889669795e-04,8.3354963479e-04,1.4822190402e-02,3.5756313461e-04,4.6931778932e-04,2.6355717395e-02,6.1044168752e-04,8.3676337508e-04,1.4840646966e-02,3.5847686966e-04,4.7116220120e-04
10.0,60.0,2.6533272272e-02,1.1821165449e-03,4.7621781437e-04,1.4942326014e-02,6.8053630222e-04,2.6817209517e-04,2.6529905376e-02,1.1848657656e-03,4.8719440930e-04,1.4948305880e-02,6.8125357640e-04,2.7435245965e-04,2.6420640472e-02,1.1782100964e-03,4.7437684192e-04,1.4876417451e-02,6.7816036298e-04,2.6709086234e-04,2.6452099874e-02,1.1818038469e-03,4.7653715752e-04,1.4895237534e-02,6.8025185688e-04,2.6832710749e-04
10.0,75.0,2.6651174100e-02,1.5191458173e-03,-1.8914108134e-04,1.5008908642e-02,8.7039337146e-04,-1.0651084133e-04,2.6647983080e-02,1.5260870364e-03,-1.8088746838e-04,1.5015323171e-02,8.7356343374e-04,-1.0194708193e-04,2.6539832695e-02,1.5140770668e-03,-1.8877726174e-04,1.4943714870e-02,8.6733209062e-04,-1.0628824422e-04,2.6572000216e-02,1.5190107120e-03,-1.8875665305e-04,1.4962939423e-02,8.7019248375e-04,-1.0628452773e-04
10.0,90.0,2.6786963125e-02,1.4809818176e-03,-1.0063496018e-03,1.5085354066e-02,8.4897810991e-04,-5.6670471588e-04,2.6783456118e-02,1.4903474625e-03,-1.0023211245e-03,1.5092145863e-02,8.5338054462e-04,-5.6463446745e-04,2.6676975410e-02,1.4759598355e-03,-1.0032495902e-03,1.5020909752e-02,8.4594748862e-04,-5.6486483850e-04,2.6709843630e-02,1.4810102102e-03,-1.0059903594e-03,1.5040534647e-02,8.4887241463e-04,-5.6645002187e-04
10.0,105.0,2.6932405053e-02,1.0206690284e-03,-1.7657151385e-03,1.5166999028e-02,5.8984387866e-04,-9.9432552472e-04,2.6928494609e-02,1.0299053150e-03,-1.7662277722e-03,1.5174163592e-02,5.9413431994e-04,-9.9493150668e-04,2.6823810436e-02,1.0171508446e-03,-1.7600576495e-03,1.5103326310e-02,5.8770392287e-04,-9.9097441913e-04,2.6857306698e-02,1.0208158135e-03,-1.7654249113e-03,1.5123310182e-02,5.8982994531e-04,-9.9407014219e-04
10.0,120.0,2.7076706475e-02,2.0395616205e-04,-2.2551967657e-03,1.5247802245e-02,1.3000966573e-04,-1.2699668585e-03,2.7072320928e-02,2.1096704866e-04,-2.2593721619e-03,1.5255337793e-02,1.3291806318e-04,-1.2727255099e-03,2.6969428119e-02,2.0314577420e-04,-2.2479162218e-03,1.5184858676e-02,1.2947167965e-04,-1.2656559703e-03,2.7003414941e-02,2.0417661053e-04,-2.2549938464e-03,1.5205123347e-02,1.3008075050e-04,-1.2697351438e-03
10.0,135.0,2.7207452051e-02,-8.0179331540e-04,-2.3184750954e-03,1.5320865956e-02,-4.3628419869e-04,-1.3056007255e-03,2.7202602428e-02,-7.9837288635e-04,-2.3245332654e-03,1.5328691110e-02,-4.3557658971e-04,-1.3094448663e-03,2.7101357029e-02,-7.9930839070e-04,-2.3110146542e-03,1.5258578311e-02,-4.3487175138e-04,-1.3011826091e-03,2.7135650989e-02,-8.0154892358e-04,-2.3183761329e-03,1.5279019565e-02,-4.3614642291e-04,-1.3054242508e-03
10.0,150.0,2.7312107720e-02,-1.7675569163e-03,-1.9009660875e-03,1.5379260057e-02,-9.8007544609e-04,-1.0704892659e-03,2.7306883521e-02,-1.7679873286e-03,-1.9067240581e-03,1.5387304446e-02,-9.8172479718e-04,-1.0740954113e-03,2.7206668910e-02,-1.7619721331e-03,-1.8948942252e-03,1.5317333883e-02,-9.7682665887e-04,-1.0668921581e-03,2.7241406095e-02,-1.7673463532e-03,-1.9009535696e-03,1.5338027314e-02,-9.7990580952e-04,-1.0703832110e-03
10.0,165.0,2.7379842223e-02,-2.4620696787e-03,-1.0697544333e-03,1.5417014595e-02,-1.3711380518e-03,-6.0240981972e-04,2.7374325620e-02,-2.4654273804e-03,-1.0732225193e-03,1.5425187002e-02,-1.3745834540e-03,-6.0457140867e-04,2.7275040230e-02,-2.4543011902e-03,-1.0663613492e-03,1.5355441902e-02,-1.3665942200e-03,-6.0039898062e-04,2.7309808468e-02,-2.4619201021e-03,-1.0697741760e-03,1.5376154389e-02,-1.3709662133e-03,-6.0236522126e-04
10.0,180.0,2.7403291060e-02,-2.7145196808e-03,-1.0401278645e-18,1.5430078017e-02,-1.5132869318e-03,-5.8572623754e-19,2.7397668124e-02,-2.7189725626e-03,0.0000000000e+00,1.5438296421e-02,-1.5174031463e-03,0.0000000000e+00,2.7298650039e-02,-2.7059686160e-03,-1.0368300123e-18,1.5368594217e-02,-1.5082786974e-03,-5.8377179833e-19,2.7333476419e-02,-2.7143998503e-03,-1.0401582479e-18,1.5389339964e-02,-1.5131185730e-03,-5.8568917363e-19
15.0,0.0,2.6313440281e-02,-2.5827185206e-04,-1.9022249377e-19,1.4816851288e-02,-1.1172350514e-04,-1.0711461583e-19,2.6310385292e-02,-2.7105829756e-04,-1.9286208736e-19,1.4820924939e-02,-1.2105322102e-04,-1.0857202244e-19,2.6195495030e-02,-2.5683748569e-04,-1.8939832492e-19,1.4747979088e-02,-1.1104839545e-04,-1.0663274777e-19,2.6224250230e-02,-2.5856224860e-04,-1.9013973829e-19,1.4765261992e-02,-1.1199093123e-04,-1.0705811367e-19
15.0,15.0,2.6331643425e-02,-1.0510639573e-04,3.7588975386e-04,1.4827297757e-02,-2.5452228010e-05,2.1166417168e-04,2.6328677537e-02,-1.1673847754e-04,3.8138422930e-04,1.4831479958e-02,-3.4129124812e-05,2.1469392386e-04,2.6214124506e-02,-1.0433346827e-04,3.7433818203e-04,1.4758662997e-02,-2.5163348723e-05,2.1075534308e-04,2.6242925786e-02,-1.0555069025e-04,3.7577985691e-04,1.4775973290e-02,-2.5813680356e-05,2.1158271804e-04
15.0,30.0,2.6387122972e-02,3.0550311261e-04,5.7750327432e-04,1.4859064500e-02,2.0583437092e-04,3.2519309438e-04,2.6384318165e-02,2.9723157580e-04,5.8754786859e-04,1.4863557740e-02,1.9905250680e-04,3.3071536389e-04,2.6270344337e-02,3.0464915359e-04,5.7522801682e-04,1.4790839147e-02,2.0516969392e-04,3.2385790137e-04,2.6299801728e-02,3.0483092453e-04,5.7755671516e-04,1.4808523044e-02,2.0532500059e-04,3.2519310807e-04
15.0,45.0,2.6481872691e-02,8.3942818675e-04,4.7930495045e-04,1.4913102382e-02,5.0661066741e-04,2.6989744807e-04,2.6479114504e-02,8.3617923287e-04,4.9194875144e-04,1.4918035719e-02,5.0265731890e-04,2.7680608898e-04,2.6366381212e-02,8.3670221822e-04,4.7744770646e-04,1.4845590304e-02,5.0484354511e-04,2.6880681696e-04,2.6396728488e-02,8.3876704829e-04,4.7968650229e-04,1.4863781727e-02,5.0608248941e-04,2.7008731867e-04
15.0,60.0,2.6617356205e-02,1.3120372975e-03,4.1464157099e-05,1.4989999041e-02,7.7291193349e-04,2.3348538706e-05,2.6614378484e-02,1.3143177732e-03,5.4100076036e-05,1.4995404634e-02,7.7206783342e-04,3.0161628958e-05,2.6503529586e-02,1.3077884053e-03,4.1062243673e-05,1.4923409527e-02,7.7024513476e-04,2.3118366409e-05,2.6534924771e-02,1.3116416181e-03,4.2048685395e-05,1.4942199042e-02,7.7251206809e-04,2.3675497722e-05
15.0,75.0,2.6792337067e-02,1.5372128629e-03,-6.7418213933e-04,1.5088819795e-02,8.9993318095e-04,-3.7963313078e-04,2.6788906517e-02,1.5439859085e-03,-6.6402904273e-04,1.5094811093e-02,9.0181657830e-04,-3.7432745066e-04,2.6680451561e-02,1.5321926511e-03,-6.7231938241e-04,1.5023305686e-02,8.9681343577e-04,-3.7852110445e-04,2.6712930318e-02,1.5371077053e-03,-6.7362032690e-04,1.5042714081e-02,8.9968902095e-04,-3.7928169133e-04
15.0,90.0,2.7000874170e-02,1.3792855905e-03,-1.5139481981e-03,1.5206045382e-02,8.1127098737e-04,-8.5250685348e-04,2.6996720418e-02,1.3890402052e-03,-1.5078593312e-03,1.5212598618e-02,8.1448933593e-04,-8.4961838316e-04,2.6891047867e-02,1.3746259120e-03,-1.5093345656e-03,1.5141671546e-02,8.0837164219e-04,-8.4976724112e-04,2.6924534902e-02,1.3793407362e-03,-1.5134975434e-03,1.5161656181e-02,8.1112921578e-04,-8.5217426668e-04
15.0,105.0,2.7231137855e-02,7.9517887008e-04,-2.2671518339e-03,1.5334959298e-02,4.8265362107e-04,-1.2766371259e-03,2.7226138036e-02,8.0532853822e-04,-2.2655049004e-03,1.5342076864e-02,4.8595914727e-04,-1.2763773087e-03,2.7123353351e-02,7.9237211175e-04,-2.2600343317e-03,1.5271715898e-02,4.8085487844e-04,-1.2724171186e-03,2.7157702618e-02,7.9531573653e-04,-2.2667660672e-03,1.5292193395e-02,4.8259197534e-04,-1.2763018476e-03
15.0,120.0,2.7465525727e-02,-1.4494190185e-04,-2.7192796572e-03,1.5465739465e-02,-4.6431109791e-05,-1.5312310865e-03,2.7459630509e-02,-1.3641368688e-04,-2.7213570145e-03,1.5473378393e-02,-4.4260452156e-05,-1.5331527149e-03,2.7359650613e-02,-1.4467722467e-04,-2.7106616000e-03,1.5403553206e-02,-4.6409968861e-05,-1.5261238177e-03,2.7394688935e-02,-1.4469993233e-04,-2.7189447606e-03,1.5424424660e-02,-4.6381315069e-05,-1.5309009041e-03
15.0,135.0,2.7682276387e-02,-1.2664106692e-03,-2.7111132764e-03,1.5586355738e-02,-6.7765607043e-04,-1.5266325833e-03,2.7675556055e-02,-1.2608645191e-03,-2.7153917309e-03,1.5594475510e-02,-6.7744960758e-04,-1.5297853208e-03,2.7578004658e-02,-1.2625083366e-03,-2.7025855930e-03,1.5525056753e-02,-6.7547962548e-04,-1.5215769623e-03,2.7613586645e-02,-1.2660645680e-03,-2.7108967804e-03,1.5546238809e-02,-6.7748651378e-04,-1.5263694916e-03
15.0,150.0,2.7858426807e-02,-2.3291655660e-03,-2.1877193776e-03,1.5684185104e-02,-1.2758710763e-03,-1.2319085721e-03,2.7850995947e-02,-2.3270225508e-03,-2.1922405373e-03,1.5692671866e-02,-1.2778646099e-03,-1.2350615958e-03,2.7755310271e-02,-2.3219540182e-03,-2.1809692795e-03,1.5623524435e-02,-1.2717303186e-03,-1.2279028718e-03,2.7791325685e-02,-2.3288142947e-03,-2.1876682114e-03,1.5644953608e-02,-1.2756412465e-03,-1.2317658274e-03
15.0,165.0,2.7973580474e-02,-3.0890565806e-03,-1.2215587784e-03,1.5748055003e-02,-1.7036206071e-03,-6.8786186464e-04,2.7965704084e-02,-3.0896109514e-03,-1.2244167899e-03,1.5756776719e-02,-1.7073547788e-03,-6.8981542356e-04,2.7871356018e-02,-3.0796234002e-03,-1.2178702619e-03,1.5687888784e-02,-1.6981566070e-03,-6.8567054389e-04,2.7907456320e-02,-3.0888010667e-03,-1.2215946984e-03,1.5709367560e-02,-1.7034038807e-03,-6.8781847109e-04
15.0,180.0,2.8013643755e-02,-3.3646726652e-03,-1.1849426105e-18,1.5770261672e-02,-1.8587695784e-03,-6.6724323708e-19,2.8005602525e-02,-3.3662607318e-03,0.0000000000e+00,1.5779047271e-02,-1.8631652267e-03,0.0000000000e+00,2.7911656272e-02,-3.3544577666e-03,-1.1814417513e-18,1.5710226170e-02,-1.8528392989e-03,-6.6516100570e-19,2.7947844263e-02,-3.3644704768e-03,-1.1849870749e-18,1.5731754909e-02,-1.8585681119e-03,-6.6720656134e-19
20.0,0.0,2.6390789517e-02,5.5476533902e-05,-1.2807020530e-19,1.4858890176e-02,9.2803067398e-05,-7.2106528027e-20,2.6388498301e-02,4.1908619315e-05,-1.3083578265e-19,1.4862901122e-02,8.1329003604e-05,-7.3549029128e-20,2.6270231491e-02,5.6051428837e-05,-1.2737884451e-19,1.4788548485e-02,9.2830018447e-05,-7.1705321427e-20,2.6298201255e-02,5.5075743737e-05,-1.2792667762e-19,1.4805389998e-02,9.2352865821e-05,-7.2019057131e-20
20.0,15.0,2.6412445604e-02,1.9220831850e-04,2.4476927110e-04,1.4871402153e-02,1.6983745092e-04,1.3781083793e-04,2.6410135188e-02,1.7969581920e-04,2.5060203814e-04,1.4875524254e-02,1.5894270385e-04,1.4084863508e-04,2.6292415972e-02,1.9205410984e-04,2.4350716696e-04,1.4801354127e-02,1.6944235642e-04,1.3707739103e-04,2.6320540150e-02,1.9153991047e-04,2.4459165080e-04,1.4818284598e-02,1.6923105498e-04,1.3769809707e-04
20.0,30.0,2.6479704010e-02,5.5532178264e-04,3.2535534376e-04,1.4910117661e-02,3.7443750906e-04,1.8318268608e-04,2.6477374688e-02,5.4610128401e-04,3.3631392750e-04,1.4914601091e-02,3.6534564391e-04,1.8886620647e-04,2.6360789068e-02,5.5354492718e-04,3.2385599351e-04,1.4840686894e-02,3.7309746692e-04,1.8230812346e-04,2.6389761718e-02,5.5429311939e-04,3.2550211356e-04,1.4858100898e-02,3.7361395466e-04,1.8324837124e-04
20.0,45.0,2.6598233637e-02,1.0155799770e-03,1.2452875063e-04,1.4977926949e-02,6.3385241014e-04,7.0112606021e-05,2.6595655540e-02,1.0116080292e-03,1.3873121888e-04,1.4982925459e-02,6.2762933887e-04,7.7400920504e-05,2.6481052512e-02,1.0122391419e-03,1.2393145695e-04,1.4909457256e-02,6.3159275337e-04,6.9764684947e-05,2.6511267147e-02,1.0146695005e-03,1.2521422831e-04,1.4927579496e-02,6.3307834127e-04,7.0492025820e-05
20.0,60.0,2.6773914770e-02,1.3948698553e-03,-3.9220614380e-04,1.5077725256e-02,8.4781319093e-04,-2.2082125373e-04,2.6770760554e-02,1.3968590267e-03,-3.7755679185e-04,1.5083292111e-02,8.4484950766e-04,-2.1348137035e-04,2.6658900377e-02,1.3904793905e-03,-3.9112500292e-04,1.5010456208e-02,8.4493205124e-04,-2.2017583972e-04,2.6690560730e-02,1.3944575941e-03,-3.9131633676e-04,1.5029403459e-02,8.4730824365e-04,-2.2029989473e-04
20.0,75.0,2.7008794567e-02,1.5133057848e-03,-1.1606308300e-03,1.5210245528e-02,9.1504392942e-04,-6.5346236677e-04,2.7004705575e-02,1.5206489412e-03,-1.1482078562e-03,1.5216473387e-02,9.1479131616e-04,-6.4756472414e-04,2.6896292346e-02,1.5085204481e-03,-1.1572770985e-03,1.5144367658e-02,9.1193515612e-04,-6.5146552906e-04,2.6929402020e-02,1.5132925867e-03,-1.1599395874e-03,1.5164142631e-02,9.1476666834e-04,-6.5301278016e-04
20.0,90.0,2.7297414924e-02,1.2397867021e-03,-2.0262023259e-03,1.5372108846e-02,7.6171828643e-04,-1.1407994112e-03,2.7292114887e-02,1.2501757409e-03,-2.0176320182e-03,1.5379054173e-02,7.6302295949e-04,-1.1372530716e-03,2.7187684339e-02,1.2356521119e-03,-2.0201466328e-03,1.5307765762e-02,7.5900786296e-04,-1.1372003271e-03,2.7222079234e-02,1.2398530615e-03,-2.0257487477e-03,1.5328275078e-02,7.6150945846e-04,-1.1404385505e-03
20.0,105.0,2.7624524470e-02,5.3438611201e-04,-2.7767751059e-03,1.5554635110e-02,3.6532093548e-04,-1.5633894826e-03,2.7617843690e-02,5.4573288260e-04,-2.7724351574e-03,1.5562390721e-02,3.6686017540e-04,-1.5623788367e-03,2.7517619699e-02,5.3236407529e-04,-2.7682275844e-03,1.5491857278e-02,3.6387240634e-04,-1.5583172346e-03,2.7553060719e-02,5.3443671884e-04,-2.7763344911e-03,1.5512964234e-02,3.6514893301e-04,-1.5629968357e-03
20.0,120.0,2.7964837994e-02,-5.2887878133e-04,-3.1945185429e-03,1.5743760711e-02,-2.3253333343e-04,-1.7985888311e-03,2.7956569195e-02,-5.1838462983e-04,-3.1938709540e-03,1.5752271476e-02,-2.3189657838e-04,-1.7997279146e-03,2.7860446478e-02,-5.2746294218e-04,-3.1845355743e-03,1.5682374171e-02,-2.3194104765e-04,-1.7926693231e-03,2.7896692853e-02,-5.2866872764e-04,-3.1939946529e-03,1.5703941014e-02,-2.3255253590e-04,-1.7981275498e-03
20.0,135.0,2.8285205129e-02,-1.7680304632e-03,-3.1161428281e-03,1.5921245596e-02,-9.2946337162e-04,-1.7544614662e-03,2.8275182365e-02,-1.7596823287e-03,-3.1180475648e-03,1.5930265849e-02,-9.3053983189e-04,-1.7569542680e-03,2.8182666017e-02,-1.7626059550e-03,-3.1065509022e-03,1.5860881605e-02,-9.2649397875e-04,-1.7487694431e-03,2.8219457746e-02,-1.7675512847e-03,-3.1157291274e-03,1.5882759993e-02,-9.2926101293e-04,-1.7540662996e-03
20.0,150.0,2.8549183843e-02,-2.9310730589e-03,-2.4853400821e-03,1.6067159765e-02,-1.5836733931e-03,-1.3993047319e-03,2.8537372551e-02,-2.9254894442e-03,-2.4881961610e-03,1.6076391620e-02,-1.5868107161e-03,-1.4020447998e-03,2.8448483417e-02,-2.9221630590e-03,-2.4779680237e-03,1.6007814641e-02,-1.5786285605e-03,-1.3949215375e-03,2.8484820404e-02,-2.9304892985e-03,-2.4852044933e-03,1.6029440037e-02,-1.5833484230e-03,-1.3990989817e-03
20.0,165.0,2.8723402149e-02,-3.7593788774e-03,-1.3797580316e-03,1.6163317207e-02,-2.0496265497e-03,-7.7683611848e-04,2.8710222371e-02,-3.7561917477e-03,-1.3817946645e-03,1.6172601553e-02,-2.0544876627e-03,-7.7861375587e-04,2.8623825967e-02,-3.7482573084e-03,-1.3758234535e-03,1.6104594089e-02,-2.0432564584e-03,-7.7449174032e-04,2.8659647924e-02,-3.7589065154e-03,-1.3797968834e-03,1.6125931299e-02,-2.0493197783e-03,-7.7678614360e-04
20.0,180.0,2.8784310510e-02,-4.0593878302e-03,-1.3360725961e-18,1.6196910433e-02,-2.2183979777e-03,-7.5224019413e-19,2.8770623062e-02,-4.0571614344e-03,0.0000000000e+00,1.6206154216e-02,-2.2239424067e-03,0.0000000000e+00,2.8684977071e-02,-4.0475458517e-03,-1.3323811738e-18,1.6138320045e-02,-2.2115936451e-03,-7.5003679537e-19,2.8720679926e-02,-4.0590182196e-03,-1.3361907128e-18,1.6159590785e-02,-2.2181331554e-03,-7.5223711797e-19
25.0,0.0,2.6532567126e-02,3.0687594334e-04,-6.6675756655e-20,1.4935186825e-02,2.7250460129e-04,-3.7528057786e-20,2.6530884865e-02,2.9298281271e-04,-6.9508234311e-20,1.4939300549e-02,2.5784587610e-04,-3.8961008529e-20,2.6409706426e-02,3.0686676440e-04,-6.6055922082e-20,1.4863555864e-02,2.7199206448e-04,-3.7172990290e-20,2.6437107193e-02,3.0645323404e-04,-6.6422016354e-20,1.4880078631e-02,2.7188254537e-04,-3.7381783897e-20
25.0,15.0,2.6557214427e-02,4.2848997867e-04,1.1513753558e-04,1.4949517060e-02,3.4104856192e-04,6.4804485247e-05,2.6555388389e-02,4.1547448563e-04,1.2123489991e-04,1.4953699760e-02,3.2686799543e-04,6.7887334918e-05,2.6434871328e-02,4.2760403800e-04,1.1410852109e-04,1.4878171702e-02,3.4003313700e-04,6.4214605029e-05,2.6462558614e-02,4.2761649058e-04,1.1484699575e-04,1.4894858409e-02,3.4016948984e-04,6.4634978160e-05
25.0,30.0,2.6635223337e-02,7.4775282114e-04,7.5477731358e-05,1.4994625505e-02,5.2104114485e-04,4.2482197519e-05,2.6633171953e-02,7.3787026566e-04,8.7314769928e-05,1.4999134532e-02,5.0856341858e-04,4.8457438643e-05,2.6514132174e-02,7.4518599246e-04,7.4747498492e-05,1.4923970850e-02,5.1905448353e-04,4.2064177565e-05,2.6542919397e-02,7.4633896661e-04,7.5721904624e-05,1.4941284296e-02,5.1985014861e-04,4.2615687242e-05
25.0,45.0,2.6776970347e-02,1.1395834099e-03,-2.2828734487e-04,1.5075882262e-02,7.4211866016e-04,-1.2849019043e-04,2.6774490171e-02,1.1351524932e-03,-2.1250123856e-04,1.5080978021e-02,7.3260738753e-04,-1.2059252059e-04,2.6658036650e-02,1.1357758339e-03,-2.2757754839e-04,1.5006423539e-02,7.3940501377e-04,-1.2806933474e-04,2.6688433365e-02,1.1384270985e-03,-2.2725201968e-04,1.5024654566e-02,7.4106632816e-04,-1.2789563395e-04
25.0,60.0,2.6994294781e-02,1.4315549088e-03,-8.2534165212e-04,1.5199302750e-02,9.0727403288e-04,-4.6453869844e-04,2.6991027665e-02,1.4332642308e-03,-8.0862652871e-04,1.5205061366e-02,9.0099043075e-04,-4.5637575170e-04,2.6878189683e-02,1.4272180886e-03,-8.2272600766e-04,1.5131413296e-02,9.0424565380e-04,-4.6298931163e-04,2.6910421523e-02,1.4311904545e-03,-8.2412179348e-04,1.5150691383e-02,9.0666962361e-04,-4.6380920785e-04
25.0,75.0,2.7294198296e-02,1.4492547056e-03,-1.6489535857e-03,1.5368172010e-02,9.1836428835e-04,-9.2810383495e-04,2.7289534116e-02,1.4569555084e-03,-1.6342172265e-03,1.5374696169e-02,9.1522553752e-04,-9.2128734983e-04,2.7181349000e-02,1.4449017586e-03,-1.6441004953e-03,1.5302086591e-02,9.1533722666e-04,-9.2521805496e-04,2.7215357897e-02,1.4494021983e-03,-1.6481887496e-03,1.5322379466e-02,9.1806590413e-04,-9.2758755364e-04
25.0,90.0,2.7672919067e-02,1.0653635093e-03,-2.5435667655e-03,1.5579893880e-02,7.0371276569e-04,-1.4316316057e-03,2.7666294649e-02,1.0765303673e-03,-2.5324458740e-03,1.5587204171e-02,7.0226205020e-04,-1.4270686985e-03,2.7563491136e-02,1.0618895366e-03,-2.5361475324e-03,1.5515701893e-02,7.0122900164e-04,-1.4272177971e-03,2.7599008536e-02,1.0654269306e-03,-2.5432172899e-03,1.5536855991e-02,7.0340545553e-04,-1.4313025162e-03
25.0,105.0,2.8111929041e-02,2.4218177391e-04,-3.2952159370e-03,1.5823897952e-02,2.4203034754e-04,-1.8546929244e-03,2.8102844583e-02,2.5480729747e-04,-3.2879848286e-03,1.5831941542e-02,2.4099580361e-04,-1.8525083010e-03,2.8005764424e-02,2.4098103756e-04,-3.2852839657e-03,1.5761510311e-02,2.4091510232e-04,-1.8487945533e-03,2.8042448739e-02,2.4204498595e-04,-3.2947602777e-03,1.5783330095e-02,2.4166971698e-04,-1.8542649479e-03
25.0,120.0,2.8576978603e-02,-9.4325231579e-04,-3.6818848374e-03,1.6081196306e-02,-4.2345030664e-04,-2.0723272426e-03,2.8564992116e-02,-9.3062159729e-04,-3.6781466973e-03,1.6089859202e-02,-4.2504747994e-04,-2.0722067977e-03,2.8473621282e-02,-9.4065822399e-04,-3.6705432821e-03,1.6020359887e-02,-4.2230848194e-04,-2.0655993510e-03,2.8510962275e-02,-9.4313912809e-04,-3.6811010171e-03,1.6042555134e-02,-4.2359567608e-04,-2.0716944513e-03
25.0,135.0,2.9020920941e-02,-2.3018189268e-03,-3.5348360749e-03,1.6325963241e-02,-1.1864591330e-03,-1.9895617108e-03,2.9005718840e-02,-2.2902758257e-03,-3.5339441887e-03,1.6334936619e-02,-1.1893576124e-03,-1.9909435387e-03,2.8920679076e-02,-2.2947957559e-03,-3.5241560610e-03,1.6266855940e-02,-1.1826858903e-03,-1.9832198977e-03,2.8957125901e-02,-2.3011100957e-03,-3.5340666227e-03,1.6288551822e-02,-1.1861903506e-03,-1.9889446605e-03
25.0,150.0,2.9390468507e-02,-3.5686401321e-03,-2.7950894814e-03,1.6529201597e-02,-1.8981082107e-03,-1.5731996881e-03,2.9372190240e-02,-3.5590128495e-03,-2.7959544967e-03,1.6538202902e-02,-1.9027837705e-03,-1.5751977632e-03,2.9292268093e-02,-3.5579442206e-03,-2.7871477433e-03,1.6471223081e-02,-1.8921417883e-03,-1.5684682422e-03,2.9327725485e-02,-3.5675534380e-03,-2.7947390151e-03,1.6492364882e-02,-1.8975569912e-03,-1.5728569478e-03
25.0,165.0,2.9635988768e-02,-4.4687385446e-03,-1.5451488431e-03,1.6664009440e-02,-2.4038113254e-03,-8.6967794566e-04,2.9615420716e-02,-4.4610642664e-03,-1.5462076181e-03,1.6672863586e-02,-2.4101235469e-03,-8.7112009056e-04,2.9538880438e-02,-4.4559620681e-03,-1.5410637483e-03,1.6606630860e-02,-2.3965856385e-03,-8.6723409420e-04,2.9573500644e-02,-4.4677080051e-03,-1.5451422085e-03,1.6627303504e-02,-2.4032439804e-03,-8.6959377779e-04
25.0,180.0,2.9722107925e-02,-4.7945287325e-03,-1.4943227667e-18,1.6711257028e-02,-2.5868606542e-03,-8.4107078725e-19,2.9700686809e-02,-4.7877290266e-03,0.0000000000e+00,1.6720044496e-02,-2.5938507089e-03,0.0000000000e+00,2.9625254724e-02,-4.7811322308e-03,-1.4904474902e-18,1.6654016481e-02,-2.5792545691e-03,-8.3874977949e-19,2.9659631946e-02,-4.7936122896e-03,-1.4944058057e-18,1.6674553129e-02,-2.5863405479e-03,-8.4103973276e-19
30.0,0.0,2.6724570951e-02,4.9645490036e-04,-6.0286881613e-21,1.5035641997e-02,4.2964422009e-04,-3.3910299378e-21,2.6723888266e-02,4.8265705480e-04,-8.8823652426e-21,1.5040313453e-02,4.1075007866e-04,-4.7237386531e-21,2.6599584294e-02,4.9616025843e-04,-5.3796769432e-21,1.4962839536e-02,4.2870369138e-04,-3.0254682758e-21,2.6626674986e-02,4.9614343112e-04,-5.5983850056e-21,1.4979187238e-02,4.2887847068e-04,-3.1487008198e-21
30.0,15.0,2.6752075089e-02,6.0435929592e-04,-1.3023253472e-05,1.5051720554e-02,4.9049633180e-04,-7.3253486045e-06,2.6751158971e-02,5.9118400628e-04,-6.6999038008e-06,1.5056418803e-02,4.7193327317e-04,-4.3658240527e-06,2.6627492326e-02,6.0295182610e-04,-1.3876304990e-05,1.4979136309e-02,4.8892205940e-04,-7.8038739084e-06,2.6655046885e-02,6.0332999854e-04,-1.3479211164e-05,1.4995748349e-02,4.8932608849e-04,-7.5811154821e-06
30.0,30.0,2.6840791219e-02,8.8368238653e-04,-1.7213300110e-04,1.5103196090e-02,6.4811768668e-04,-9.6821753653e-05,2.6839369332e-02,8.7341032795e-04,-1.5941071661e-04,1.5108174569e-02,6.3108792448e-04,-9.0845558317e-05,2.6717564846e-02,8.8047392866e-04,-1.7211624347e-04,1.5031355989e-02,6.4551186676e-04,-9.6796190524e-05,2.6746484485e-02,8.8188017749e-04,-1.7181306108e-04,1.5048745490e-02,6.4651344753e-04,-9.6632854964e-05
30.0,45.0,2.7006795772e-02,1.2127528064e-03,-5.7905864040e-04,1.5198427102e-02,8.3415734388e-04,-3.2571019313e-04,2.7004705965e-02,1.2081241131e-03,-5.6159405663e-04,1.5204021703e-02,8.2017764246e-04,-3.1754457681e-04,2.6886172533e-02,1.2086083872e-03,-5.7700947223e-04,1.5128029906e-02,8.3100875937e-04,-3.2450347326e-04,2.6917068830e-02,1.2113414028e-03,-5.7765539369e-04,1.5146545835e-02,8.3278147905e-04,-3.2489084081e-04
30.0,60.0,2.7269263433e-02,1.4240184604e-03,-1.2576816381e-03,1.5347256707e-02,9.5447341078e-04,-7.0742356760e-04,2.7266023293e-02,1.4263212336e-03,-1.2387301761e-03,1.5353662536e-02,9.4409674434e-04,-6.9880817595e-04,2.7152180063e-02,1.4199216504e-03,-1.2534663363e-03,1.5278825853e-02,9.5135146350e-04,-7.0493501288e-04,2.7185281620e-02,1.4237554470e-03,-1.2561073280e-03,1.5298599533e-02,9.5376466566e-04,-7.0647270048e-04
30.0,75.0,2.7641534260e-02,1.3478067923e-03,-2.1386974504e-03,1.5556234055e-02,9.1369838098e-04,-1.2029793029e-03,2.7636282993e-02,1.3561378961e-03,-2.1214720047e-03,1.5563534877e-02,9.0639461319e-04,-1.1956583817e-03,2.7528431783e-02,1.3441253159e-03,-2.1323470456e-03,1.5490009624e-02,9.1083921821e-04,-1.1992073888e-03,2.7563597515e-02,1.3481980904e-03,-2.1379146218e-03,1.5510961333e-02,9.1339544334e-04,-1.2024277565e-03
30.0,90.0,2.8122478356e-02,8.5973888253e-04,-3.0655367304e-03,1.5824023666e-02,6.4186146403e-04,-1.7243099244e-03,2.8114160389e-02,8.7185094220e-04,-3.0516546192e-03,1.5832094439e-02,6.3624944416e-04,-1.7191639094e-03,2.8013290989e-02,8.5705682095e-04,-3.0568497994e-03,1.5759962144e-02,6.3963172739e-04,-1.7191370763e-03,2.8050133486e-02,8.5979458247e-04,-3.0654144975e-03,1.5781869486e-02,6.4142637120e-04,-1.7240817006e-03
30.0,105.0,2.8690319483e-02,-7.6777613278e-05,-3.8221957078e-03,1.6138170270e-02,1.1825654841e-04,-2.1499171505e-03,2.8677944056e-02,-6.2760527969e-05,-3.8117087112e-03,1.6146889292e-02,1.1309534850e-04,-2.1469204860e-03,2.8584482722e-02,-7.7152531656e-05,-3.8109664944e-03,1.6075953802e-02,1.1743051624e-04,-2.1432436093e-03,2.8622590927e-02,-7.7212307807e-05,-3.8217752336e-03,1.6098580761e-02,1.1762003009e-04,-2.1494818236e-03
30.0,120.0,2.9300628848e-02,-1.3827929478e-03,-4.1815800479e-03,1.6474126474e-02,-6.1295632154e-04,-2.3520644542e-03,2.9283460214e-02,-1.3677641306e-03,-4.1741590570e-03,1.6483355759e-02,-6.1840572278e-04,-2.3508978892e-03,2.9198988432e-02,-1.3790516715e-03,-4.1688307314e-03,1.6414237259e-02,-6.1132184503e-04,-2.3445023294e-03,2.9236155252e-02,-1.3828205220e-03,-4.1803518905e-03,1.6436338963e-02,-6.1327790948e-04,-2.3511561658e-03
30.0,135.0,2.9889757188e-02,-2.8623998302e-03,-3.9678948784e-03,1.6797191305e-02,-1.4419354267e-03,-2.2318703444e-03,2.9867550069e-02,-2.8470234807e-03,-3.9634949360e-03,1.6806621892e-02,-1.4482301833e-03,-2.2322390027e-03,2.9791525075e-02,-2.8537059329e-03,-3.9560860741e-03,1.6739192991e-02,-1.4373581588e-03,-2.2248571875e-03,2.9827086403e-02,-2.8612099433e-03,-3.9664316243e-03,1.6760394771e-02,-1.4414854298e-03,-2.2308409469e-03
30.0,150.0,3.0384147528e-02,-4.2368222309e-03,-3.1178711341e-03,1.7067556917e-02,-2.2122802748e-03,-1.7537470964e-03,3.0357310471e-02,-4.2220867723e-03,-3.1161496309e-03,1.7076983410e-02,-2.2199968723e-03,-1.7550472159e-03,3.0288214490e-02,-4.2242623961e-03,-3.1094378132e-03,1.7010828325e-02,-2.2053873986e-03,-1.7487119689e-03,3.0322061099e-02,-4.2346175390e-03,-3.1169870024e-03,1.7031069764e-02,-2.2111849575e-03,-1.7530876351e-03
30.0,165.0,3.0714352414e-02,-5.2125433747e-03,-1.7183612341e-03,1.7247810061e-02,-2.7592754265e-03,-9.6654765227e-04,3.0684250068e-02,-5.1990724048e-03,-1.7181242907e-03,1.7257100545e-02,-2.7685096682e-03,-9.6768616041e-04,3.0619701504e-02,-5.1981675658e-03,-1.7142476996e-03,1.7191782730e-02,-2.7512628264e-03,-9.6407313797e-04,3.0652219549e-02,-5.2100685269e-03,-1.7181283062e-03,1.7211281638e-02,-2.7579778291e-03,-9.6632725346e-04
30.0,180.0,3.0830478692e-02,-5.5657078493e-03,-1.6603470282e-18,1.7311144987e-02,-2.9572806467e-03,-9.3391569259e-19,3.0799163417e-02,-5.5528940506e-03,0.0000000000e+00,1.7320360666e-02,-2.9671934786e-03,0.0000000000e+00,3.0736212525e-02,-5.5509344123e-03,-1.6565474908e-18,1.7255325722e-02,-2.9490092447e-03,-9.3162320592e-19,3.0768229474e-02,-5.5632771694e-03,-1.6602565217e-18,1.7274545014e-02,-2.9559902336e-03,-9.3377841388e-19
35.0,0.0,2.6952982079e-02,6.2618154357e-04,5.3758086783e-20,1.5148912912e-02,5.6792639781e-04,3.0201622678e-20,2.6953869854e-02,6.1271763233e-04,5.0867020525e-20,1.5154801489e-02,5.4274393803e-04,2.8959668521e-20,2.6826032555e-02,6.2566951186e-04,5.4310891793e-20,1.5075067302e-02,5.6652642904e-04,3.0507105967e-20,2.6853094989e-02,6.2589968913e-04,5.4323701908e-20,1.5091391871e-02,5.6691474332e-04,3.0516566073e-20
35.0,15.0,2.6983493194e-02,7.2174431336e-04,-1.3946507405e-04,1.5166822172e-02,6.2186424011e-04,-7.8352333485e-05,2.6983972929e-02,7.0874158320e-04,-1.3292958231e-04,1.5172668259e-02,5.9691179718e-04,-7.5515390911e-05,2.6856746874e-02,7.1998777640e-04,-1.4014390368e-04,1.5093077755e-02,6.1975778427e-04,-7.8720580330e-05,2.6884495385e-02,7.2058402899e-04,-1.4009544596e-04,1.5109792041e-02,6.2036121437e-04,-7.8699200960e-05
35.0,30.0,2.7083708227e-02,9.6505039186e-04,-4.1694215707e-04,1.5225080053e-02,7.5937248822e-04,-2.3424065959e-04,2.7083392492e-02,9.5488036311e-04,-4.0337471227e-04,1.5231139219e-02,7.3586840753e-04,-2.2823675050e-04,2.6958486397e-02,9.6149582753e-04,-4.1622961632e-04,1.5152167924e-02,7.5624525512e-04,-2.3380137192e-04,2.6987864612e-02,9.6301237528e-04,-4.1660999350e-04,1.5169809559e-02,7.5738891150e-04,-2.3403240109e-04
35.0,45.0,2.7276303800e-02,1.2373487843e-03,-9.2690031643e-04,1.5335475622e-02,9.1391112384e-04,-5.2073827943e-04,2.7275038877e-02,1.2325225755e-03,-9.0770743690e-04,1.5342116838e-02,8.9347506161e-04,-5.1221736382e-04,2.7154173170e-02,1.2331502021e-03,-9.2349721507e-04,1.5264276471e-02,9.1042112146e-04,-5.1873991514e-04,2.7185877924e-02,1.2358318892e-03,-9.2514522378e-04,1.5283242842e-02,9.1224945945e-04,-5.1970418726e-04
35.0,60.0,2.7588952393e-02,1.3752529503e-03,-1.6879527721e-03,1.5512247062e-02,9.9390110677e-04,-9.4830221408e-04,2.7586000933e-02,1.3779066513e-03,-1.6666227842e-03,1.5519750249e-02,9.7729540960e-04,-9.3908672811e-04,2.7471014209e-02,1.3715575389e-03,-1.6820657973e-03,1.5443377668e-02,9.9071404497e-04,-9.4483735814e-04,2.7505260251e-02,1.3751249005e-03,-1.6860132172e-03,1.5463792156e-02,9.9306629675e-04,-9.4712495531e-04
35.0,75.0,2.8042428270e-02,1.2129058321e-03,-2.6282704728e-03,1.5765736899e-02,9.0631999663e-04,-1.4765784623e-03,2.8036469770e-02,1.2219074978e-03,-2.6084058731e-03,1.5774033734e-02,8.9287680780e-04,-1.4685807676e-03,2.7929053673e-02,1.2099321663e-03,-2.6204636479e-03,1.5699394722e-02,9.0358957108e-04,-1.4719471463e-03,2.7965594814e-02,1.2134127531e-03,-2.6275406031e-03,1.5721116926e-02,9.0590500563e-04,-1.4760318905e-03
35.0,90.0,2.8638964844e-02,6.2768451699e-04,-3.5904373931e-03,1.6096216864e-02,5.8228838121e-04,-2.0171297359e-03,2.8628416950e-02,6.4071423140e-04,-3.5736144939e-03,1.6105145373e-02,5.7053822703e-04,-2.0111811244e-03,2.8529826477e-02,6.2573987222e-04,-3.5805991649e-03,1.6032207637e-02,5.8022399866e-04,-2.0112672530e-03,2.8568170832e-02,6.2754804956e-04,-3.5906666930e-03,1.6054954198e-02,5.8159031327e-04,-2.0170719877e-03
35.0,105.0,2.9353587837e-02,-4.1722271663e-04,-4.3563118168e-03,1.6489359687e-02,9.2287016515e-07,-2.4474026817e-03,2.9336957081e-02,-4.0159358478e-04,-4.3421397240e-03,1.6498726372e-02,-1.0209981787e-05,-2.4432541578e-03,2.9248745163e-02,-4.1668648804e-04,-4.3438254536e-03,1.6427718005e-02,3.8350789175e-07,-2.4399809880e-03,2.9287373594e-02,-4.1793767010e-04,-4.3558795566e-03,1.6450628988e-02,-9.7137014792e-09,-2.4469335047e-03
35.0,120.0,3.0130692704e-02,-1.8419812200e-03,-4.6927829025e-03,1.6914563291e-02,-7.9336618873e-04,-2.6364342002e-03,3.0106965113e-02,-1.8238757393e-03,-4.6809242561e-03,1.6924150858e-02,-8.0429313050e-04,-2.6337146294e-03,3.0030608482e-02,-1.8367538133e-03,-4.6785595057e-03,1.6855561493e-02,-7.9109964760e-04,-2.6280052840e-03,3.0067280281e-02,-1.8417354761e-03,-4.6907577822e-03,1.6877375063e-02,-7.9366311869e-04,-2.6350527443e-03
35.0,135.0,3.0887818518e-02,-3.4440039946e-03,-4.4151521516e-03,1.7327120166e-02,-1.6874137264e-03,-2.4804595425e-03,3.0856734345e-02,-3.4237898291e-03,-4.4063147511e-03,1.7336754669e-02,-1.6986210722e-03,-2.4792271032e-03,3.0791397879e-02,-3.4334416195e-03,-4.4022178683e-03,1.7270150458e-02,-1.6819717683e-03,-2.4727807363e-03,3.0825428270e-02,-3.4416558677e-03,-4.4124092361e-03,1.7290484905e-02,-1.6864386312e-03,-2.4786892879e-03
35.0,150.0,3.1527653125e-02,-4.9294621798e-03,-3.4539414348e-03,1.7674709980e-02,-2.5169082877e-03,-1.9404454698e-03,3.1489960035e-02,-4.9087239143e-03,-3.4488219170e-03,1.7684149649e-02,-2.5293199501e-03,-1.9405710578e-03,3.1433837662e-02,-4.9158622192e-03,-3.4453578999e-03,1.7619170191e-02,-2.5096007573e-03,-1.9353005461e-03,3.1465040949e-02,-4.9256144094e-03,-3.4519745069e-03,1.7637929912e-02,-2.5150157374e-03,-1.9391610738e-03
35.0,165.0,3.1957020772e-02,-5.9842267604e-03,-1.8996755653e-03,1.7907499249e-02,-3.1060993408e-03,-1.0672493771e-03,3.1914690948e-02,-5.9644313483e-03,-1.8976944315e-03,1.7916700133e-02,-3.1202048544e-03,-1.0678255276e-03,3.1864757805e-02,-5.9683780426e-03,-1.8952513297e-03,1.7852810830e-02,-3.0974178718e-03,-1.0645863333e-03,3.1893742426e-02,-5.9802171703e-03,-1.8989119367e-03,1.7870324687e-02,-3.1040667264e-03,-1.0667216988e-03
35.0,180.0,3.2108380118e-02,-6.3661795461e-03,-1.8344629120e-18,1.7989480176e-02,-3.3194910704e-03,-1.0306125087e-18,3.2064392695e-02,-6.3470817232e-03,0.0000000000e+00,1.7998615923e-02,-3.3344224687e-03,0.0000000000e+00,3.2016783240e-02,-6.3491152991e-03,-1.8299146412e-18,1.7935162024e-02,-3.3100858449e-03,-1.0278858996e-18,3.2044740390e-02,-6.3623760656e-03,-1.8339486865e-18,1.7952093350e-02,-3.3175574118e-03,-1.0302283221e-18
40.0,0.0,2.7204547662e-02,6.9945031445e-04,1.1265701788e-19,1.5261630861e-02,6.9260569026e-04,6.3155851301e-20,2.7207021144e-02,6.8602179978e-04,1.0934485540e-19,1.5270128830e-02,6.5844291091e-04,6.2026761073e-20,2.7075511585e-02,6.9870274182e-04,1.1351605862e-19,1.5186738735e-02,6.9064645121e-04,6.3626824570e-20,2.7102944826e-02,6.9908213651e-04,1.1304947454e-19,1.5203250667e-02,6.9121332948e-04,6.3370002199e-20
40.0,15.0,2.7238424859e-02,7.8399312888e-04,-2.6401694068e-04,1.5281559794e-02,7.4038393245e-04,-1.4800866347e-04,2.7240404700e-02,7.7102713657e-04,-2.5669995720e-04,1.5289997749e-02,7.0642786010e-04,-1.4544731562e-04,2.7109546882e-02,7.8205148887e-04,-2.6413405512e-04,1.5206739796e-02,7.3774905914e-04,-1.4804963625e-04,2.7137871861e-02,7.8273026937e-04,-2.6444584092e-04,1.5223756480e-02,7.3849713294e-04,-1.4823539507e-04
40.0,30.0,2.7351530597e-02,9.9520220966e-04,-6.5809085668e-04,1.5347311849e-02,8.6006033535e-04,-3.6892764490e-04,2.7352514611e-02,9.8508903449e-04,-6.4305929666e-04,1.5355923846e-02,8.2751002205e-04,-3.6344443053e-04,2.7224493659e-02,9.9162915842e-04,-6.5646949364e-04,1.5273494999e-02,8.5651124178e-04,-3.6795736052e-04,2.7254700398e-02,9.9312986531e-04,-6.5755236621e-04,1.5291580739e-02,8.5774972823e-04,-3.6859167247e-04
40.0,45.0,2.7573927108e-02,1.2169973361e-03,-1.2698314844e-03,1.5474461416e-02,9.8687933908e-04,-7.1187121690e-04,2.7573504550e-02,1.2128397005e-03,-1.2484812910e-03,1.5483707662e-02,9.5735999573e-04,-7.0399778232e-04,2.7450486901e-02,1.2130401079e-03,-1.2652439862e-03,1.5402635523e-02,9.8313344153e-04,-7.0918122180e-04,2.7483337020e-02,1.2155534117e-03,-1.2679375526e-03,1.5422224064e-02,9.8497823487e-04,-7.1074373253e-04
40.0,60.0,2.7942706719e-02,1.2894807704e-03,-2.1132605701e-03,1.5682040865e-02,1.0315940235e-03,-1.1847000111e-03,2.7939634001e-02,1.2928494528e-03,-2.0891730368e-03,1.5692134676e-02,1.0058437481e-03,-1.1761685963e-03,2.7823929585e-02,1.2862282519e-03,-2.1060871615e-03,1.5612802356e-02,1.0282872307e-03,-1.1804817748e-03,2.7859610688e-02,1.2894159773e-03,-2.1114223602e-03,1.5634001160e-02,1.0305447554e-03,-1.1835600311e-03
40.0,75.0,2.8486881643e-02,1.0494336185e-03,-3.1146219958e-03,1.5984515283e-02,9.0300603000e-04,-1.7460661336e-03,2.8479230904e-02,1.0593122133e-03,-3.0913177587e-03,1.5995414427e-02,8.8026535101e-04,-1.7386310985e-03,2.8373017834e-02,1.0470312828e-03,-3.1055672132e-03,1.5917990241e-02,9.0025154703e-04,-1.7406997976e-03,2.8411171979e-02,1.0497875754e-03,-3.1141763800e-03,1.5940593465e-02,9.0228498985e-04,-1.7456548547e-03
40.0,90.0,2.9212626390e-02,3.7455305850e-04,-4.1156841483e-03,1.6383996215e-02,5.3260692501e-04,-2.3072644827e-03,2.9198228345e-02,3.8903617087e-04,-4.0943508031e-03,1.6395606503e-02,5.1149699623e-04,-2.3014540177e-03,2.9103184357e-02,3.7337010002e-04,-4.1043408311e-03,1.6319896978e-02,5.3064660833e-04,-2.3005218575e-03,2.9143225174e-02,3.7414546529e-04,-4.1158888803e-03,1.6343565936e-02,5.3156282828e-04,-2.3071658533e-03
40.0,105.0,3.0091957167e-02,-7.7340388657e-04,-4.8953564662e-03,1.6864370514e-02,-1.0135559509e-04,-2.7443510477e-03,3.0068884402e-02,-7.5492086178e-04,-4.8754809749e-03,1.6876695339e-02,-1.2163045125e-04,-2.7397651202e-03,2.9988337093e-02,-7.7152380965e-04,-4.8810334998e-03,1.6803488919e-02,-1.0142876545e-04,-2.7358654448e-03,3.0027014562e-02,-7.7397542413e-04,-4.8941637764e-03,1.6826393759e-02,-1.0238374429e-04,-2.7434286673e-03
40.0,120.0,3.1057467395e-02,-2.3142486287e-03,-5.2130232363e-03,1.7388728034e-02,-9.5466321523e-04,-2.9224359614e-03,3.1024185084e-02,-2.2914573268e-03,-5.1951355055e-03,1.7401564989e-02,-9.7448527808e-04,-2.9190930804e-03,3.0958925715e-02,-2.3072403336e-03,-5.1975185410e-03,1.7330662697e-02,-9.5166310820e-04,-2.9132583039e-03,3.0994575379e-02,-2.3131809054e-03,-5.2098873857e-03,1.7351870566e-02,-9.5467073460e-04,-2.9204078694e-03
40.0,135.0,3.2005896052e-02,-4.0383940671e-03,-4.8734835322e-03,1.7901483556e-02,-1.9109383013e-03,-2.7320890175e-03,3.1961705213e-02,-4.0126149615e-03,-4.8598925525e-03,1.7914451102e-02,-1.9315023740e-03,-2.7307461946e-03,3.1911108333e-02,-4.0274849731e-03,-4.8612560354e-03,1.7845480357e-02,-1.9055504903e-03,-2.7247799889e-03,3.1942600214e-02,-4.0354723754e-03,-4.8703139566e-03,1.7864372729e-02,-1.9098223910e-03,-2.7300596256e-03
40.0,150.0,3.2812669323e-02,-5.6359827108e-03,-3.8000366300e-03,1.8336208799e-02,-2.7978157969e-03,-2.1303115675e-03,3.2758452856e-02,-5.6107960663e-03,-3.7924625175e-03,1.8348926588e-02,-2.8212003157e-03,-2.1310633046e-03,3.2720688768e-02,-5.6203868147e-03,-3.7901827321e-03,1.8281758632e-02,-2.7896216553e-03,-2.1244332715e-03,3.2747318273e-02,-5.6335961863e-03,-3.7987710210e-03,1.8297899582e-02,-2.7969406019e-03,-2.1294051028e-03
40.0,165.0,3.3356565788e-02,-6.7710810151e-03,-2.0869345181e-03,1.8628643165e-02,-3.4282724782e-03,-1.1699415499e-03,3.3295213130e-02,-6.7491504518e-03,-2.0842516255e-03,1.8640951956e-02,-3.4553862418e-03,-1.1712414374e-03,3.3266589519e-02,-6.7534722884e-03,-2.0817517096e-03,1.8575290117e-02,-3.4188226895e-03,-1.1668415238e-03,3.3289027987e-02,-6.7713677169e-03,-2.0871211167e-03,1.8589051361e-02,-3.4288618903e-03,-1.1699379434e-03
40.0,180.0,3.3548756728e-02,-7.1823694832e-03,-2.0144548721e-18,1.8731865068e-02,-3.6567643799e-03,-1.1293092499e-18,3.3484792192e-02,-7.1623252236e-03,0.0000000000e+00,1.8743992685e-02,-3.6856471697e-03,0.0000000000e+00,3.3460002837e-02,-7.1644506475e-03,-2.0097130605e-18,1.8679183525e-02,-3.6470891558e-03,-1.1264631796e-18,3.3480317809e-02,-7.1842417615e-03,-2.0150131070e-18,1.8691740989e-02,-3.6582315785e-03,-1.1295177225e-18
45.0,0.0,2.7465675115e-02,7.2047885464e-04,1.7007013324e-19,1.5356395351e-02,8.1024374972e-04,9.4988531544e-20,2.7472442361e-02,7.0697555580e-04,1.6655196043e-19,1.5370163385e-02,7.6263113522e-04,9.4086500024e-20,2.7335339931e-02,7.2017300189e-04,1.6948691677e-19,1.5281022008e-02,8.0800348453e-04,9.4647011230e-20,2.7363724864e-02,7.2048064695e-04,1.7031731283e-19,1.5298018442e-02,8.0865662201e-04,9.5117789707e-20
45.0,15.0,2.7504083286e-02,7.9571585782e-04,-3.8546690303e-04,1.5378971680e-02,8.5285050794e-04,-2.1529315219e-04,2.7509666757e-02,7.8329433365e-04,-3.7786308514e-04,1.5392334814e-02,8.0528060745e-04,-2.1325749891e-04,2.7373632841e-02,7.9397465688e-04,-3.8506958775e-04,1.5303508882e-02,8.4979960199e-04,-2.1503539205e-04,2.7402815120e-02,7.9458321016e-04,-3.8574376475e-04,1.5320956906e-02,8.5063578454e-04,-2.1542786042e-04
45.0,30.0,2.7633013478e-02,9.7948308559e-04,-8.9347128934e-04,1.5453735735e-02,9.5743927745e-04,-4.9902663175e-04,2.7636357830e-02,9.6979020763e-04,-8.7793331529e-04,1.5466669594e-02,9.1097545296e-04,-4.9453397006e-04,2.7503690856e-02,9.7573016957e-04,-8.9101444740e-04,1.5378860654e-02,9.5326387257e-04,-4.9757147049e-04,2.7534991182e-02,9.7706955802e-04,-8.9281286826e-04,1.5397508409e-02,9.5454746691e-04,-4.9861276718e-04
45.0,45.0,2.7889019238e-02,1.1573153780e-03,-1.6051641427e-03,1.5599411719e-02,1.0605983506e-03,-8.9652534458e-04,2.7890234120e-02,1.1532167912e-03,-1.5829709545e-03,1.5612820463e-02,1.0171187639e-03,-8.8990758624e-04,2.7763532748e-02,1.1533225824e-03,-1.5994547053e-03,1.5526651773e-02,1.0563286802e-03,-8.9318757068e-04,2.7797746724e-02,1.1555251955e-03,-1.6032271974e-03,1.5546951080e-02,1.0581454275e-03,-8.9536069396e-04
45.0,60.0,2.8318874220e-02,1.1719423867e-03,-2.5303572150e-03,1.5839798646e-02,1.0751514880e-03,-1.4132694057e-03,2.8317443440e-02,1.1757145659e-03,-2.5050243156e-03,1.5854547772e-02,1.0356610170e-03,-1.4060730945e-03,2.8199411719e-02,1.1693063321e-03,-2.5218845458e-03,1.5770383946e-02,1.0717267117e-03,-1.4083024193e-03,2.8236694424e-02,1.1719659822e-03,-2.5286574920e-03,1.5792422536e-02,1.0738454826e-03,-1.4121894455e-03
45.0,75.0,2.8961708593e-02,8.6237415747e-04,-3.5937241093e-03,1.6194369732e-02,9.1173076253e-04,-2.0071870905e-03,2.8955208849e-02,8.7307390893e-04,-3.5685190240e-03,1.6210587846e-02,8.7539439021e-04,-2.0009028694e-03,2.8848467257e-02,8.6119305049e-04,-3.5833435478e-03,1.6128392851e-02,9.0923833366e-04,-2.0010556771e-03,2.8888339267e-02,8.6310001804e-04,-3.5934780245e-03,1.6151893407e-02,9.1096297573e-04,-2.0068640197e-03
45.0,90.0,2.9829791629e-02,1.0613379718e-04,-4.6363862126e-03,1.6668162071e-02,5.0208765657e-04,-2.5895406184e-03,2.9814285989e-02,1.2164291291e-04,-4.6120227355e-03,1.6685269179e-02,4.6721405427e-04,-2.5843769175e-03,2.9721376252e-02,1.0623491005e-04,-4.6234460821e-03,1.6604821170e-02,5.0045141936e-04,-2.5818827882e-03,2.9762481345e-02,1.0590437219e-04,-4.6363674068e-03,1.6629012760e-02,5.0091399699e-04,-2.5892906169e-03
45.0,105.0,3.0892444941e-02,-1.1376940697e-03,-5.4339644933e-03,1.7243427608e-02,-1.7709357040e-04,-3.0350085453e-03,3.0864147181e-02,-1.1178547189e-03,-5.4099955672e-03,1.7260878402e-02,-2.1149716581e-04,-3.0305630177e-03,3.0789013146e-02,-1.1348193916e-03,-5.4181070290e-03,1.7182815959e-02,-1.7699323853e-04,-3.0256473277e-03,3.0827518253e-02,-1.1384065012e-03,-5.4319429981e-03,1.7205549570e-02,-1.7843887791e-04,-3.0335988937e-03
45.0,120.0,3.2067970305e-02,-2.7903772473e-03,-5.7372624682e-03,1.7875688363e-02,-1.0830361547e-03,-3.2044082436e-03,3.2025296409e-02,-2.7656642167e-03,-5.7154942800e-03,1.7893674829e-02,-1.1175133251e-03,-3.2013699177e-03,3.1968797881e-02,-2.7834318043e-03,-5.7221904522e-03,1.7817411152e-02,-1.0804475497e-03,-3.1954574093e-03,3.2002759773e-02,-2.7896642822e-03,-5.7335572635e-03,1.7837614430e-02,-1.0835055591e-03,-3.2020426168e-03
45.0,135.0,3.3228133090e-02,-4.6365082776e-03,-5.3389620025e-03,1.8496494188e-02,-2.0972905169e-03,-2.9819472175e-03,3.3172664794e-02,-4.6088889583e-03,-5.3235512714e-03,1.8516034770e-02,-2.1336198653e-03,-2.9819354340e-03,3.3134846360e-02,-4.6232071800e-03,-5.3243838539e-03,1.8441495747e-02,-2.0908950406e-03,-2.9733092559e-03,3.3162086492e-02,-4.6347338773e-03,-5.3368417399e-03,1.8457911507e-02,-2.0970855319e-03,-2.9804873144e-03
45.0,150.0,3.4217493193e-02,-6.3494896083e-03,-4.1536936345e-03,1.9023845100e-02,-3.0396864630e-03,-2.3199444330e-03,3.4153117963e-02,-6.3241850938e-03,-4.1468046780e-03,1.9045977215e-02,-3.0808478179e-03,-2.3229853297e-03,3.4131323296e-02,-6.3314166864e-03,-4.1432290440e-03,1.8972805252e-02,-3.0303625962e-03,-2.3137139628e-03,3.4151591795e-02,-6.3503937123e-03,-4.1551606633e-03,1.8985255009e-02,-3.0408885666e-03,-2.3205491655e-03
45.0,165.0,3.4885207452e-02,-7.5689484970e-03,-2.2790243789e-03,1.9378810887e-02,-3.7111145918e-03,-1.2728935703e-03,3.4816209628e-02,-7.5494498236e-03,-2.2777562955e-03,1.9403516986e-02,-3.7582463933e-03,-1.2760711128e-03,3.4796950708e-02,-7.5501971762e-03,-2.2743467038e-03,1.9326556164e-02,-3.7013308051e-03,-1.2700692308e-03,3.4820283321e-02,-7.5753057433e-03,-2.2816778284e-03,1.9340652999e-02,-3.7152866055e-03,-1.2742577266e-03
45.0,180.0,3.5121232437e-02,-8.0113545844e-03,-2.1993319922e-18,1.9504116443e-02,-3.9547934743e-03,-1.2283833283e-18,3.5050932357e-02,-7.9949766419e-03,0.0000000000e+00,1.9529889950e-02,-4.0047081331e-03,0.0000000000e+00,3.5032489679e-02,-7.9931139961e-03,-2.1943843556e-18,1.9451561752e-02,-3.9452615932e-03,-1.2254156527e-18,3.5056811235e-02,-8.0205816285e-03,-2.2026239511e-18,1.9466185343e-02,-3.9605387594e-03,-1.2301081922e-18
50.0,0.0,2.7726409792e-02,6.9578107133e-04,2.2522379336e-19,1.5411484125e-02,9.2960647729e-04,1.2500010430e-19,2.7736012407e-02,6.8456623897e-04,2.2143057504e-19,1.5434784496e-02,8.6110740164e-04,1.2468066389e-19,2.7594283115e-02,6.9635560884e-04,2.2437560104e-19,1.5335562225e-02,9.2718239963e-04,1.2450859688e-19,2.7623918393e-02,6.9648665333e-04,2.2556939936e-19,1.5353159284e-02,9.2790452459e-04,1.2518033837e-19
50.0,15.0,2.7769641566e-02,7.6333415228e-04,-5.0223693264e-04,1.5436816350e-02,9.6796903837e-04,-2.7874350230e-04,2.7777743321e-02,7.5184460270e-04,-4.9402720120e-04,1.5459585110e-02,8.9928398967e-04,-2.7790105522e-04,2.7637513395e-02,7.6205768909e-04,-5.0170827364e-04,1.5360853139e-02,9.6451075566e-04,-2.7840368071e-04,2.7667847922e-02,7.6245339682e-04,-5.0275932853e-04,1.5378845551e-02,9.6539631599e-04,-2.7900762712e-04
50.0,30.0,2.7915648473e-02,9.2415120144e-04,-1.1202831736e-03,1.5521051901e-02,1.0601392430e-03,-6.2176163295e-04,2.7920771771e-02,9.1426183870e-04,-1.1031790698e-03,1.5543094484e-02,9.9218378840e-04,-6.1929989659e-04,2.7784562815e-02,9.2017829110e-04,-1.1172490181e-03,1.5445600694e-02,1.0551887965e-03,-6.1997430629e-04,2.7817223613e-02,9.2121928143e-04,-1.1198055152e-03,1.5464903810e-02,1.0564849816e-03,-6.2143905025e-04
50.0,45.0,2.8208319678e-02,1.0645565079e-03,-1.9292105513e-03,1.5686337524e-02,1.1438471810e-03,-1.0707195564e-03,2.8210531983e-02,1.0606275775e-03,-1.9041468482e-03,1.5708857507e-02,1.0789137519e-03,-1.0665169731e-03,2.8081514194e-02,1.0604492962e-03,-1.9222311689e-03,1.5613232732e-02,1.1388920512e-03,-1.0666681431e-03,2.8117338250e-02,1.0621993792e-03,-1.9271499800e-03,1.5634318731e-02,1.1406501736e-03,-1.0694770092e-03
50.0,60.0,2.8704848611e-02,1.0291725247e-03,-2.9346523889e-03,1.5961391477e-02,1.1339244929e-03,-1.6287437895e-03,2.8703347870e-02,1.0341930144e-03,-2.9052530532e-03,1.5985622094e-02,1.0734120273e-03,-1.6240980934e-03,2.8584895099e-02,1.0273863350e-03,-2.9244654612e-03,1.5892090908e-02,1.1303939998e-03,-1.6228194577e-03,2.8623989544e-02,1.0293583753e-03,-2.9327387172e-03,1.5915017992e-02,1.1323388102e-03,-1.6275311546e-03
50.0,75.0,2.9454753609e-02,6.5874020457e-04,-4.0598358563e-03,1.6370593612e-02,9.4289686193e-04,-2.2532251051e-03,2.9446058883e-02,6.7176574760e-04,-4.0296219238e-03,1.6396793636e-02,8.8577225327e-04,-2.2494973548e-03,2.9341321193e-02,6.5921857054e-04,-4.0478546711e-03,1.6304890079e-02,9.4078335843e-04,-2.2462010268e-03,2.9383160818e-02,6.6015375667e-04,-4.0595753655e-03,1.6329351879e-02,9.4219211177e-04,-2.2528721508e-03
50.0,90.0,3.0476281506e-02,-1.7008685956e-04,-5.1456687270e-03,1.6921660750e-02,5.0262138568e-04,-2.8558666825e-03,3.0454697124e-02,-1.5176613671e-04,-5.1153173514e-03,1.6949206085e-02,4.4651588321e-04,-2.8530614834e-03,3.0368273975e-02,-1.6851424037e-04,-5.1313925698e-03,1.6858899003e-02,5.0129512627e-04,-2.8474686460e-03,3.0409885395e-02,-1.7001830893e-04,-5.1456554843e-03,1.6883227410e-02,5.0131228012e-04,-2.8555952026e-03
50.0,105.0,3.1735798933e-02,-1.5022431125e-03,-5.9647938760e-03,1.7595034274e-02,-2.1251519658e-04,-3.3104844097e-03,3.1696418872e-02,-1.4792657489e-03,-5.9340056721e-03,1.7623794435e-02,-2.6917349035e-04,-3.3081715872e-03,3.1632197507e-02,-1.4989278469e-03,-5.9484024758e-03,1.7534640941e-02,-2.1266832769e-04,-3.3008368222e-03,3.1670060359e-02,-1.5035501985e-03,-5.9626025465e-03,1.7556876836e-02,-2.1450916896e-04,-3.3089621486e-03
50.0,120.0,3.3136855540e-02,-3.2621762210e-03,-6.2588465962e-03,1.8338630702e-02,-1.1624445377e-03,-3.4736848431e-03,3.3078980435e-02,-3.2336379875e-03,-6.2307834574e-03,1.8370016429e-02,-1.2205208000e-03,-3.4731005727e-03,3.3038843175e-02,-3.2549397089e-03,-6.2423368921e-03,1.8281293598e-02,-1.1601525486e-03,-3.4639444042e-03,3.3069976625e-02,-3.2628126832e-03,-6.2555008235e-03,1.8299784399e-02,-1.1640005967e-03,-3.4715068267e-03
50.0,135.0,3.4525126851e-02,-5.2296767215e-03,-5.8066359237e-03,1.9071060243e-02,-2.2278968469e-03,-3.2227061149e-03,3.4453276746e-02,-5.1978726431e-03,-5.7875346620e-03,1.9108009300e-02,-2.2897248912e-03,-3.2261464763e-03,3.4437434480e-02,-5.2142289417e-03,-5.7900403006e-03,1.9019492149e-02,-2.2206657455e-03,-3.2129598332e-03,3.4459203243e-02,-5.2302955412e-03,-5.8066602776e-03,1.9032677026e-02,-2.2293258542e-03,-3.2224215715e-03
50.0,150.0,3.5712141670e-02,-7.0606744723e-03,-4.5119867139e-03,1.9694396365e-02,-3.2214853347e-03,-2.5041706359e-03,3.5633607846e-02,-7.0321745419e-03,-4.5046136839e-03,1.9739319493e-02,-3.2908622605e-03,-2.5113162494e-03,3.5623878979e-02,-7.0405563388e-03,-4.5017159472e-03,1.9642499179e-02,-3.2115065407e-03,-2.4980538593e-03,3.5650827743e-02,-7.0661668142e-03,-4.5172810484e-03,1.9658419774e-02,-3.2254384039e-03,-2.5068771375e-03
50.0,165.0,3.6514502661e-02,-8.3679312916e-03,-2.4747042854e-03,2.0114376029e-02,-3.9317504499e-03,-1.3734707562e-03,3.6434796653e-02,-8.3473701153e-03,-2.4743470846e-03,2.0166649287e-02,-4.0098694865e-03,-1.3796129820e-03,3.6428733490e-02,-8.3482591176e-03,-2.4710980848e-03,2.0063784649e-02,-3.9218520430e-03,-1.3712406958e-03,3.6459052757e-02,-8.3816927603e-03,-2.4805533092e-03,2.0081454887e-02,-3.9401147860e-03,-1.3765896593e-03
50.0,180.0,3.6798325203e-02,-8.8429939394e-03,-2.3880242030e-18,2.0262689549e-02,-4.1900157997e-03,-1.3253629645e-18,3.6718915243e-02,-8.8266672563e-03,0.0000000000e+00,2.0317977597e-02,-4.2721471241e-03,0.0000000000e+00,3.6713962475e-02,-8.8245371832e-03,-2.3840935565e-18,2.0212830576e-02,-4.1807216629e-03,-1.3229608842e-18,3.6745506980e-02,-8.8609494804e-03,-2.3948546247e-18,2.0231133897e-02,-4.2006336567e-03,-1.3290309462e-18
55.0,0.0,2.7976886274e-02,6.3353342334e-04,2.7730600778e-19,1.5394514437e-02,1.0609933421e-03,1.5226615105e-19,2.7989893365e-02,6.2405620909e-04,2.7372524086e-19,1.5436840362e-02,9.5976927149e-04,1.5311300306e-19,2.7842679109e-02,6.3523415335e-04,2.7741290459e-19,1.5318232822e-02,1.0583326407e-03,1.5229945668e-19,2.7873334616e-02,6.3511972839e-04,2.7805438919e-19,1.5336215896e-02,1.0591292108e-03,1.5266295967e-19
55.0,15.0,2.8024873517e-02,6.9495281233e-04,-6.1261137867e-04,1.5422456881e-02,1.0959769830e-03,-3.3637921322e-04,2.8036666048e-02,6.8459480813e-04,-6.0463314002e-04,1.5464342282e-02,9.9433517092e-04,-3.3788121385e-04,2.7890779014e-02,6.9429374652e-04,-6.1236050091e-04,1.5346172416e-02,1.0920164005e-03,-3.3618541184e-04,2.7922510458e-02,6.9440856145e-04,-6.1377410439e-04,1.5364754772e-02,1.0929688760e-03,-3.3698648533e-04
55.0,30.0,2.8188404611e-02,8.3715525037e-04,-1.3351968354e-03,1.5515969696e-02,1.1783092115e-03,-7.3314417039e-04,2.8197505703e-02,8.2732144997e-04,-1.3176797096e-03,1.5557378302e-02,1.0770529443e-03,-7.3466942124e-04,2.8056358243e-02,8.3291399762e-04,-1.3319056771e-03,1.5440704033e-02,1.1724183425e-03,-7.3121512235e-04,2.8090573769e-02,8.3359036686e-04,-1.3352014819e-03,1.5460673036e-02,1.1737487119e-03,-7.3307891516e-04
55.0,45.0,2.8519964915e-02,9.4654836148e-04,-2.2371574395e-03,1.5701009179e-02,1.2468875510e-03,-1.2284023535e-03,2.8525665345e-02,9.4254133248e-04,-2.2102849011e-03,1.5743090884e-02,1.1488050177e-03,-1.2290256225e-03,2.8392860565e-02,9.4225084823e-04,-2.2287941576e-03,1.5628427322e-02,1.2410802149e-03,-1.2236061612e-03,2.8430458117e-02,9.4348913804e-04,-2.2348297549e-03,1.5650283435e-02,1.2428106826e-03,-1.2270107505e-03
55.0,60.0,2.9087713903e-02,8.6898660642e-04,-3.3199511998e-03,1.6011114245e-02,1.2187175261e-03,-1.8229543417e-03,2.9087799382e-02,8.7492807221e-04,-3.2875521721e-03,1.6055094528e-02,1.1256435021e-03,-1.8236392436e-03,2.8967278345e-02,8.6817588219e-04,-3.3077670261e-03,1.5942234613e-02,1.2150010579e-03,-1.8159613794e-03,2.9008267520e-02,8.6940595077e-04,-3.3174208959e-03,1.5965977945e-02,1.2168114702e-03,-1.8213965041e-03
55.0,75.0,2.9950904459e-02,4.4643884573e-04,-4.5054976880e-03,1.6474829027e-02,1.0084419105e-03,-2.4739268976e-03,2.9940642287e-02,4.6133055765e-04,-4.4717748899e-03,1.6521434522e-02,9.1894402433e-04,-2.4760177114e-03,2.9836135411e-02,4.4876824321e-04,-4.4919455170e-03,1.6409066343e-02,1.0066306096e-03,-2.4660743979e-03,2.9879871999e-02,4.4873996244e-04,-4.5050690097e-03,1.6434322326e-02,1.0078039190e-03,-2.4734627299e-03
55.0,90.0,3.1132826534e-02,-4.4600965683e-04,-5.6350730728e-03,1.7101773197e-02,5.4799074143e-04,-3.0941662410e-03,3.1106214778e-02,-4.2583277300e-04,-5.6008671719e-03,1.7151589355e-02,4.5861258553e-04,-3.0975222194e-03,3.1024187523e-02,-4.4310746986e-04,-5.6203014795e-03,1.7039289606e-02,5.4672713620e-04,-3.0855408942e-03,3.1066095873e-02,-4.4565808324e-04,-5.6354904098e-03,1.7063523249e-02,5.4643339173e-04,-3.0941092052e-03
55.0,105.0,3.2596984063e-02,-1.8585642192e-03,-6.4789180853e-03,1.7870606491e-02,-1.9116270115e-04,-3.5575136930e-03,3.2549816726e-02,-1.8341932371e-03,-6.4439498564e-03,1.7925291809e-02,-2.8299042211e-04,-3.5615278254e-03,3.2494257172e-02,-1.8558579944e-03,-6.4640734139e-03,1.7811238996e-02,-1.9226020398e-04,-3.5487709929e-03,3.2530801730e-02,-1.8609396668e-03,-6.4774167381e-03,1.7832517346e-02,-1.9413657479e-04,-3.5563603694e-03
55.0,120.0,3.4233397044e-02,-3.7204076614e-03,-6.7691682407e-03,1.8722679119e-02,-1.1728934303e-03,-3.7168873551e-03,3.4166451856e-02,-3.6905744352e-03,-6.7375289549e-03,1.8785721209e-02,-1.2686779947e-03,-3.7230023267e-03,3.4141509947e-02,-3.7121326859e-03,-6.7493826769e-03,1.8669268883e-02,-1.1704906504e-03,-3.7054055438e-03,3.4167329110e-02,-3.7232532791e-03,-6.7671335543e-03,1.8684562067e-02,-1.1760320122e-03,-3.7154264670e-03
55.0,135.0,3.5862452755e-02,-5.8074756060e-03,-6.2691088514e-03,1.9564969671e-02,-2.2786133183e-03,-3.4423093930e-03,3.5782063382e-02,-5.7746024632e-03,-6.2486782850e-03,1.9640778239e-02,-2.3814067589e-03,-3.4531101948e-03,3.5771713383e-02,-5.7900963651e-03,-6.2506833801e-03,1.9512281720e-02,-2.2709933841e-03,-3.4316200397e-03,3.5800016782e-02,-5.8114833057e-03,-6.2720686482e-03,1.9528741352e-02,-2.2821958302e-03,-3.4436160705e-03
55.0,150.0,3.7261168625e-02,-7.7576931326e-03,-4.8695244935e-03,2.0284133157e-02,-3.3149773177e-03,-2.6738106325e-03,3.7176053364e-02,-7.7297815464e-03,-4.8634989736e-03,2.0375206010e-02,-3.4294104683e-03,-2.6881537693e-03,3.7172737452e-02,-7.7355832593e-03,-4.8596289653e-03,2.0232714394e-02,-3.3045259339e-03,-2.6679323090e-03,3.7206978089e-02,-7.7688587093e-03,-4.8792696123e-03,2.0252187929e-02,-3.3221881223e-03,-2.6789137989e-03
55.0,165.0,3.8209619830e-02,-9.1549952724e-03,-2.6711423932e-03,2.0769880850e-02,-4.0588851545e-03,-1.4666994573e-03,3.8125565784e-02,-9.1376828186e-03,-2.6727780088e-03,2.0873904181e-02,-4.1859790502e-03,-1.4775533792e-03,3.8126277023e-02,-9.1345198055e-03,-2.6687161560e-03,2.0721136003e-02,-4.0490784129e-03,-1.4651229769e-03,3.8164478097e-02,-9.1773702358e-03,-2.6805584699e-03,2.0742578647e-02,-4.0719576688e-03,-1.4717336086e-03
55.0,180.0,3.8545691370e-02,-9.6637863914e-03,-2.5778405522e-18,2.0941650936e-02,-4.3299962630e-03,-1.4154682838e-18,3.8462958346e-02,-9.6520707665e-03,0.0000000000e+00,2.1050792689e-02,-4.4627719878e-03,0.0000000000e+00,3.8465156448e-02,-9.6451689561e-03,-2.5773748021e-18,2.0894373313e-02,-4.3210939632e-03,-1.4149766486e-18,3.8504598637e-02,-9.6918474034e-03,-2.5885545522e-18,2.0916413452e-02,-4.3460657846e-03,-1.4212197849e-18
60.0,0.0,2.8207467120e-02,5.4317341188e-04,3.2536227865e-19,1.5255018272e-02,1.2148775435e-03,1.7543441847e-19,2.8224043211e-02,5.3600843638e-04,3.2220774880e-19,1.5338456339e-02,1.0622999179e-03,1.7832849797e-19,2.8070442153e-02,5.4671034846e-04,3.2930129064e-19,1.5178584389e-02,1.2121098298e-03,1.7752872609e-19,2.8102910475e-02,5.4622783737e-04,3.2674591660e-19,1.5197232355e-02,1.2129997161e-03,1.7616417771e-19
60.0,15.0,2.8260285004e-02,6.0019677745e-04,-7.1456940375e-04,1.5285412547e-02,1.2474061778e-03,-3.8529379718e-04,2.8276082913e-02,5.9122257697e-04,-7.0717410982e-04,1.5368609201e-02,1.0940952363e-03,-3.9094289575e-04,2.8124376573e-02,6.0049002099e-04,-7.1495593340e-04,1.5209470689e-02,1.2429176052e-03,-3.8543795506e-04,2.8157676078e-02,6.0020774658e-04,-7.1675036060e-04,1.5228576440e-02,1.2439450829e-03,-3.8643401948e-04
60.0,30.0,2.8441790178e-02,7.2838070379e-04,-1.5342745170e-03,1.5387646499e-02,1.3225786109e-03,-8.2727647094e-04,2.8455536609e-02,7.1827063677e-04,-1.5165520745e-03,1.5470758941e-02,1.1692168902e-03,-8.3602639367e-04,2.8309286117e-02,7.2353566419e-04,-1.5309670626e-03,1.5313358460e-02,1.3154135361e-03,-8.2535550278e-04,2.8345226894e-02,7.2372918459e-04,-1.5350400691e-03,1.5333914108e-02,1.3167896630e-03,-8.2761270393e-04
60.0,45.0,2.8813409187e-02,8.1296399435e-04,-2.5233018263e-03,1.5591152936e-02,1.3804091115e-03,-1.3605571929e-03,2.8823062786e-02,8.0850793406e-04,-2.4943337159e-03,1.5675184588e-02,1.2305769180e-03,-1.3702958879e-03,2.8686384744e-02,8.0803509482e-04,-2.5132994133e-03,1.5519787755e-02,1.3733680796e-03,-1.3549380334e-03,2.8725870520e-02,8.0864572216e-04,-2.5205381814e-03,1.5542287128e-02,1.3750895968e-03,-1.3589413473e-03
60.0,60.0,2.9454165994e-02,7.0027462028e-04,-3.6789256249e-03,1.5933599426e-02,1.3404677291e-03,-1.9836662697e-03,2.9455567175e-02,7.0744446017e-04,-3.6429471951e-03,1.6020018443e-02,1.1966793320e-03,-1.9948498748e-03,2.9332965491e-02,7.0063239574e-04,-3.6642844783e-03,1.5865495322e-02,1.3364788867e-03,-1.9754424715e-03,2.9375927977e-02,7.0101795595e-04,-3.6753589290e-03,1.5889890894e-02,1.3381896637e-03,-1.9815598318e-03
60.0,75.0,3.0432465212e-02,2.3362504543e-04,-4.9218888689e-03,1.6446818607e-02,1.1203486724e-03,-2.6538685279e-03,3.0419720030e-02,2.5130512590e-04,-4.8843128782e-03,1.6537599616e-02,9.8047494664e-04,-2.6678607773e-03,3.0315948383e-02,2.3857398472e-04,-4.9066227914e-03,1.6381308545e-02,1.1190291667e-03,-2.6451961116e-03,3.0361235980e-02,2.3751159940e-04,-4.9212000210e-03,1.6406950977e-02,1.1200176674e-03,-2.6532516889e-03
60.0,90.0,3.1776278764e-02,-7.1332882401e-04,-6.0945043656e-03,1.7141793190e-02,6.5271641978e-04,-3.2861394801e-03,3.1743820427e-02,-6.9071551919e-04,-6.0567456028e-03,1.7240066571e-02,5.1131137162e-04,-3.3026196208e-03,3.1666503113e-02,-7.0872927626e-04,-6.0797985863e-03,1.7079796756e-02,6.5150633659e-04,-3.2776637340e-03,3.1708774119e-02,-7.1234215824e-04,-6.0959168374e-03,1.7103778344e-02,6.5098399220e-04,-3.2865970851e-03
60.0,105.0,3.3446843372e-02,-2.1970700476e-03,-6.9654186075e-03,1.7995738650e-02,-9.4206670793e-05,-3.7557339709e-03,3.3391955107e-02,-2.1719040324e-03,-6.9268726992e-03,1.8106438011e-02,-2.4170909295e-04,-3.7735926557e-03,3.3345879896e-02,-2.1951204402e-03,-6.9508222723e-03,1.7938272742e-02,-9.6435651662e-05,-3.7472389521e-03,3.3380974785e-02,-2.2013586096e-03,-6.9655677190e-03,1.7958356207e-02,-9.8665916712e-05,-3.7554670072e-03
60.0,120.0,3.5322021497e-02,-4.1537362266e-03,-7.2572761166e-03,1.8944764233e-02,-1.0899129447e-03,-3.9131027126e-03,3.5246890249e-02,-4.1240007083e-03,-7.2223912594e-03,1.9074169959e-02,-1.2460857461e-03,-3.9333699183e-03,3.5233148839e-02,-4.1458766964e-03,-7.2351191775e-03,1.8893863365e-02,-1.0883891218e-03,-3.9005054859e-03,3.5258714343e-02,-4.1604739732e-03,-7.2573404265e-03,1.8908597538e-02,-1.0955193257e-03,-3.9127754737e-03
60.0,135.0,3.7197823925e-02,-6.3573952686e-03,-6.7165101044e-03,1.9886058456e-02,-2.2190208708e-03,-3.6215232116e-03,3.7109665234e-02,-6.3241038634e-03,-6.6946421913e-03,2.0039936368e-02,-2.3873236314e-03,-3.6463100024e-03,3.7106772050e-02,-6.3384916624e-03,-6.6964477078e-03,1.9834184422e-02,-2.2114151598e-03,-3.6101037702e-03,3.7141136963e-02,-6.3658030481e-03,-6.7227405209e-03,1.9853325956e-02,-2.2252086244e-03,-3.6245473797e-03
60.0,150.0,3.8815904215e-02,-8.4279473556e-03,-5.2187738099e-03,2.0692483080e-02,-3.2846454020e-03,-2.8139480466e-03,3.8723811279e-02,-8.3990280187e-03,-5.2137500804e-03,2.0872527877e-02,-3.4698322896e-03,-2.8405248250e-03,3.8728901596e-02,-8.4018941688e-03,-5.2089397480e-03,2.0642895131e-02,-3.2728683515e-03,-2.8081773865e-03,3.8770159790e-02,-8.4436029268e-03,-5.2329370244e-03,2.0665349709e-02,-3.2942919610e-03,-2.8213238517e-03
60.0,165.0,3.9917119613e-02,-9.9181114526e-03,-2.8642479434e-03,2.1238664342e-02,-4.0536371629e-03,-1.5443943729e-03,3.9826865349e-02,-9.8999709325e-03,-2.8675697765e-03,2.1439397491e-02,-4.2559002043e-03,-1.5626997763e-03,3.9836587100e-02,-9.8970819815e-03,-2.8640183314e-03,2.1192315745e-02,-4.0442338940e-03,-1.5440131585e-03,3.9882377536e-02,-9.9455768230e-03,-2.8771353702e-03,2.1217037461e-02,-4.0692321121e-03,-1.5511997577e-03
60.0,180.0,4.0308104212e-02,-1.0462041151e-02,-2.7648462171e-18,2.1432099948e-02,-4.3346878548e-03,-1.4907972438e-18,4.0219454772e-02,-1.0449819608e-02,0.0000000000e+00,2.1640787389e-02,-4.5443779901e-03,0.0000000000e+00,4.0230360107e-02,-1.0446107832e-02,-2.7719923261e-18,2.1387058666e-02,-4.3278990748e-03,-1.4944012682e-18,4.0278074122e-02,-1.0495588738e-02,-2.7793505675e-18,2.1412801618e-02,-4.3533881202e-03,-1.4984793457e-18
