case_id,sza,vza,raa,wind,aerosol,aod865,chl,tsm,acdom440
G0001,47.3232,40.4123,58.9448,9.8627,M98C,0.22392,2.30342,7.14600,0.071597
G0002,52.0682,45.8110,0.2851,4.5561,M98C,0.05156,0.72161,3.34928,0.060791
G0003,43.0794,9.7730,132.5097,2.0165,C50,0.05385,0.49252,1.09431,0.026301
G0004,49.4859,26.5050,16.1094,7.3178,O99,0.16990,0.74540,2.19351,0.050151
G0005,57.3347,13.6060,11.4517,6.8281,M80C,0.12743,0.50386,1.33942,0.031513
G0006,51.0018,25.3124,57.2929,7.2900,M95C,0.11064,1.28114,9.75233,0.056293
G0007,33.7567,52.2993,122.7102,1.0918,T50,0.27530,0.27683,0.52465,0.021868
G0008,21.7036,43.4591,59.6407,6.4617,M80C,0.06209,1.40754,1.30099,0.060057
G0009,40.6887,48.8598,0.2803,7.5991,M98C,0.08619,0.67433,0.59243,0.042109
G0010,49.1633,32.9961,63.3697,8.1520,M80C,0.12120,0.93930,3.51880,0.037129
G0011,6.8510,50.2124,117.6739,2.6815,M80C,0.23364,0.57226,1.36707,0.024067
G0012,53.9590,41.7731,103.3892,8.1942,C50,0.26285,3.01751,16.45298,0.051220
G0013,51.2622,40.9104,44.5919,3.1455,O99,0.24318,0.47016,0.43393,0.016192
G0014,53.3867,48.7275,96.9143,3.7420,M95C,0.13045,1.05478,1.33279,0.025710
G0015,63.7672,16.4372,29.6068,2.1785,M98C,0.14581,0.33400,0.15129,0.015010
G0016,44.1752,34.6272,89.7916,5.8475,T50,0.12542,1.80514,2.75815,0.032794
G0017,59.9900,15.4634,31.3219,9.5930,M98C,0.07439,0.56777,3.19845,0.089376
G0018,39.3651,15.9793,66.3094,1.5956,T50,0.29864,0.67124,2.40918,0.035963
G0019,31.4832,34.5327,48.8323,4.7646,C50,0.08891,0.35246,0.19529,0.021362
G0020,23.1032,54.1834,89.6657,2.8101,C50,0.09211,0.68645,1.51444,0.021203
G0021,33.2436,47.4257,95.1167,7.4519,M95C,0.26080,0.51860,1.37606,0.053205
G0022,24.7738,52.5465,89.6368,5.4646,M80C,0.13890,0.63258,0.64481,0.024576
G0023,44.6770,15.5524,62.6577,4.3845,M98C,0.08529,1.08863,11.04735,0.028222
G0024,62.7823,25.0145,16.8748,5.5337,M80C,0.10781,0.36499,0.36304,0.015214
G0025,22.2217,46.4972,56.6110,2.7008,M98C,0.19698,0.35039,1.42789,0.018056
G0026,1.8629,54.1491,128.4084,3.9900,O99,0.18934,0.29806,0.15621,0.019631
G0027,63.6400,16.4528,84.6370,4.2477,T50,0.12466,0.65323,3.12467,0.029433
G0028,64.1997,21.0846,91.8579,5.4620,M80C,0.29363,3.27435,3.33805,0.054223
G0029,20.9810,40.9258,26.2743,3.0711,C50,0.24200,1.43185,4.62705,0.032143
G0030,57.9083,30.4870,40.5189,3.1130,M98C,0.24130,0.24205,0.31617,0.016017
G0031,46.3302,16.3210,51.0353,4.3249,C50,0.28820,0.31623,0.38097,0.015426
G0032,60.8770,26.3013,37.2580,9.5613,C50,0.06853,1.88273,5.52620,0.057652
G0033,63.2389,24.3690,6.0863,1.8314,C50,0.26524,1.07124,2.30867,0.063576
G0034,59.1112,48.0707,115.2293,3.7887,M95C,0.22907,0.19746,0.31206,0.020555
G0035,49.6766,1.7575,161.0313,1.7758,T50,0.28646,0.61825,0.80431,0.019770
G0036,62.8280,7.5066,29.2496,4.3025,M95C,0.20884,0.17041,0.18382,0.020891
G0037,46.2010,42.8843,50.3317,3.5686,C50,0.19242,0.57878,2.52637,0.027886
G0038,45.0035,17.8920,3.7834,5.7449,M80C,0.23290,0.72107,1.47467,0.053727
G0039,47.4235,18.1010,33.0576,4.2710,O99,0.13641,0.45151,1.43329,0.024188
G0040,45.4048,35.9592,74.1994,8.8610,M98C,0.27877,0.45859,0.74917,0.047406
G0041,58.3759,36.2407,70.4963,3.5259,O99,0.24534,1.83540,3.09198,0.029043
G0042,40.6709,28.6601,3.4499,7.1090,O99,0.16001,0.67342,2.07253,0.026322
G0043,56.3840,32.8326,78.3213,6.6506,M80C,0.09827,0.31931,0.62054,0.032273
G0044,4.6382,46.4619,51.6929,1.4520,O99,0.17381,1.20345,6.36158,0.064910
G0045,48.8223,30.6933,43.7078,8.8052,C50,0.16052,0.17648,0.17466,0.022246
G0046,17.4722,44.3844,15.7985,4.0393,T50,0.16395,0.47084,0.97854,0.031552
G0047,6.7407,34.0545,79.1974,2.2594,M95C,0.12320,0.49730,0.91413,0.043288
G0048,64.5826,34.0564,39.8330,4.9724,M98C,0.08187,3.12754,8.38017,0.080835
G0049,26.5884,39.3327,20.2373,9.5503,O99,0.12373,0.43396,1.14875,0.041964
G0050,25.5724,42.3732,51.0154,5.2150,O99,0.19366,1.97559,8.04356,0.032718
G0051,44.7201,46.0720,111.1114,8.4364,M95C,0.09494,3.63942,13.95263,0.072093
G0052,42.6050,1.7054,52.2355,1.0320,T50,0.22639,1.32868,1.11755,0.024774
G0053,57.5520,47.9594,60.8665,9.3803,M98C,0.05811,0.55501,2.46745,0.052149
G0054,57.1882,47.5901,109.5610,3.2240,O99,0.07366,0.62312,1.78499,0.018924
G0055,34.6231,52.2618,91.2969,7.3673,T50,0.15333,0.69232,6.00199,0.038178
G0056,59.9531,54.7121,51.1605,7.6421,M95C,0.19757,0.95002,4.28270,0.047183
G0057,37.1232,46.0272,80.2754,5.5720,T50,0.09142,0.17700,0.56531,0.019475
G0058,55.8142,46.1663,55.8604,8.8044,O99,0.27543,0.44823,1.81288,0.031843
G0059,37.4882,36.4335,66.7962,9.0470,M80C,0.21964,2.29832,2.30920,0.035130
G0060,46.8957,7.5590,27.0296,3.7739,M98C,0.29825,0.41918,0.60831,0.018321
G0061,29.2568,40.4979,23.9907,7.1273,M98C,0.27558,0.33364,1.63799,0.025975
G0062,26.9324,29.2076,43.5731,6.1157,C50,0.21495,0.16272,0.10479,0.016190
G0063,62.2011,21.8433,113.9576,4.5351,T50,0.05449,0.20655,0.44345,0.024428
G0064,43.8678,25.2738,65.0771,9.5520,M80C,0.07916,0.61981,0.85151,0.023852
G0065,49.3952,18.9592,123.1485,3.1909,C50,0.11502,1.34829,1.73543,0.026287
G0066,52.4518,44.6563,11.2398,5.7942,O99,0.18401,2.50603,5.34495,0.064333
G0067,32.2897,44.4347,8.2322,4.0632,O99,0.24327,0.21518,0.33021,0.024084
G0068,23.7363,42.0229,42.3007,8.7102,T50,0.10999,0.27129,0.37002,0.016052
G0069,46.6702,34.4836,57.1796,5.4013,T50,0.14188,0.52894,0.41472,0.038399
G0070,57.8687,33.2782,23.3740,6.7332,M95C,0.28051,0.59124,0.31241,0.034781
G0071,42.0551,25.0326,11.9707,2.4845,O99,0.16883,3.17949,4.54174,0.054303
G0072,42.3872,31.2304,72.3054,4.8288,C50,0.14578,0.37479,2.25811,0.030290
G0073,52.7084,2.9950,60.4374,3.0545,M95C,0.14195,1.32779,1.98665,0.032787
G0074,42.4157,30.4919,90.9605,4.0201,M98C,0.20707,1.86023,2.22722,0.055487
G0075,34.9865,36.3011,5.5594,5.2085,M80C,0.19808,0.43896,2.36464,0.046776
G0076,27.6210,54.9085,83.3555,2.1115,M80C,0.12267,1.76058,2.43878,0.043713
G0077,33.6743,44.4807,45.6095,7.6443,O99,0.26561,0.30741,0.35611,0.027931
G0078,55.1110,12.9555,15.3152,2.2340,M80C,0.28187,1.56196,1.71523,0.072673
G0079,48.5689,9.8459,37.4854,4.2607,M80C,0.13516,0.30549,0.49244,0.027471
G0080,1.8793,40.5803,42.0101,2.8142,O99,0.12637,0.43502,0.73234,0.029913
G0081,43.6965,50.6347,130.1219,2.6583,O99,0.18655,0.49329,0.43991,0.034421
G0082,61.3173,47.1769,119.0833,9.9389,T50,0.08101,2.73741,7.39481,0.044993
G0083,43.0710,7.5213,25.2904,2.2541,O99,0.06429,1.39456,2.71547,0.057039
G0084,62.3584,38.6492,109.9912,9.9035,M80C,0.13105,0.62936,7.28420,0.029697
G0085,25.8665,17.4685,2.8502,3.5871,O99,0.20077,0.98124,4.14714,0.061625
G0086,61.4746,33.0153,104.3245,1.4825,O99,0.29618,0.97820,8.12494,0.036322
G0087,38.9398,42.3550,88.6706,9.2912,M80C,0.16818,0.18836,2.20753,0.024733
G0088,39.8472,21.1533,15.2490,5.6495,M95C,0.26740,0.30749,2.25661,0.042608
G0089,59.7679,20.9274,64.2550,7.4476,O99,0.14440,2.12521,3.39843,0.035659
G0090,39.6386,20.5202,83.4313,1.5778,C50,0.18052,0.85025,2.55459,0.042961
G0091,49.4168,25.6004,13.3329,5.7161,M80C,0.17650,0.19625,0.27810,0.024694
G0092,63.5510,49.3069,11.7058,9.3374,M95C,0.05355,1.59087,6.30596,0.056029
G0093,62.3303,0.2370,150.0751,9.7953,M95C,0.29805,0.44350,0.58472,0.018136
G0094,58.7739,32.1896,14.5762,5.4671,M80C,0.08864,2.03144,6.09025,0.056158
G0095,36.3176,40.9601,83.5762,7.5819,T50,0.25371,0.43689,0.70247,0.029575
G0096,20.2215,46.8354,14.3173,9.0834,O99,0.12542,0.26526,0.43234,0.016037
G0097,30.7860,40.7382,5.1120,5.6224,M95C,0.15513,0.28877,0.25560,0.011118
G0098,30.5450,25.4498,40.6219,2.5468,C50,0.07092,1.42261,2.56133,0.029274
G0099,39.7284,21.1214,50.2852,1.4605,M80C,0.11534,0.84601,1.30828,0.035229
G0100,48.4868,44.2376,107.1261,9.8535,O99,0.20250,1.08395,2.00264,0.054872
G0101,56.2440,31.5618,31.0985,5.7671,M98C,0.20238,0.92445,1.38991,0.015159
G0102,22.1328,45.4483,78.7668,1.1850,M95C,0.29221,0.45325,0.34142,0.020946
G0103,61.7313,19.7832,137.1314,2.6929,M80C,0.29624,0.56952,0.51113,0.016570
G0104,57.1061,27.5944,58.3830,6.8120,M95C,0.14189,0.61281,0.61034,0.011035
G0105,41.7763,49.0602,0.0007,8.5285,M95C,0.05086,0.46645,0.75227,0.018540
G0106,48.8107,18.8508,92.4629,1.6868,T50,0.19193,0.65296,0.60402,0.029198
G0107,55.6395,34.6001,46.9325,3.7159,M80C,0.11426,0.29210,0.12696,0.012476
G0108,28.2177,35.7184,47.0368,3.2884,M95C,0.27458,1.28473,5.34321,0.030743
G0109,61.9035,41.2036,15.3381,5.8539,T50,0.05530,1.67130,5.21215,0.026395
G0110,25.0607,32.8161,31.3620,5.1601,C50,0.07547,1.15540,4.68101,0.039845
G0111,42.5643,11.5563,9.7427,6.2507,O99,0.06549,0.72626,0.69564,0.043580
G0112,64.4809,30.6979,91.0476,7.0169,M98C,0.19498,0.28834,0.26296,0.026219
G0113,48.7009,53.0874,101.4564,3.2808,M98C,0.12006,0.75308,2.97942,0.035533
G0114,64.0134,48.7732,27.6809,8.3657,T50,0.10060,1.09094,2.47623,0.027018
G0115,36.3785,16.1223,2.8570,4.2555,M95C,0.26247,1.55670,1.85004,0.031466
G0116,32.6472,40.3171,61.8090,3.8134,M80C,0.28699,3.50293,5.67334,0.075434
G0117,43.6510,48.5540,112.1367,5.8835,M98C,0.19978,2.73553,6.67410,0.069231
G0118,45.9990,11.3899,33.4985,6.0747,M95C,0.22282,1.08731,3.10349,0.045842
G0119,53.9965,50.2127,99.5672,7.2669,M80C,0.23565,0.55153,1.05934,0.025834
G0120,58.3830,52.4852,66.3892,4.6131,M95C,0.28757,0.31676,0.26448,0.019049
G0121,58.2995,27.6392,96.3484,6.6889,O99,0.28828,0.92937,2.15331,0.040757
G0122,44.2601,36.2194,100.6066,4.6769,M98C,0.07760,0.67316,1.68363,0.036759
G0123,50.9641,24.6384,79.7093,4.1903,M80C,0.11223,0.16918,0.96421,0.016549
G0124,31.5889,47.1545,102.1798,4.7503,C50,0.25630,1.48389,3.36380,0.045556
G0125,40.0851,36.6140,56.0391,2.2636,C50,0.22178,0.20957,0.10184,0.013984
G0126,40.5299,14.5876,41.1246,1.0551,M98C,0.26775,0.26300,1.25976,0.020962
G0127,50.9030,25.1648,37.9160,4.9042,M80C,0.06442,0.90824,0.93058,0.022817
G0128,34.0781,39.3837,102.9106,5.7197,T50,0.21753,0.36913,3.12385,0.032401
G0129,32.3198,29.1049,50.9396,5.5490,O99,0.16553,0.15791,0.34008,0.011914
G0130,56.3473,45.4029,12.0999,1.6232,O99,0.09498,0.94193,0.99263,0.040594
G0131,60.2664,35.8701,98.4263,7.0314,T50,0.23260,0.77101,1.35634,0.043626
G0132,43.5371,52.9212,103.2864,1.6556,M95C,0.18184,1.84410,4.36189,0.056754
G0133,53.4084,1.1808,13.2749,1.6102,C50,0.14902,0.40686,0.54325,0.029223
G0134,55.7329,52.1237,94.7516,5.2530,M80C,0.16356,1.18987,9.57465,0.064055
G0135,47.3848,0.2057,114.8502,3.8404,O99,0.25014,1.08338,1.95723,0.044570
G0136,51.6418,10.8714,21.0573,3.7430,M80C,0.11272,1.31079,2.72988,0.021205
G0137,48.5578,35.5966,98.0704,9.9449,M98C,0.29975,3.85236,4.85642,0.074633
G0138,23.3854,49.5299,93.9624,2.2253,T50,0.27651,1.07573,1.93222,0.029173
G0139,51.2330,15.6827,15.6847,3.7079,M80C,0.21629,1.17711,1.32007,0.041002
G0140,50.8012,46.5429,85.5658,7.0233,T50,0.10622,1.30759,1.69230,0.025970
G0141,51.5368,38.5697,80.6819,7.4490,C50,0.24105,2.26064,4.73412,0.047519
G0142,59.3963,3.1072,64.7165,2.5504,M98C,0.20646,0.23483,0.26783,0.013504
G0143,20.0358,36.7842,61.2188,3.4503,O99,0.21433,0.15992,0.56709,0.027540
G0144,43.8005,52.9392,51.3933,1.6885,M80C,0.14925,2.00850,11.29716,0.055094
G0145,64.9284,53.0262,140.7140,1.6731,M98C,0.07106,0.55467,1.68550,0.033814
G0146,61.2097,40.0213,116.5767,9.9742,M98C,0.20221,1.28381,2.98440,0.049963
G0147,46.0797,30.6673,61.1389,7.0435,M80C,0.11814,0.32359,1.06049,0.032746
G0148,49.8532,32.7811,107.6779,3.2531,M98C,0.26013,0.75428,0.73855,0.015404
G0149,23.7809,32.6973,0.7841,1.8041,M98C,0.11196,0.66779,1.06071,0.034349
G0150,58.2727,4.9802,169.0764,6.1744,M80C,0.08041,2.45933,5.42555,0.056360
G0151,33.0891,46.8233,12.5325,8.4653,O99,0.19012,0.28484,0.82164,0.022548
G0152,55.8152,48.9987,34.5996,6.1967,T50,0.13356,0.29095,0.69898,0.018567
G0153,24.3383,21.9008,3.5030,3.3789,O99,0.20278,2.13917,11.13555,0.070052
G0154,26.1250,27.4806,58.9045,1.2147,M80C,0.29933,0.99445,1.95081,0.025026
G0155,58.1576,24.1747,91.0022,6.6475,O99,0.10357,2.21991,4.39485,0.059374
G0156,12.2532,42.6840,16.9793,2.7912,C50,0.19103,0.41523,1.08954,0.020198
G0157,60.7682,3.7287,78.0545,3.0203,C50,0.07774,0.64177,0.94895,0.027052
G0158,51.4375,28.0724,8.8478,8.1013,M80C,0.24419,0.54751,0.95874,0.026182
G0159,64.2789,23.7129,34.0168,5.5006,T50,0.21931,1.16797,6.99960,0.072548
G0160,58.7388,34.3474,50.4179,6.0043,O99,0.20896,0.49274,1.24745,0.020924
G0161,8.5796,48.0549,15.2976,5.6997,M95C,0.07897,0.65015,1.72532,0.033850
G0162,24.8785,32.5408,42.7489,2.5484,M95C,0.08287,0.39454,1.13481,0.016390
G0163,51.9346,2.8512,48.1222,1.7560,C50,0.26542,1.51840,10.71072,0.073101
G0164,52.2198,24.4749,8.1635,5.1128,M98C,0.11408,1.80436,4.11502,0.046209
G0165,52.7899,48.0718,70.3522,9.2224,T50,0.10954,1.32068,6.04627,0.054748
G0166,48.2213,16.5973,18.4051,7.3718,C50,0.15567,0.58749,2.33605,0.048857
G0167,18.9501,49.4586,48.9475,5.0716,M95C,0.14403,4.49614,7.61113,0.057447
G0168,49.4145,25.2195,43.8010,7.1832,T50,0.14464,0.87499,1.27121,0.063075
G0169,63.4975,36.7918,23.9534,9.4601,M95C,0.10851,0.93981,4.20123,0.027634
G0170,44.4142,25.0983,73.8166,9.1866,M80C,0.08130,0.10561,0.18067,0.026153
G0171,40.6376,49.9437,22.6929,9.3384,M98C,0.13972,0.57871,1.51507,0.019098
G0172,52.3341,53.4788,48.2670,5.7843,M98C,0.27081,2.17291,6.31294,0.053416
G0173,28.9054,47.6205,34.0796,6.5817,C50,0.12010,0.47818,0.78222,0.027190
G0174,19.2765,46.9239,65.4541,7.1406,M80C,0.09623,0.16663,0.28146,0.019742
G0175,51.9700,44.8054,9.8155,6.2325,O99,0.12205,3.15571,13.05345,0.095705
G0176,10.6776,50.3937,11.8606,8.1097,T50,0.13432,0.82014,2.53953,0.048476
G0177,42.8026,53.3322,7.8077,2.1297,M80C,0.21289,0.53361,0.33757,0.021239
G0178,30.6000,48.7215,67.3206,4.0886,M80C,0.18071,1.86003,3.42439,0.039398
G0179,61.0524,6.9768,49.3004,5.2624,O99,0.13992,1.07123,2.66478,0.036763
G0180,48.5238,45.5347,43.9321,6.3660,T50,0.06185,1.36772,1.96983,0.023473
G0181,4.2726,31.8285,7.5467,1.6982,O99,0.27070,0.68593,3.62947,0.027381
G0182,59.0277,5.9607,33.9538,7.6186,C50,0.29803,0.26202,0.19584,0.017619
G0183,40.8013,44.9758,67.1833,9.9167,T50,0.05022,0.81786,1.09253,0.037154
G0184,14.7844,45.6929,104.3352,3.7759,T50,0.23212,1.76815,2.48156,0.077637
G0185,59.2738,23.1112,166.1127,1.2161,T50,0.28246,0.39892,1.36107,0.027502
G0186,64.8105,2.4805,7.7137,7.1092,O99,0.19441,1.63667,2.67499,0.037478
G0187,45.9183,44.2049,17.6536,9.4870,M98C,0.12262,0.17619,0.61856,0.014419
G0188,49.4559,22.4553,19.6153,8.9667,M80C,0.10730,0.68344,0.91123,0.025692
G0189,47.2536,11.9863,8.8169,7.8138,C50,0.07502,0.37567,0.46446,0.020788
G0190,30.4909,34.4340,32.8434,4.3258,M95C,0.19905,0.87410,0.38445,0.024144
G0191,56.6586,14.3109,47.9438,4.6635,T50,0.13904,0.32771,0.34901,0.027632
G0192,18.7066,45.1431,52.5218,8.5109,M95C,0.07846,0.79778,2.05274,0.036711
G0193,30.3780,46.2955,55.5367,4.5202,O99,0.22931,0.85509,0.97194,0.021754
G0194,52.0734,3.4710,103.3778,3.2943,M98C,0.13626,0.81381,1.14348,0.022933
G0195,45.7782,49.1522,100.2412,6.9595,M95C,0.06595,0.71142,0.53416,0.023310
G0196,41.8995,25.9483,4.8296,7.7663,M95C,0.10876,0.45211,0.35096,0.022192
G0197,28.7131,29.6615,33.7952,1.0206,T50,0.17670,0.67660,1.83395,0.034400
G0198,38.2552,28.4122,16.6495,7.5960,T50,0.10353,0.37586,0.80104,0.021437
G0199,50.2613,48.4487,119.6436,4.7694,C50,0.15853,0.48246,0.99053,0.015509
G0200,61.5297,20.2032,112.7828,8.5275,C50,0.18513,0.36391,0.62712,0.027416
G0201,44.7860,26.2157,71.9574,8.6639,M80C,0.19338,0.13389,0.14228,0.013982
G0202,24.7786,47.0637,67.5528,7.7074,C50,0.24130,1.87420,0.90077,0.038873
G0203,60.6232,39.8482,43.9033,3.8412,O99,0.08635,0.70706,0.51563,0.040026
G0204,62.7089,54.1069,130.2837,4.8511,C50,0.20079,0.70994,3.02904,0.063329
G0205,30.1949,39.3339,11.1340,6.2541,M80C,0.16972,0.43603,1.10548,0.025306
G0206,61.4245,39.2871,11.8323,8.9374,T50,0.28599,0.51791,0.28169,0.027879
G0207,36.1331,11.6875,75.2964,1.0818,M98C,0.05248,0.18965,0.50770,0.011850
G0208,23.8005,51.4967,82.3663,3.3949,M80C,0.07866,0.68545,1.87353,0.037158
G0209,52.1400,11.6727,144.2575,2.0026,M98C,0.16646,0.79414,0.97709,0.021638
G0210,56.2540,43.3556,79.9131,9.3416,O99,0.05191,0.41574,0.31581,0.016868
G0211,51.4152,31.2812,40.7698,5.4571,T50,0.22983,0.86277,0.65836,0.025671
G0212,34.0786,30.3560,29.5462,8.8397,M95C,0.23345,0.34292,0.29353,0.020826
G0213,48.0074,24.5952,23.8564,7.7626,O99,0.28252,1.68529,4.17494,0.051521
G0214,43.6899,18.0234,43.5834,8.8358,O99,0.14674,0.60810,2.86574,0.052766
G0215,55.7349,25.4501,54.1445,4.6845,M95C,0.21307,4.11760,10.83861,0.056127
G0216,35.1154,10.7793,12.4652,1.1301,M98C,0.12133,0.87739,1.29661,0.036209
G0217,54.4436,42.9367,11.5698,8.4772,M80C,0.10694,2.30794,11.57119,0.058752
G0218,36.6842,10.9926,6.2254,1.3642,M98C,0.16109,0.76492,0.65760,0.019207
G0219,48.8442,6.5287,132.6676,4.1077,T50,0.08945,1.06523,3.25088,0.043730
G0220,60.0137,16.4785,16.4703,3.0992,M80C,0.24567,1.15575,2.41203,0.051279
G0221,24.6124,39.5325,61.6710,8.3160,C50,0.25914,1.74443,14.82205,0.034182
G0222,58.0161,34.7731,106.0091,7.3978,M80C,0.17060,0.48486,0.76051,0.015258
G0223,44.1741,45.8000,25.1250,7.5208,C50,0.09446,0.58035,0.23637,0.023365
G0224,26.2196,31.2853,95.3158,3.2970,C50,0.18876,0.75190,1.32297,0.031051
G0225,37.0556,38.8432,21.2749,4.5331,M95C,0.16034,0.98907,2.27707,0.039056
G0226,24.0622,44.1004,27.1536,3.3545,O99,0.14158,0.53733,0.55936,0.025647
G0227,44.4218,26.8122,31.1550,9.3830,M80C,0.11758,0.14404,0.14105,0.018224
G0228,62.8611,20.1535,104.4277,8.1117,M95C,0.19254,0.53399,2.94151,0.041728
G0229,5.3412,54.4226,107.0163,5.3292,M98C,0.10310,1.05675,2.43922,0.033456
G0230,46.6007,47.4104,21.2193,9.0457,T50,0.06748,0.31422,0.43620,0.023403
G0231,64.8428,45.9966,17.0714,8.0544,M95C,0.10445,0.43867,0.32405,0.021620
G0232,50.7465,10.9249,53.7419,7.1882,C50,0.29944,0.27372,0.32618,0.018515
G0233,62.6303,19.1435,87.9794,2.5326,O99,0.16196,1.22754,6.79740,0.028199
G0234,32.1090,38.0351,12.3606,9.7657,C50,0.28048,4.46384,5.85544,0.053270
G0235,59.5765,19.0530,78.3404,9.6212,O99,0.20129,3.68954,17.39535,0.052874
G0236,14.8980,49.6036,81.7894,3.6028,M95C,0.28838,1.07639,1.83399,0.033456
G0237,52.2304,37.3896,64.9450,8.8330,O99,0.07853,3.55711,15.51234,0.051280
G0238,17.1514,45.6906,20.2853,9.4354,C50,0.28895,0.60582,1.23716,0.031171
G0239,42.3944,17.9543,50.8764,7.5827,O99,0.27720,0.33860,0.84518,0.036543
G0240,62.5560,6.0219,97.0806,5.8079,C50,0.25149,1.54284,3.46479,0.046909
G0241,2.7920,45.8884,11.0351,1.6394,M95C,0.12140,0.33703,0.34847,0.036598
G0242,45.7947,9.7680,15.0815,3.9384,M80C,0.08029,0.45584,0.76936,0.024055
G0243,64.0650,45.8415,26.2049,5.4808,M98C,0.16194,0.34886,0.56888,0.023246
G0244,54.8181,0.8131,31.9388,1.9959,C50,0.23048,0.53037,0.59757,0.039150
G0245,48.1326,41.6691,113.5412,5.8881,M98C,0.15703,0.43101,1.03491,0.040913
G0246,56.9786,51.5586,131.0355,4.4343,M80C,0.08179,0.20795,0.89806,0.013078
G0247,61.7373,42.6438,3.3545,8.7344,M80C,0.27667,0.41927,1.39664,0.034044
G0248,54.9202,54.8898,75.1867,1.9180,M95C,0.14587,0.86599,2.60405,0.033033
G0249,53.1916,19.9246,68.4471,1.8076,O99,0.17584,0.32671,0.86155,0.013957
G0250,31.9466,50.4155,78.8985,7.1262,C50,0.10809,2.42036,11.13667,0.054807
G0251,52.0593,33.1582,78.3098,9.0057,O99,0.13577,0.66399,1.75659,0.030941
G0252,59.9495,40.5899,74.3113,8.0810,O99,0.17728,0.74031,1.18699,0.029466
G0253,33.8339,54.9857,43.3869,6.3990,T50,0.08631,0.37489,0.21068,0.023347
G0254,31.8163,29.9456,1.4579,7.8148,M98C,0.16562,3.76722,4.96429,0.041198
G0255,50.7560,13.5906,24.4847,9.5061,M98C,0.18420,0.49755,0.80005,0.017028
G0256,52.2808,46.3947,13.9740,9.6520,M80C,0.13606,1.17680,0.81876,0.022947
G0257,58.9776,47.0089,50.8111,9.8282,C50,0.17555,0.19864,0.50479,0.014587
G0258,12.6529,52.9243,17.6363,9.4968,O99,0.27014,3.01142,3.17043,0.043185
G0259,5.6779,39.1516,129.9696,2.1332,C50,0.29108,0.69216,1.61811,0.032920
G0260,55.7381,45.8482,44.8065,8.1096,T50,0.14630,0.10279,0.12083,0.012372
G0261,55.7915,14.8855,93.5490,5.2981,C50,0.26644,0.26875,0.68274,0.043461
G0262,30.1951,43.4482,81.5976,7.5272,M80C,0.22691,2.01303,9.18154,0.085886
G0263,24.9869,50.0203,29.9850,9.4475,C50,0.21393,0.90556,1.21193,0.032594
G0264,45.9759,2.4548,35.0051,4.3993,T50,0.24492,0.12901,0.21686,0.021711
G0265,36.4505,22.4976,58.7555,6.9031,C50,0.24125,0.24786,0.85200,0.011040
G0266,49.2381,33.1318,96.7357,2.5145,M80C,0.28342,0.26151,4.77299,0.047302
G0267,47.0921,21.1175,16.3325,1.3257,C50,0.27496,0.23819,0.71260,0.029383
G0268,35.3046,29.3689,2.9865,2.9456,M80C,0.19600,2.99466,6.57800,0.080699
G0269,50.8632,26.4663,25.0595,9.8055,M80C,0.29152,2.05434,1.99433,0.031343
G0270,34.1931,42.9812,38.2442,4.1396,T50,0.20631,2.41200,6.08635,0.045524
G0271,38.6927,47.8465,13.2550,3.8277,O99,0.21994,0.27960,0.24658,0.011672
G0272,62.0096,45.9947,29.6394,3.0662,M98C,0.21788,3.29370,8.48949,0.071028
G0273,55.5900,41.0713,113.6549,6.6947,M95C,0.22991,1.16865,3.36831,0.042527
G0274,62.3699,14.0069,113.2051,3.2910,C50,0.15993,0.39625,1.28755,0.045277
G0275,61.3028,16.0257,25.8223,8.3951,M98C,0.22635,0.26623,1.01945,0.021075
G0276,49.6276,0.3451,41.0924,4.9338,M80C,0.18508,0.93356,2.93031,0.042516
G0277,59.2875,32.9668,2.1244,8.3020,O99,0.20960,1.52977,3.86880,0.084195
G0278,7.2702,22.6537,18.7997,1.0426,M80C,0.07633,4.57617,18.21357,0.077377
G0279,63.1064,19.3725,178.7931,2.6191,M95C,0.29012,1.58777,0.87109,0.046293
G0280,21.2810,53.3575,83.9686,9.6858,T50,0.10479,0.81678,2.87293,0.034738
G0281,27.4714,52.3250,64.6661,9.5089,T50,0.17507,0.35064,1.52911,0.032410
G0282,46.6392,14.4053,6.6543,9.8904,O99,0.14933,2.80843,3.76923,0.048788
G0283,7.0883,50.1842,10.6532,6.4476,M80C,0.18609,0.36746,0.51306,0.017678
G0284,60.9200,11.9458,107.7576,3.4946,C50,0.06745,2.05350,4.42841,0.041845
G0285,39.9957,19.9540,69.2935,3.6085,M80C,0.22728,0.60700,3.09438,0.026808
G0286,61.6062,45.2529,27.5903,8.3111,O99,0.23631,0.44639,0.97715,0.023923
G0287,51.2370,11.0710,68.2260,3.9900,T50,0.26583,0.68591,0.57610,0.027460
G0288,48.4480,25.0435,44.8608,8.3689,M98C,0.22675,0.24196,1.28769,0.013778
G0289,29.1106,40.6031,13.5893,5.1947,M98C,0.15855,0.19562,0.39258,0.019193
G0290,60.2542,43.3305,124.2556,4.7619,M80C,0.16144,0.39160,0.50121,0.023177
G0291,63.5183,46.0627,23.6781,9.9716,M95C,0.10463,1.27364,6.76293,0.082447
G0292,43.9886,23.1780,65.1653,7.8670,M95C,0.14699,0.37220,0.60535,0.013046
G0293,33.8124,4.4245,7.1559,1.9746,M95C,0.09022,0.28276,0.85337,0.028206
G0294,58.1798,52.7840,74.5490,4.0399,T50,0.21041,0.44471,1.18632,0.033512
G0295,44.6139,47.0172,12.1860,5.7104,M98C,0.14866,0.55054,0.46290,0.034486
G0296,25.7549,48.2384,110.2916,4.6226,M95C,0.29914,0.31328,0.27358,0.024626
G0297,36.7926,50.6645,26.5326,8.3470,M95C,0.28079,3.56188,18.91289,0.050643
G0298,29.8433,8.1197,14.7224,1.5806,M95C,0.15181,0.40527,0.81147,0.017536
G0299,33.7915,7.5382,69.0682,2.4334,M95C,0.26554,0.35057,0.79432,0.051575
G0300,57.5714,33.5619,112.1850,8.2429,C50,0.08259,2.26197,2.65930,0.030747
G0301,47.5207,13.6770,71.7775,3.3133,O99,0.09273,0.46286,0.84408,0.021306
G0302,35.8161,48.7766,65.2765,4.3694,C50,0.12915,0.87055,2.22217,0.028208
G0303,49.7193,33.8160,105.9586,5.3583,M80C,0.19913,0.48479,2.35496,0.024306
G0304,45.8466,31.1651,24.5950,6.5144,M80C,0.14478,3.66527,7.71785,0.069594
G0305,44.2595,51.4272,77.2504,8.7591,T50,0.14372,0.69490,1.18211,0.017681
G0306,44.8652,36.5769,34.2624,5.0635,T50,0.06574,2.60988,4.51002,0.066103
G0307,5.8128,42.8231,61.4158,1.6763,M95C,0.20160,0.89863,0.28264,0.027250
G0308,56.0902,0.5529,129.0057,6.4283,M80C,0.21963,1.87815,3.89991,0.055670
G0309,62.0304,47.5107,49.6551,9.1448,M95C,0.13824,0.32531,0.39273,0.015894
G0310,20.3198,44.7478,47.1168,3.4215,C50,0.29542,0.98823,1.66341,0.038950
G0311,49.8461,40.6110,75.3525,9.3484,M98C,0.28578,0.41732,1.55176,0.029312
G0312,58.8792,22.7820,113.4230,7.9316,C50,0.18274,0.69675,2.58804,0.044962
G0313,62.2655,42.4242,68.8767,3.3029,M80C,0.06493,1.11728,4.93745,0.025159
G0314,57.0825,15.1114,78.9204,9.9795,T50,0.08346,1.61988,5.35783,0.052964
G0315,42.9398,29.3812,72.2036,6.3572,O99,0.23633,2.29678,3.92339,0.071167
G0316,46.4085,34.9475,24.8458,6.9207,M98C,0.27161,0.17196,0.34517,0.012232
G0317,37.7075,43.6123,41.1944,1.1141,M80C,0.19999,0.72346,0.75100,0.030659
G0318,58.5574,17.2673,130.1481,4.1214,O99,0.15985,0.32211,0.67439,0.037776
G0319,52.3594,50.7480,65.7939,2.7705,M80C,0.16181,1.45680,2.50184,0.051214
G0320,61.7105,7.6779,16.0332,3.9108,T50,0.22115,0.95900,4.89829,0.037623
G0321,46.0799,42.1581,10.6301,6.5040,C50,0.12908,1.31647,6.53117,0.030604
G0322,50.2041,36.1138,63.2269,8.0730,M80C,0.05569,0.63630,0.80086,0.025301
G0323,43.1388,35.3832,75.3457,8.7910,T50,0.11302,0.80109,1.32949,0.033121
G0324,44.3607,39.6629,85.4201,4.1349,O99,0.19322,0.55465,2.47382,0.031026
G0325,26.0899,39.2907,80.4349,1.9759,M98C,0.13847,1.44194,2.61432,0.027480
G0326,48.6903,40.1179,53.0695,6.7111,M80C,0.17362,0.34510,0.28420,0.015551
G0327,58.3073,39.5553,43.6760,9.9514,M95C,0.08622,0.20094,0.39514,0.014560
G0328,61.5415,47.7364,99.9822,6.5687,T50,0.21789,0.50584,0.77871,0.027833
G0329,63.6281,12.6229,144.2519,2.5694,M98C,0.13397,0.28423,0.54350,0.018035
G0330,28.3764,39.5593,23.2674,3.7825,M80C,0.23944,2.02472,5.59114,0.048260
G0331,39.8999,45.7750,23.0846,9.7052,O99,0.29189,0.13728,0.21283,0.012754
G0332,58.2369,41.3068,80.2503,9.6230,C50,0.08052,0.29264,1.25076,0.019047
G0333,40.7573,37.0043,24.7442,4.2378,T50,0.25390,0.31833,0.49626,0.038437
G0334,18.4510,34.7067,31.0478,1.8368,M98C,0.11897,0.98033,2.35101,0.033331
G0335,64.2948,13.5820,17.9723,6.8051,M98C,0.08341,1.10240,2.22195,0.030009
G0336,49.6814,44.5503,115.8971,7.8048,O99,0.26521,0.80496,1.77636,0.061758
G0337,39.3068,36.1111,78.6988,3.0835,M95C,0.16622,1.38968,1.73067,0.040559
G0338,52.0705,10.7024,41.1303,9.0350,M95C,0.13352,0.29366,0.47045,0.025333
G0339,60.3699,46.5455,108.8220,8.1079,M80C,0.10572,0.18399,0.17871,0.016649
G0340,62.5113,20.8649,0.8344,2.0484,O99,0.08504,1.10947,0.56747,0.033849
G0341,39.4993,52.7438,99.7053,4.1695,M95C,0.10746,0.65614,8.58432,0.058326
G0342,18.3604,36.9983,9.3140,6.0516,M95C,0.05409,2.23587,1.03476,0.031391
G0343,53.1366,45.7062,33.1466,8.2683,M80C,0.16608,0.60872,1.29681,0.018638
G0344,22.1631,42.6563,64.4538,4.1835,O99,0.18762,0.49851,0.78637,0.033305
G0345,42.0565,31.4834,32.2116,7.7080,O99,0.19713,1.49001,6.74774,0.049541
G0346,37.7313,19.5181,13.2974,8.0798,M80C,0.21789,0.38612,1.15812,0.044338
G0347,49.3578,16.8670,108.5318,3.0347,M98C,0.16250,0.95489,1.43513,0.026058
G0348,62.6502,46.3267,29.7092,9.3701,M80C,0.16839,0.49276,0.63938,0.025903
G0349,60.8532,3.9969,91.5975,3.6867,M98C,0.13205,3.25081,2.78862,0.043656
G0350,12.0066,45.0483,112.7130,2.0260,O99,0.24012,0.42177,0.40819,0.028355
G0351,39.1328,41.1682,26.9311,5.2700,O99,0.28305,0.27576,1.35583,0.023598
G0352,50.8071,38.4347,48.3586,4.9126,M95C,0.21711,0.57105,0.39060,0.030367
G0353,29.8698,47.9575,2.1300,8.0178,M98C,0.07987,0.31804,0.83196,0.020940
G0354,42.3732,44.1653,66.4807,5.9632,T50,0.09018,1.09123,3.97540,0.038262
G0355,46.7323,39.7722,31.8907,8.9405,M95C,0.27812,0.41779,1.29654,0.016948
G0356,58.9423,31.0446,25.6733,7.5270,O99,0.29838,0.62721,0.95848,0.028504
G0357,37.5082,20.0175,12.8222,5.9504,C50,0.18613,1.21734,1.44888,0.045332
G0358,48.0538,36.6289,43.2401,5.9957,T50,0.15538,0.71829,1.40440,0.022078
G0359,35.6027,44.0365,50.2689,7.7653,M95C,0.18769,1.15433,3.30774,0.045028
G0360,60.8390,27.1213,39.6403,3.2280,M80C,0.17160,1.50643,3.50767,0.050870
G0361,55.0946,6.5511,39.6276,8.9659,M95C,0.13824,1.31789,6.06768,0.058322
G0362,62.5116,0.0931,147.7940,4.1867,T50,0.12516,0.90188,1.49750,0.025035
G0363,64.9282,20.8806,18.6083,2.3564,T50,0.18005,1.35050,5.48484,0.045533
G0364,56.8460,43.2514,9.1792,3.7840,C50,0.29015,0.34024,0.32415,0.025969
G0365,60.5572,11.3855,45.8760,5.3288,M80C,0.07793,0.23994,0.40612,0.010436
G0366,58.0667,42.9911,140.7015,3.8479,O99,0.26062,0.42058,1.13926,0.021645
G0367,64.0242,31.0407,56.9874,9.3266,C50,0.14277,1.20356,12.78132,0.074246
G0368,63.6050,0.5295,84.1246,7.1037,C50,0.28227,1.09270,3.21106,0.049702
G0369,35.4395,39.6370,35.7052,7.7833,M80C,0.10559,1.23798,4.45122,0.048170
G0370,54.1120,39.0062,77.1351,7.6905,M95C,0.07636,0.36286,0.79722,0.024666
G0371,52.0094,29.5434,72.5330,8.7305,M80C,0.24256,0.51895,3.79437,0.022232
G0372,23.2133,33.6522,65.7527,2.7054,T50,0.28279,0.15159,0.14265,0.013769
G0373,47.0274,21.9975,86.5902,6.7743,M98C,0.17720,0.90472,2.98783,0.062726
G0374,50.5915,30.2152,31.6382,6.2348,T50,0.19747,1.03236,3.99658,0.060665
G0375,40.0542,39.4095,73.2557,1.6675,T50,0.15677,0.17279,0.17605,0.022437
G0376,64.4888,10.0841,169.4177,1.5467,O99,0.08659,0.87909,2.55929,0.015256
G0377,39.0949,19.0239,38.6960,7.7201,T50,0.22627,1.10581,2.85674,0.067121
G0378,57.4683,17.6665,50.4020,8.4664,C50,0.05474,0.61925,1.81808,0.020608
G0379,58.6091,48.9852,98.4440,6.7170,M80C,0.16124,0.36547,0.39345,0.034776
G0380,45.1530,31.1347,130.9474,2.2771,C50,0.13435,3.28008,5.90852,0.063803
G0381,64.2343,48.3901,46.9857,5.7675,M80C,0.15037,2.21548,2.29522,0.030200
G0382,52.2840,22.3842,18.9835,6.0232,M95C,0.05255,0.67156,0.79621,0.042334
G0383,61.2267,39.3620,7.8356,9.1543,M95C,0.24835,0.61532,4.81801,0.031512
G0384,40.8317,16.8179,56.6188,6.5718,M80C,0.05110,0.47349,1.28572,0.026394
G0385,60.8589,43.6884,76.5840,4.6163,M95C,0.09731,2.65535,17.21069,0.059886
G0386,18.8889,41.7466,21.2757,8.7737,C50,0.08154,0.13793,0.20969,0.017730
G0387,16.0244,24.1641,19.7614,2.6052,C50,0.24496,0.43856,0.80197,0.018695
G0388,27.0962,38.4325,112.0430,2.5034,C50,0.05812,0.33508,0.88355,0.054441
G0389,64.5458,14.7495,13.0500,7.5893,M80C,0.07216,1.39499,1.31625,0.026182
G0390,63.4765,6.1368,137.1433,8.3081,T50,0.12920,0.46845,1.10784,0.028478
G0391,62.6382,34.3470,16.5365,3.3342,M80C,0.26958,0.71060,1.07254,0.022287
G0392,10.1009,44.9471,27.6664,5.8190,M98C,0.08609,0.26897,0.28797,0.016819
G0393,49.5323,19.3710,38.7890,3.0005,M95C,0.21931,2.24216,6.48037,0.050964
G0394,63.3960,18.5184,43.5878,7.0416,M98C,0.29299,0.34845,1.02670,0.024893
G0395,63.0940,16.7969,87.4992,5.6059,O99,0.27019,0.84978,2.18064,0.029072
G0396,48.9539,12.3347,164.7014,1.6581,M95C,0.18849,3.41779,16.95963,0.080844
G0397,7.5453,53.5055,43.5097,9.0608,O99,0.07900,0.31387,0.31670,0.022375
G0398,56.7439,44.4143,85.3068,3.7838,C50,0.17663,0.23377,1.30398,0.032130
G0399,27.2983,33.0915,5.8020,6.2365,T50,0.16921,0.38259,0.38061,0.026056
G0400,59.6270,6.6786,93.8226,9.0605,O99,0.13806,0.64434,0.61094,0.032062
G0401,60.0047,11.7397,19.8826,8.2683,C50,0.19483,2.98636,7.84638,0.067164
G0402,22.3628,47.1099,44.4169,9.9717,M98C,0.09025,1.33929,6.10982,0.067655
G0403,31.2872,36.5665,55.3847,6.8515,O99,0.28524,0.52896,1.23553,0.028799
G0404,60.7981,49.2020,4.4238,4.2792,C50,0.28158,3.56809,13.49466,0.073988
G0405,47.9785,3.5642,65.5876,3.2796,M80C,0.14777,0.31127,0.91303,0.028687
G0406,62.5446,24.5309,60.6510,3.9780,C50,0.09729,0.62251,2.91013,0.029473
G0407,50.7437,52.0205,26.0654,2.2920,M80C,0.13987,0.14450,0.10670,0.019109
G0408,33.5675,41.4498,37.2067,7.1524,O99,0.17567,0.53144,0.85533,0.056249
G0409,34.2131,46.4653,38.6395,5.0891,C50,0.14962,0.43132,0.57972,0.023584
G0410,59.9034,6.8407,166.9918,4.9576,C50,0.26995,0.15615,0.22585,0.018072
G0411,38.1666,43.6795,11.1752,9.4187,O99,0.21274,2.60216,4.21417,0.056236
G0412,46.1115,34.9597,49.9214,5.1724,C50,0.08696,1.09070,1.24145,0.023495
G0413,62.1238,31.6241,25.7775,8.2910,T50,0.13340,1.00360,3.71065,0.088246
G0414,55.7439,31.5671,98.4273,9.1130,C50,0.24130,1.24520,3.12028,0.055573
G0415,51.2046,43.0500,50.7283,8.1553,O99,0.06099,3.67144,5.89943,0.079937
G0416,64.4841,3.6558,159.0035,2.5736,T50,0.12194,0.63885,0.89134,0.018707
G0417,62.8567,21.2851,123.0145,5.3232,M95C,0.19435,0.40984,0.72839,0.032704
G0418,21.1773,53.1672,138.3540,1.1672,M80C,0.25754,0.41076,0.66486,0.028193
G0419,45.7379,23.2344,88.1923,6.7035,C50,0.13892,3.20254,4.66589,0.038562
G0420,52.8602,16.6870,13.5442,5.1113,M80C,0.19700,1.11942,2.52639,0.012981
G0421,41.0663,11.7524,21.2019,5.7110,M98C,0.15738,3.30605,9.71140,0.075331
G0422,40.0362,48.9429,109.8747,7.6899,T50,0.20784,0.38148,0.97040,0.030496
G0423,56.0786,18.0474,40.7479,9.8941,M80C,0.23722,3.29534,17.75292,0.092067
G0424,42.6780,6.1258,1.0405,4.0036,M95C,0.13112,0.25872,0.33290,0.020964
G0425,31.7544,48.7843,24.8163,9.9085,C50,0.13675,0.98270,1.08720,0.060530
G0426,63.6498,3.2856,110.3695,7.7893,O99,0.27778,2.47154,3.35947,0.055341
G0427,60.2486,37.4560,106.6914,8.7354,M98C,0.18104,0.36765,0.63676,0.026185
G0428,60.0494,4.2277,102.5533,7.0231,M80C,0.17611,0.37278,0.96178,0.031431
G0429,42.4472,50.3354,86.9403,8.5265,M80C,0.23745,0.70150,4.94325,0.029752
G0430,59.2632,2.1924,43.1141,3.0753,C50,0.27516,0.31981,0.39390,0.016467
G0431,42.2028,13.1018,60.6770,3.6500,O99,0.13630,0.94826,2.63498,0.040880
G0432,25.8028,48.0995,24.4606,8.7446,M95C,0.11909,3.75233,7.11252,0.038290
G0433,50.8425,44.8226,18.2873,3.7290,M80C,0.17755,0.54484,1.17217,0.021121
G0434,62.1858,19.1517,11.7295,3.9888,O99,0.20511,0.63828,0.58953,0.038529
G0435,38.6211,21.7007,49.1585,8.1624,O99,0.14289,1.72513,7.31314,0.075144
G0436,5.0401,36.6144,43.6923,1.0922,T50,0.08638,0.77377,2.51071,0.049722
G0437,29.8766,44.5608,33.6172,6.3282,C50,0.20895,1.69252,4.93359,0.073105
G0438,59.2977,49.3345,24.0051,5.2290,M98C,0.28385,0.67685,2.09113,0.034440
G0439,52.6789,49.9671,33.7176,9.4270,T50,0.22107,0.88717,6.12063,0.049552
G0440,61.5799,49.8951,16.8225,6.0893,M95C,0.27196,0.77658,2.56005,0.046786
G0441,62.9173,40.8390,85.9820,8.8926,C50,0.24827,2.37509,3.48769,0.052681
G0442,58.3169,12.7295,35.0532,8.2923,C50,0.06041,0.20240,0.33796,0.014896
G0443,34.2784,12.0758,67.5111,3.4256,M98C,0.10402,0.58642,0.26583,0.026415
G0444,60.6060,41.4369,119.6914,6.4439,T50,0.14513,0.59674,1.16042,0.018120
G0445,13.4013,38.9210,32.8559,2.2022,M98C,0.29094,2.32776,10.05132,0.095630
G0446,61.9520,0.7877,175.8485,9.5127,M98C,0.28574,0.54115,1.14582,0.027984
G0447,20.8126,45.2887,20.5975,8.4099,M80C,0.17678,0.16963,0.11933,0.010095
G0448,17.5958,50.1853,4.6680,9.9555,C50,0.26645,0.73184,0.99736,0.027110
G0449,41.3487,24.2519,48.1475,5.0262,C50,0.10374,0.75086,2.74449,0.098785
G0450,26.2026,43.7911,70.0536,5.4728,M98C,0.29447,0.35735,0.20058,0.013872
G0451,61.3291,38.4718,2.2680,5.6563,T50,0.26419,1.44180,1.54135,0.038883
G0452,1.3573,44.6751,62.6333,1.5603,M95C,0.15443,3.21690,5.97706,0.072364
G0453,63.7325,13.8947,12.5444,7.0640,M80C,0.05220,0.32725,1.28416,0.026967
G0454,42.1928,39.1595,82.3944,3.6326,O99,0.21565,0.40957,0.48958,0.026223
G0455,52.7704,1.9679,84.2368,2.6545,O99,0.19962,1.09329,2.04624,0.049020
G0456,41.7694,44.9127,117.1668,5.0852,M95C,0.16338,0.45261,0.61242,0.014535
G0457,41.9971,40.3783,15.8444,9.7744,C50,0.12625,0.39329,1.77577,0.040494
G0458,47.2104,40.2304,102.3526,5.7446,M80C,0.05366,0.64379,0.41310,0.013481
G0459,57.7300,20.4819,0.9899,3.1890,M80C,0.08313,0.83636,1.79813,0.028317
G0460,28.3630,52.6820,63.3265,5.4909,M80C,0.14693,2.01267,4.02489,0.034209
G0461,37.3404,44.5572,26.7330,9.0025,M98C,0.18681,0.82386,3.99076,0.058049
G0462,52.6930,49.4245,52.6350,7.4839,O99,0.24847,0.13024,0.12211,0.016798
G0463,51.6810,40.4886,56.8566,9.4267,M98C,0.11296,1.69273,3.07371,0.055790
G0464,62.2450,40.0705,78.0205,8.8510,M95C,0.05158,0.21391,0.35725,0.026361
G0465,54.6944,43.8050,93.8579,9.0586,C50,0.26932,0.20421,1.20953,0.025791
G0466,63.2587,30.2406,11.7189,5.4539,M80C,0.29688,0.23249,1.01480,0.041120
G0467,39.1490,33.2071,7.1465,6.1355,M80C,0.19325,0.70570,0.83990,0.025670
G0468,54.2759,24.1747,75.0927,9.3647,O99,0.19739,0.90550,1.21448,0.042215
G0469,35.3814,48.4739,16.7449,4.1129,M95C,0.23878,0.43698,1.43181,0.033239
G0470,61.7766,44.1033,45.6405,9.2668,M80C,0.20106,0.91075,2.54702,0.042492
G0471,64.0969,44.5240,79.9464,9.6152,M95C,0.13190,1.11263,3.27892,0.042261
G0472,59.3142,32.1524,109.0216,1.9724,O99,0.18197,0.53319,0.76255,0.037652
G0473,19.6546,42.8941,16.8216,1.9989,M80C,0.17000,0.15548,0.40755,0.017873
G0474,56.9610,40.9508,121.4755,1.0734,M80C,0.29604,0.14527,0.20670,0.020942
G0475,59.4089,46.4658,57.0451,6.9879,M80C,0.25430,2.63136,5.82991,0.058609
G0476,34.9903,31.8190,56.3251,5.4706,M95C,0.15887,1.03336,7.14538,0.043427
G0477,56.8492,29.5096,19.2380,8.0635,O99,0.23112,2.64090,13.79257,0.068576
G0478,36.2479,1.8646,35.7913,1.6759,M95C,0.29664,1.29858,3.96363,0.058455
G0479,38.7025,0.2361,147.4784,1.8671,T50,0.13330,1.03681,3.10500,0.054581
G0480,43.2888,54.3525,73.2894,2.3435,C50,0.16036,1.02279,1.37204,0.023891
G0481,12.7721,54.0564,129.3786,4.4534,M98C,0.24454,0.36570,3.68420,0.052051
G0482,64.9676,18.1048,78.0340,7.8204,O99,0.08072,0.65380,0.72386,0.022584
G0483,45.6544,35.7863,62.0534,3.8610,T50,0.20291,0.44039,0.26545,0.033685
G0484,28.6598,50.1016,83.8962,7.0862,M98C,0.06700,3.41416,10.45328,0.053127
G0485,18.9186,41.5592,55.9661,2.9286,T50,0.29624,1.89591,12.37833,0.064916
G0486,25.8603,39.8011,123.0123,1.2593,M80C,0.14139,0.89930,1.06275,0.029726
G0487,64.4066,13.4156,12.9700,8.0492,O99,0.12073,1.71511,9.93832,0.045850
G0488,59.0603,30.1024,43.6137,8.9557,O99,0.24852,0.21390,0.25720,0.023733
G0489,62.0601,10.1354,51.0602,6.2365,M80C,0.27544,0.27941,0.57823,0.045490
G0490,21.9032,44.1108,100.1043,3.3121,M80C,0.20409,0.87596,3.74144,0.036935
G0491,30.4716,9.1235,74.3865,1.4141,M98C,0.14691,0.64536,1.70902,0.032587
G0492,60.5838,12.1922,44.5083,7.1941,T50,0.26942,0.38847,0.38632,0.013721
G0493,33.1481,42.1870,57.3393,4.4549,M80C,0.23843,0.76906,1.44885,0.034113
G0494,63.0408,17.1893,4.7312,2.3400,C50,0.15885,1.78053,4.10496,0.053307
G0495,58.9131,42.7587,36.3233,7.1041,T50,0.06299,0.43086,1.11723,0.018009
G0496,46.2767,52.4546,35.4279,7.5264,M98C,0.15372,0.17208,0.68487,0.010829
G0497,21.6847,52.2703,94.1951,6.2613,C50,0.23113,0.18994,0.17133,0.025730
G0498,10.2524,54.1203,47.0882,8.7479,C50,0.18554,0.22683,0.48622,0.018816
G0499,63.0074,26.4912,46.1167,9.7329,O99,0.05266,2.69310,8.32311,0.071209
G0500,30.7669,54.9165,12.6071,4.6976,O99,0.10391,0.31041,0.17859,0.021074
G0501,59.4048,30.8895,24.7253,7.7084,M95C,0.14531,1.27678,1.67667,0.051502
G0502,48.0978,39.8888,105.1231,1.9637,O99,0.11134,0.39012,2.52279,0.023804
G0503,44.6189,41.0091,78.5069,4.4803,M80C,0.14030,1.22748,2.98345,0.021788
G0504,40.4524,15.9426,50.7064,1.8391,T50,0.09289,2.44749,4.96141,0.062106
G0505,40.4874,53.3784,47.4981,8.0519,M80C,0.22451,0.97630,2.48570,0.035506
G0506,44.5129,53.2146,141.7561,2.3344,M80C,0.08152,1.62630,4.57885,0.052760
G0507,19.6246,37.3109,33.1433,5.1855,T50,0.07695,1.68529,2.11803,0.055745
G0508,48.0269,49.5274,63.5659,6.9037,M80C,0.07689,0.27946,1.09349,0.026957
G0509,25.7136,46.0730,2.2761,3.6412,O99,0.27827,0.92966,4.50359,0.036405
G0510,62.4737,42.0101,47.1835,7.3330,M80C,0.23856,0.88656,0.88575,0.050993
G0511,62.4654,12.4472,117.1158,7.6081,M80C,0.28468,1.13353,1.16560,0.042319
G0512,38.6962,33.2542,62.2622,7.0332,M98C,0.06407,0.28441,0.62517,0.019850
G0513,24.6849,49.5950,116.4393,3.8479,O99,0.29255,0.60616,1.11465,0.042265
G0514,61.7806,23.4980,15.6728,8.1234,O99,0.15303,0.52317,0.26754,0.026278
G0515,63.9269,36.0530,36.7226,2.9820,M80C,0.27667,0.57064,0.67017,0.031643
G0516,55.4774,51.1373,21.7709,5.4084,M80C,0.07451,0.23989,0.72861,0.016081
G0517,63.2823,37.6554,34.1797,8.3127,T50,0.21309,0.34859,1.41681,0.017431
G0518,50.1595,6.0214,139.3722,2.4189,O99,0.09673,0.55254,0.82005,0.037595
G0519,57.7105,43.0479,9.6444,6.5225,O99,0.16675,1.87423,5.42186,0.032495
G0520,47.5124,28.1001,24.4345,6.0541,M98C,0.24410,1.24809,4.26537,0.036926
G0521,46.2643,7.6262,154.1693,1.2869,C50,0.16488,0.73715,1.53977,0.021473
G0522,32.4116,28.2569,3.7096,6.3169,M80C,0.23329,0.39775,0.55829,0.030987
G0523,2.5169,45.0274,57.1396,3.9517,M80C,0.20993,0.45150,0.68822,0.036298
G0524,62.5670,35.9494,66.7858,2.4153,O99,0.18909,0.64144,0.69450,0.021012
G0525,60.8735,50.4030,38.2429,5.9566,O99,0.14442,0.68328,0.39350,0.027947
G0526,59.8395,6.9174,67.4802,8.5591,C50,0.13483,1.18124,5.57049,0.071386
G0527,28.3407,33.9307,3.7324,2.3914,M95C,0.16291,0.73868,2.13509,0.042847
G0528,51.5388,43.3711,20.5936,7.5312,C50,0.17027,0.20767,0.70677,0.018447
G0529,57.3104,0.7131,15.8714,8.3214,M95C,0.09701,0.82650,0.47628,0.030499
G0530,47.5576,31.7360,13.8933,9.5748,O99,0.08962,1.05352,2.73903,0.032508
G0531,64.3385,4.2723,10.7370,1.7179,C50,0.06802,2.37851,6.07089,0.039011
G0532,51.4300,54.7809,17.5957,7.0764,C50,0.15093,0.13700,0.16664,0.013368
G0533,18.5924,28.4562,6.6311,4.2280,M98C,0.16978,3.88891,4.30104,0.068887
G0534,43.0986,33.6155,6.7408,2.7204,T50,0.24337,0.45932,0.60176,0.024765
G0535,64.5811,6.5495,179.2486,7.2804,C50,0.29406,0.77802,0.22343,0.025414
G0536,52.0237,18.2444,87.9766,6.0341,C50,0.27848,0.40731,2.53584,0.023503
G0537,8.6364,34.3827,114.5523,1.2209,M98C,0.07774,0.26438,1.32676,0.029768
G0538,55.2717,21.5508,112.2457,4.1074,O99,0.13682,1.82633,15.00479,0.051740
G0539,51.3715,12.1851,48.9103,9.0459,M80C,0.28736,0.50840,1.59204,0.017655
G0540,61.7694,34.6054,109.3761,2.0750,C50,0.29504,0.80636,1.02353,0.023031
G0541,18.8273,49.5874,29.7077,9.5030,M95C,0.16523,1.65759,7.35107,0.050051
G0542,63.5935,22.5344,104.7486,4.4746,M95C,0.08954,0.68683,2.06342,0.037357
G0543,13.8975,32.0585,71.6133,2.2894,O99,0.27366,2.46898,7.75314,0.049346
G0544,29.0158,50.9582,92.2907,9.4453,T50,0.26273,0.44711,0.56536,0.036300
G0545,47.7113,8.6104,9.0592,6.2167,O99,0.29127,1.58887,7.81763,0.085907
G0546,49.2112,2.1759,36.3682,4.7713,T50,0.08134,2.94047,13.83817,0.078622
G0547,50.2506,24.1019,120.8419,4.4513,M98C,0.20556,0.36698,0.56164,0.040221
G0548,52.0571,38.1314,57.0868,6.5732,M80C,0.26559,0.43365,0.39351,0.017486
G0549,14.8973,49.0480,15.9553,8.8492,M98C,0.09438,0.99784,6.95842,0.055614
G0550,47.4200,47.1424,16.7103,7.1968,M95C,0.16994,0.71044,5.24898,0.058012
G0551,56.7656,22.2011,33.9213,6.7607,C50,0.07242,0.78634,1.40727,0.032805
G0552,39.9955,6.2173,54.1807,2.3874,C50,0.17926,1.35280,6.25300,0.041766
G0553,49.0554,29.4191,114.6302,4.9131,M95C,0.09527,0.20999,0.41181,0.011255
G0554,24.2692,48.5520,15.3470,5.5035,C50,0.26982,0.33277,0.45087,0.025899
G0555,2.1862,54.8407,119.3663,2.2021,M80C,0.07716,0.35372,0.94025,0.018452
G0556,42.1072,24.8843,60.7189,8.2862,M80C,0.25438,0.21031,0.97715,0.018980
G0557,45.7259,42.1216,23.8489,8.2495,T50,0.10913,2.23547,4.91150,0.041727
G0558,59.8294,29.3289,94.6727,7.0888,M80C,0.21411,0.37163,0.53475,0.025210
G0559,38.9137,45.7304,109.6146,6.7731,M95C,0.22812,0.30373,0.78218,0.027347
G0560,59.4570,31.5762,93.9466,9.8359,M80C,0.23122,0.43966,0.43162,0.021605
G0561,63.2156,28.9971,90.3532,5.9251,M80C,0.18272,0.46143,0.44146,0.019287
G0562,54.9974,54.9490,61.5220,4.4106,M80C,0.26847,1.06174,1.89992,0.034112
G0563,26.7229,48.6101,21.9032,6.1332,C50,0.10544,0.79592,1.12808,0.038133
G0564,28.7753,19.9576,2.6725,3.8406,M95C,0.28534,1.38990,4.66618,0.050609
G0565,62.9546,27.7150,38.4084,7.9352,M98C,0.27939,0.70340,1.11776,0.047553
G0566,48.8038,44.5421,46.4996,9.8319,T50,0.25572,0.48259,0.79065,0.027661
G0567,64.7605,22.8403,5.3915,7.6896,O99,0.29552,1.06156,1.94999,0.061850
G0568,55.6673,42.7375,96.4409,6.7350,C50,0.10295,4.51592,3.49837,0.065502
G0569,5.4756,51.6946,42.1549,7.2461,C50,0.22068,0.74179,1.29335,0.032288
G0570,46.4074,50.0450,68.0927,5.6892,O99,0.11272,3.20961,10.90319,0.083243
G0571,64.6224,52.9691,0.0968,3.5530,M98C,0.13004,0.33246,0.29877,0.021090
G0572,55.1056,44.6747,14.5092,1.1452,M98C,0.13624,2.38099,7.71366,0.074939
G0573,64.0230,4.1778,129.0609,6.9106,M95C,0.09803,0.21827,0.90029,0.019868
G0574,51.4926,48.5329,120.3271,7.2806,C50,0.05977,0.58012,7.25346,0.029448
G0575,25.9351,32.5071,23.9487,8.3489,C50,0.12515,1.58263,2.60581,0.055078
G0576,50.2362,41.0691,33.3196,9.4579,C50,0.05013,0.63427,1.86100,0.064391
G0577,58.9799,43.7459,10.9465,9.5851,C50,0.29352,0.49581,0.87382,0.027823
G0578,20.9248,41.0773,48.4276,7.8796,M80C,0.15964,0.14847,0.37896,0.015666
G0579,33.0560,34.7650,41.3481,9.2136,T50,0.14696,0.46802,0.70801,0.038351
G0580,40.5278,0.1495,4.7977,2.5606,T50,0.27152,0.43597,0.44944,0.033169
G0581,62.7762,36.4687,9.3952,1.7935,T50,0.11498,2.09292,6.79940,0.049465
G0582,1.0744,53.9582,111.0530,1.6013,M80C,0.16409,0.38662,0.21388,0.017606
G0583,63.1590,24.5359,17.0035,3.6842,C50,0.15575,0.68908,3.72789,0.029497
G0584,45.0169,42.2260,31.1024,3.0658,M80C,0.19071,2.19251,4.12550,0.039072
G0585,15.5373,48.2856,40.1099,6.3239,O99,0.27527,0.95272,1.24643,0.019161
G0586,17.3454,33.0170,51.3762,4.0872,C50,0.20587,1.38022,12.32212,0.021295
G0587,46.8836,11.4355,24.1324,2.5225,T50,0.27098,0.48643,2.55805,0.056087
G0588,58.7882,49.9703,103.7215,7.5819,M95C,0.15543,0.45574,0.94988,0.036319
G0589,43.0747,8.0505,42.1015,2.0478,M80C,0.13530,0.28776,0.51317,0.027250
G0590,32.8252,25.8769,55.5418,4.7296,M80C,0.23014,1.01539,0.96599,0.024449
G0591,58.5974,41.0017,11.2664,6.5941,T50,0.08202,0.41134,1.16489,0.022750
G0592,26.5967,33.3395,69.4304,2.5568,C50,0.14256,0.27056,0.77773,0.017894
G0593,48.9351,36.3209,29.3282,8.5664,M95C,0.05794,0.20800,0.47774,0.015862
G0594,52.8497,32.7805,51.2311,6.5178,C50,0.08403,0.58987,0.46508,0.022328
G0595,53.5855,50.5116,68.3175,1.2034,T50,0.25868,2.58223,5.11320,0.049928
G0596,57.9391,2.7266,99.4117,6.0311,M95C,0.09834,0.52216,2.45683,0.057060
G0597,55.4706,16.3054,54.6980,8.8870,T50,0.28965,0.52488,1.24208,0.028381
G0598,64.1494,4.7821,168.4970,2.2978,M95C,0.24809,0.37497,0.32102,0.024423
G0599,35.5275,54.9670,86.9948,5.1550,C50,0.11312,0.84228,0.83423,0.036445
G0600,42.2091,41.9044,58.5823,8.8954,O99,0.17765,0.98855,2.68679,0.050808
G0601,21.2743,44.5901,99.0825,3.3096,M98C,0.18300,0.48754,0.74425,0.021098
G0602,57.1553,51.1257,51.7196,6.6378,M95C,0.09176,0.13870,0.22197,0.015549
G0603,53.3365,34.3306,127.4105,4.4145,M80C,0.17224,2.28521,13.51841,0.062946
G0604,23.2919,34.8138,61.5017,3.0161,C50,0.10191,1.15402,6.43764,0.064169
G0605,48.3407,3.3770,47.4173,5.6935,C50,0.17911,1.42920,3.87819,0.055341
G0606,64.5477,38.3668,35.9808,3.2409,M95C,0.09558,1.72182,7.04014,0.042529
G0607,53.4345,18.7392,88.1645,7.4755,M98C,0.26926,0.71102,1.29178,0.025762
G0608,24.5936,54.2546,39.5265,4.9848,O99,0.06791,1.69547,4.87860,0.081707
G0609,60.9297,34.1125,112.6633,2.1543,C50,0.26487,0.98400,6.02153,0.045162
G0610,47.6078,29.5665,34.9902,9.9305,C50,0.08709,0.36682,1.23395,0.041071
G0611,39.0894,42.1977,87.1564,4.4185,O99,0.10207,3.10949,3.81072,0.082698
G0612,29.7026,29.7400,28.2213,6.9491,O99,0.15021,0.37734,0.38790,0.035798
G0613,9.7505,49.6779,32.1152,5.8037,C50,0.10063,0.84794,1.07661,0.055208
G0614,54.4909,18.1710,54.8021,5.3427,C50,0.23080,1.58056,4.17059,0.040800
G0615,60.8477,4.6864,81.4111,7.0520,O99,0.21718,0.52173,0.57909,0.025727
G0616,51.2663,24.8084,39.3891,8.4073,T50,0.06049,1.33333,5.68598,0.046033
G0617,6.3863,45.1621,54.4188,2.7411,M98C,0.14246,0.42353,1.18015,0.030628
G0618,34.6390,16.4197,42.2844,4.6551,M98C,0.28038,0.35308,0.74615,0.024668
G0619,26.7283,38.6690,33.1883,7.6743,M95C,0.10604,2.69087,5.50785,0.038701
G0620,51.3750,9.1969,65.6471,3.4916,T50,0.10178,0.14637,0.21635,0.029591
G0621,63.1905,52.3643,39.3768,9.6643,O99,0.11908,1.20068,0.98186,0.034562
G0622,62.5944,13.5236,113.0578,3.9345,C50,0.17994,0.47771,0.43748,0.040740
G0623,28.0334,51.9066,93.7136,8.1397,M98C,0.08041,0.96065,2.70480,0.029130
G0624,3.7605,46.0651,168.4695,2.8235,C50,0.15229,0.39767,0.41188,0.019064
G0625,51.8809,11.2402,164.9024,1.4534,M80C,0.18850,0.71700,1.18019,0.056629
G0626,32.9715,46.7009,19.2856,8.0514,M98C,0.14971,1.15041,1.27441,0.023871
G0627,60.5541,37.9903,0.3635,3.1528,O99,0.19763,1.21786,2.11484,0.029257
G0628,61.6820,38.8789,102.3860,6.4041,O99,0.18470,0.19822,0.19838,0.018630
G0629,38.7038,2.8707,104.4097,2.5382,C50,0.08958,0.78172,0.75673,0.046986
G0630,62.2354,31.5457,111.4512,4.1530,M80C,0.08467,1.40685,5.15932,0.063032
G0631,63.3061,52.5719,143.8992,1.0016,C50,0.19532,1.56790,6.45054,0.066289
G0632,56.1534,43.3333,38.2925,2.0623,M95C,0.25673,0.92653,3.93996,0.032628
G0633,33.5769,3.9101,81.5062,1.6171,O99,0.14842,0.47688,0.48852,0.014279
G0634,15.8190,36.6907,73.3190,3.2160,O99,0.10448,0.64881,1.64172,0.044109
G0635,63.2713,18.0328,70.1987,5.8118,O99,0.29824,0.74199,1.69289,0.084732
G0636,55.3284,49.2411,73.3509,9.5658,M98C,0.15519,0.64126,1.07777,0.043393
G0637,45.6226,28.2562,64.6682,9.3798,O99,0.10041,1.66217,8.93773,0.066158
G0638,38.8501,50.7730,92.9330,8.2897,C50,0.17278,0.57790,4.42295,0.040795
G0639,52.9009,4.8370,86.1460,4.7427,M98C,0.15955,0.55840,1.24446,0.026221
G0640,43.4427,14.6049,27.8995,1.4797,C50,0.21350,0.74006,1.43720,0.036105
G0641,46.2924,17.5622,44.7241,7.6797,M95C,0.17813,0.21129,0.17063,0.012351
G0642,58.3352,24.2796,65.7551,8.5992,M80C,0.15867,1.93791,1.37933,0.032191
G0643,41.8527,42.7851,130.3362,2.1556,M95C,0.22232,0.62413,1.20252,0.041430
G0644,62.8378,7.6439,28.9895,7.3628,C50,0.06960,2.45325,2.27270,0.063065
G0645,39.0201,0.9322,50.5387,2.0532,T50,0.18486,1.30846,2.76657,0.051507
G0646,62.9576,14.5826,61.9384,7.7973,M95C,0.27309,0.69262,5.95081,0.038432
G0647,34.1354,52.5788,63.3306,1.6509,M98C,0.23635,0.49520,0.69314,0.020239
G0648,63.9133,10.9585,3.4955,5.6688,M98C,0.12289,0.62432,1.12868,0.021104
G0649,2.0524,48.2972,163.8111,3.4941,O99,0.26035,1.19044,0.62631,0.021042
G0650,20.5851,51.4820,34.3701,8.7872,C50,0.12480,0.61330,1.54320,0.027366
G0651,62.2879,22.9411,3.2649,8.2902,O99,0.23386,0.37471,0.40879,0.010780
G0652,21.2875,46.0073,31.9131,4.6400,M95C,0.19798,4.72081,11.56637,0.050944
G0653,59.4190,29.9948,23.6972,6.0745,M95C,0.29933,1.42301,5.50595,0.049651
G0654,54.1396,31.0250,13.2121,8.7251,O99,0.16378,0.54901,1.85519,0.027003
G0655,29.1783,21.7323,18.6773,4.9017,C50,0.11598,2.45322,3.07132,0.049601
G0656,30.0015,21.3811,46.3474,2.7551,O99,0.25974,1.82169,2.27089,0.034595
G0657,59.6886,51.9747,114.6970,3.4856,C50,0.06771,0.36965,1.47669,0.037524
G0658,1.2062,52.2402,64.0473,3.4701,O99,0.10874,1.32732,2.95955,0.043116
G0659,42.0729,25.1236,53.3993,8.7253,T50,0.27431,0.16472,0.42779,0.018044
G0660,38.7122,52.7274,38.8802,9.7146,C50,0.12290,0.54316,0.30016,0.022829
G0661,33.2792,18.0949,78.7443,1.1481,O99,0.24028,1.04235,3.43444,0.046172
G0662,56.6967,12.4757,68.0628,5.2505,M98C,0.27653,0.32543,0.47579,0.021555
G0663,21.7333,37.3126,25.1064,4.5509,M95C,0.19872,1.21790,2.20258,0.072707
G0664,26.7717,48.2191,73.7934,9.4924,M95C,0.17387,0.44387,1.42102,0.014870
G0665,57.9089,29.3526,90.9753,2.3287,T50,0.25932,0.87531,0.61614,0.036276
G0666,59.7918,40.3037,24.8115,6.8688,M98C,0.12479,0.18001,0.53616,0.018745
G0667,28.3925,54.7273,26.7389,7.9419,M95C,0.15345,0.39414,0.29709,0.023732
G0668,8.4310,41.3928,99.8357,1.5617,T50,0.28468,1.65230,3.84346,0.058063
G0669,62.9665,36.1924,24.5087,5.1971,M98C,0.19848,0.79701,0.96563,0.014070
G0670,12.6394,48.4585,82.8293,6.4297,C50,0.10028,2.64721,3.76036,0.038290
G0671,35.5231,45.4081,118.0050,1.3277,T50,0.29964,1.27364,2.43654,0.029398
G0672,49.2928,12.1217,1.4746,7.2307,M95C,0.19210,0.46099,0.21233,0.018476
G0673,13.9173,50.9044,13.2299,2.5115,C50,0.05320,1.01323,0.94510,0.040654
G0674,63.6777,44.5407,20.3071,8.6766,O99,0.21465,0.81922,0.83241,0.045971
G0675,37.8234,46.8077,100.6130,8.0824,T50,0.05463,0.55938,3.20094,0.053427
G0676,29.1089,38.1800,25.2934,9.6609,M98C,0.09754,0.43788,0.67304,0.024725
G0677,7.4753,50.4054,16.3418,7.4354,M95C,0.11664,0.37912,0.38633,0.023321
G0678,55.4245,44.1927,11.2111,3.1806,M80C,0.14806,0.45827,0.76050,0.015878
G0679,34.7756,42.6498,110.9346,4.7937,C50,0.10737,0.22128,1.65875,0.014993
G0680,52.1773,32.6194,8.0900,2.8208,M98C,0.28965,0.96431,7.62209,0.048960
G0681,41.7642,30.5432,45.4546,8.1156,O99,0.22699,0.92053,1.23988,0.022483
G0682,49.6462,35.6729,72.5037,6.1815,O99,0.07815,0.66454,2.31268,0.028778
G0683,35.4634,40.2562,53.4131,2.2790,M80C,0.05404,0.23146,0.16175,0.030478
G0684,43.2684,33.0832,2.9721,2.3110,T50,0.19196,3.22114,12.04614,0.072306
G0685,54.2609,9.7596,130.8364,1.6526,C50,0.26169,0.85667,0.74969,0.018141
G0686,63.4865,3.4316,76.2155,4.1111,M98C,0.14343,1.44495,2.83804,0.036375
G0687,45.9729,36.1813,94.8456,9.8302,T50,0.26873,0.96873,0.99901,0.044373
G0688,44.3405,51.2099,112.6566,1.1210,M98C,0.18935,0.97320,4.78330,0.041419
G0689,39.5477,43.7832,13.2534,5.3820,M95C,0.17828,0.57767,0.97928,0.020717
G0690,36.9020,43.9546,29.0781,9.4049,O99,0.16159,0.63737,1.44434,0.022926
G0691,42.2445,49.3750,35.9694,9.3058,M98C,0.22268,0.24918,0.31766,0.025125
G0692,53.3948,19.7797,76.5507,9.7846,T50,0.21720,1.38445,3.33224,0.092474
G0693,56.3066,9.6364,50.2905,3.6823,M80C,0.25104,1.05381,3.59458,0.031627
G0694,44.0437,8.2742,41.7403,5.6378,T50,0.14274,0.64623,1.06768,0.022537
G0695,19.9949,28.8011,45.1495,4.1172,T50,0.16597,0.62036,1.94013,0.051901
G0696,19.3990,21.6940,19.6010,2.9610,T50,0.15496,0.13455,0.15529,0.014005
G0697,54.9780,46.7018,116.2100,8.0912,O99,0.16224,0.27213,0.70163,0.025160
G0698,52.0282,45.4825,68.7891,7.4312,C50,0.13012,1.09644,4.59302,0.040176
G0699,64.6944,27.1361,120.6306,4.9028,T50,0.23689,1.26704,1.79502,0.029943
G0700,10.1172,53.4418,60.2049,7.6418,M98C,0.12561,0.27922,0.44548,0.026793
G0701,64.5914,28.9765,98.5953,6.0712,T50,0.27403,1.59694,1.81966,0.023644
G0702,57.8006,35.6900,45.5872,3.9151,M95C,0.18189,0.61996,3.24105,0.041630
G0703,50.5820,37.9583,2.7588,4.4708,C50,0.27361,0.70147,0.96182,0.028652
G0704,55.6902,27.0023,67.4732,2.8344,O99,0.27475,1.75082,3.98950,0.054834
G0705,22.2003,53.7657,1.1656,5.3201,M95C,0.20572,0.89632,5.26690,0.032218
G0706,61.0503,3.3016,104.5244,7.8116,M98C,0.22758,1.29415,4.83395,0.045881
G0707,34.0683,30.4003,71.1253,5.9611,M95C,0.06538,2.13666,2.41799,0.037856
G0708,8.7398,53.0788,11.6201,6.8457,O99,0.05342,0.62328,2.03504,0.011560
G0709,53.4162,50.7127,3.7416,6.7698,M95C,0.08562,0.36680,0.94822,0.028263
G0710,45.1552,17.2071,69.9431,6.6979,O99,0.27709,2.22509,3.21831,0.051145
G0711,63.6311,5.8211,49.9745,6.0679,T50,0.16839,0.54508,1.59240,0.016115
G0712,55.7348,53.2285,35.4834,5.4416,T50,0.15426,0.81231,4.20536,0.035501
G0713,0.8458,52.6616,110.6930,4.7675,M95C,0.11363,2.07682,6.23543,0.057719
G0714,63.2573,53.3323,146.4506,2.9265,M98C,0.22073,1.57323,8.53588,0.066416
G0715,57.5625,6.5917,59.5700,4.0659,M80C,0.12845,1.56915,4.35961,0.068337
G0716,53.6152,22.0328,91.1106,7.5915,O99,0.22154,3.15097,11.77108,0.055664
G0717,54.0194,11.7290,15.0279,8.1135,M98C,0.13354,0.36921,3.56959,0.023517
G0718,53.6456,13.7218,130.8637,2.4801,T50,0.08956,0.32585,1.43676,0.017417
G0719,58.6910,46.0457,102.6932,8.0523,M95C,0.19645,0.30390,0.82452,0.032503
G0720,39.4456,47.7091,65.0032,1.2018,C50,0.12185,0.64531,2.74469,0.033530
G0721,57.8886,13.6290,7.1907,8.3914,M80C,0.18800,1.16151,1.69451,0.064071
G0722,45.3413,34.8444,99.2405,1.7528,T50,0.08657,0.65048,1.03488,0.023499
G0723,57.3407,52.0583,1.7533,6.0238,T50,0.14656,0.66972,1.07991,0.053067
G0724,41.7613,24.2189,41.9702,3.0496,T50,0.22435,3.94618,5.54109,0.052952
G0725,43.5324,49.4290,114.6725,6.2419,C50,0.16462,0.23549,0.50700,0.012020
G0726,64.8519,13.4770,81.5615,8.7425,M80C,0.24979,0.16464,0.61105,0.024259
G0727,55.6574,54.0015,53.0517,7.0491,C50,0.05768,1.77386,3.70392,0.051656
G0728,34.3512,40.1083,84.8553,5.2922,T50,0.19088,0.75343,1.74505,0.034068
G0729,41.5046,14.1340,55.2285,5.7465,M80C,0.19076,1.16266,3.36925,0.060773
G0730,41.9960,34.2578,59.2081,9.3917,C50,0.21506,1.05533,3.78473,0.028741
G0731,57.2660,42.5343,115.1344,9.8061,O99,0.07998,0.33688,0.45187,0.023982
G0732,46.4343,26.6184,21.3737,6.2734,M80C,0.10127,0.29134,0.52327,0.019130
G0733,8.1502,46.0562,63.8721,5.0737,M95C,0.10146,1.83031,6.10205,0.084569
G0734,27.1299,42.7648,63.0482,7.7712,C50,0.24275,0.83970,3.06240,0.054226
G0735,37.4000,27.6595,93.3886,1.7305,T50,0.09284,0.10356,0.61140,0.021843
G0736,42.9821,34.4032,57.6589,9.0779,T50,0.11935,0.30273,0.33997,0.027572
G0737,50.1722,9.1852,44.9353,6.6973,M95C,0.09012,1.10206,0.77085,0.023419
G0738,55.0760,34.5149,57.3391,7.3853,M95C,0.21734,0.20167,0.40800,0.032836
G0739,27.6044,51.3061,73.4738,9.7769,M98C,0.13068,0.16071,0.67174,0.014599
G0740,8.0315,51.2374,113.7778,4.2903,C50,0.25885,1.07479,2.88447,0.060081
G0741,38.7954,49.3730,75.4840,9.0820,C50,0.24630,0.53274,2.35429,0.033217
G0742,55.8768,54.8695,34.3566,9.1059,T50,0.26385,1.72237,4.04359,0.062104
G0743,28.6346,51.8782,2.5540,6.5949,T50,0.23908,2.10577,4.42860,0.033319
G0744,51.9191,37.8018,7.6860,3.8321,M95C,0.29365,4.35515,18.87775,0.088758
G0745,38.6384,46.2409,41.8579,9.2935,M98C,0.23075,1.38127,2.29423,0.025834
G0746,58.4359,17.8799,91.8067,9.8960,M80C,0.21436,0.44957,0.43709,0.024694
G0747,3.4550,50.3597,160.0287,1.3590,O99,0.23256,3.02949,5.82500,0.072480
G0748,57.0216,33.3449,78.9589,5.6310,C50,0.13862,0.33454,0.83608,0.018541
G0749,64.3916,35.3937,119.8634,2.2624,T50,0.27944,0.76870,0.55893,0.018259
G0750,47.5422,46.8238,41.2014,5.7681,M80C,0.16653,1.48782,7.17100,0.022519
G0751,63.8428,41.5691,52.6289,1.6917,M95C,0.05538,1.48540,6.76816,0.085566
G0752,5.7908,38.3984,52.1268,1.9472,T50,0.13079,1.47937,3.06699,0.033295
G0753,6.6544,34.3858,42.1209,2.5511,T50,0.05180,0.30147,1.07935,0.016720
G0754,62.7131,37.6194,1.3159,9.5127,O99,0.14121,1.70845,1.85451,0.022865
G0755,30.9198,33.6764,66.2442,5.9773,C50,0.16034,0.37500,2.11452,0.024833
G0756,18.0873,34.0364,4.8136,1.4695,O99,0.24478,1.02263,1.25665,0.038508
G0757,54.3800,12.8881,26.8299,7.0178,M95C,0.11596,0.61269,1.10374,0.048350
G0758,26.0765,45.7743,17.4387,2.3616,C50,0.25743,0.33433,0.36342,0.018169
G0759,29.1711,48.1227,1.6676,9.8193,C50,0.24552,0.19633,0.11501,0.014205
G0760,61.1097,11.2753,13.4214,9.2842,C50,0.17629,0.70328,1.23528,0.020539
G0761,64.6807,5.6718,111.4862,2.1693,M98C,0.07731,2.90219,5.35005,0.049158
G0762,29.7300,45.6268,108.1801,3.2123,M98C,0.28505,1.92038,3.97733,0.026962
G0763,42.9620,2.0946,162.8929,1.7840,T50,0.22988,0.36056,0.43335,0.020353
G0764,31.9690,52.2598,95.2293,5.0510,M80C,0.23213,0.45234,1.43539,0.031397
G0765,47.2101,43.8497,62.6477,2.5569,C50,0.20379,1.09689,1.41623,0.021003
G0766,15.4727,52.4358,75.0973,2.0000,C50,0.26034,0.45812,0.55728,0.036232
G0767,36.6100,49.0476,74.3929,2.7504,M80C,0.18982,0.39746,0.50671,0.020008
G0768,61.1777,1.1278,96.6373,9.1711,C50,0.22276,0.45225,1.17920,0.025662
G0769,54.0196,13.0080,65.3885,2.7753,T50,0.17896,1.82397,3.96635,0.066078
G0770,50.3141,19.2629,44.6199,9.3097,T50,0.19237,0.47507,3.00922,0.027391
G0771,56.9879,41.6871,92.8990,6.4766,M80C,0.13619,1.32676,2.28789,0.026314
G0772,29.9020,42.5628,79.2900,1.8218,T50,0.07108,1.32983,8.05766,0.045825
G0773,34.6223,47.0282,66.7317,3.8752,M95C,0.22909,0.33592,1.31505,0.028040
G0774,33.2211,52.6208,86.1094,6.3255,C50,0.20966,2.07760,5.23073,0.047053
G0775,30.3848,41.7069,17.8665,3.1702,O99,0.11452,0.89849,4.03074,0.034344
G0776,12.1224,51.0672,91.3340,4.4339,O99,0.07698,0.76993,3.67832,0.052833
G0777,42.5737,5.9180,143.7124,1.9615,M95C,0.06247,0.32676,0.63044,0.025134
G0778,35.2498,12.4742,87.0819,1.9373,C50,0.25670,0.93237,1.52557,0.022918
G0779,0.1769,47.2762,34.3609,1.4128,M95C,0.15798,1.38436,4.32685,0.041136
G0780,56.3500,5.5795,40.4681,4.3268,O99,0.19738,3.51777,6.43705,0.072938
G0781,57.8039,4.5061,98.2980,2.6344,M95C,0.21934,0.26940,0.53608,0.024196
G0782,64.8446,0.8905,149.8352,6.3985,O99,0.28530,0.46755,0.41261,0.016759
G0783,39.3178,37.1753,59.3323,4.7831,T50,0.26911,3.13539,5.66542,0.076873
G0784,39.3328,5.9014,51.6549,3.6303,T50,0.09862,2.56044,9.27439,0.071321
G0785,60.6066,16.3664,30.0393,8.9550,M98C,0.29241,0.62316,0.63270,0.019226
G0786,61.2586,25.9912,86.8812,8.8731,M98C,0.24041,1.76252,10.05478,0.069034
G0787,41.3370,40.6671,29.5074,9.8839,M98C,0.28083,0.53351,1.09476,0.027589
G0788,3.7504,36.4966,15.2939,2.2861,O99,0.27811,0.36431,0.38119,0.020505
G0789,62.1571,9.2222,29.0099,7.5232,O99,0.05284,0.88392,0.71637,0.018786
G0790,38.2932,12.3255,85.3250,3.5282,M80C,0.19440,1.12636,0.39804,0.020659
G0791,42.6196,50.7382,57.2120,6.1607,C50,0.16652,0.40272,2.04395,0.026374
G0792,8.9561,54.7399,21.5776,2.1999,M95C,0.15094,2.25593,6.23047,0.056374
G0793,50.9397,54.0628,52.9802,3.6603,C50,0.17567,0.90662,1.29405,0.027825
G0794,57.4273,40.5853,22.9572,4.7428,O99,0.19826,0.53448,2.34204,0.036276
G0795,37.4328,49.8686,41.3602,4.6409,O99,0.27128,0.79816,1.84530,0.015861
G0796,34.5627,18.1866,109.8277,1.0458,M95C,0.11099,0.29813,0.95100,0.023094
G0797,35.5135,46.7042,34.5329,9.3720,M98C,0.15145,1.39006,3.84274,0.057200
G0798,34.8258,38.0015,59.0158,4.2581,C50,0.16103,2.07873,4.32660,0.033030
G0799,54.0250,47.7598,53.0893,3.7218,M95C,0.09185,1.37519,1.70808,0.027165
G0800,21.4654,39.7954,24.7147,6.4470,C50,0.21815,0.43355,0.54298,0.015581
G0801,60.8417,50.1725,14.5147,4.4979,M95C,0.29592,0.12946,0.34493,0.017488
G0802,15.3491,45.0401,77.7843,1.4537,M80C,0.13973,0.37004,0.42170,0.017162
G0803,56.2082,40.1095,63.4962,6.8666,M95C,0.17796,0.92542,0.72026,0.035877
G0804,50.0301,7.5515,4.7599,7.0502,M98C,0.15910,0.64426,1.39176,0.037481
G0805,26.1878,30.8045,25.0278,7.5846,C50,0.14960,0.62601,1.57143,0.050551
G0806,34.5793,24.6813,49.1697,1.3821,O99,0.11692,1.46350,2.11506,0.029265
G0807,43.9337,37.2451,1.2645,3.4243,M98C,0.12720,0.32275,1.25216,0.012482
G0808,10.0958,47.5243,63.7669,6.5926,T50,0.26274,0.89116,4.70214,0.066396
G0809,55.2616,16.8738,127.2441,5.0057,M80C,0.25128,0.84997,2.85805,0.087759
G0810,37.3589,41.7992,80.8900,8.8317,T50,0.17177,1.25108,4.36518,0.028892
G0811,39.9198,25.7469,57.4396,5.6641,M98C,0.08304,0.41451,0.28072,0.012539
G0812,23.0161,49.4791,104.3103,6.0204,T50,0.20736,1.87517,12.29193,0.092972
G0813,55.7900,54.0722,24.2118,5.2023,M80C,0.29388,0.80441,2.30048,0.047791
G0814,42.1514,54.7712,111.2708,4.0335,M95C,0.16114,3.55804,4.47349,0.073042
G0815,48.3666,25.0519,45.5310,6.2648,M98C,0.06705,1.58384,1.36843,0.043687
G0816,35.0373,30.2334,54.5999,3.6950,C50,0.26597,3.31815,10.44953,0.085828
G0817,42.0159,25.8312,51.8101,2.7746,M95C,0.26152,0.19854,0.94865,0.020587
G0818,63.6444,27.9733,72.1879,9.6769,M80C,0.17622,2.81858,8.10802,0.051473
G0819,51.0695,17.7478,20.5244,9.7308,T50,0.06590,1.13495,6.89053,0.023337
G0820,40.7950,37.6874,69.3306,4.3973,T50,0.28056,3.07079,8.75723,0.057465
G0821,35.1624,52.0828,75.9925,9.1450,T50,0.13628,1.10114,3.81105,0.029500
G0822,61.2725,46.3886,72.2315,7.2606,M95C,0.27839,0.48632,1.06991,0.014804
G0823,43.0239,18.3743,48.2823,4.0001,C50,0.29113,2.46391,8.57690,0.089359
G0824,40.1016,18.4891,78.1154,5.4285,O99,0.11222,0.19212,0.41118,0.013010
G0825,62.8278,35.1754,115.6012,8.7362,C50,0.21479,1.70180,2.31108,0.041235
G0826,46.3467,26.7342,118.9788,2.7080,M98C,0.29334,3.12121,11.32532,0.073882
G0827,40.3445,2.9032,87.3597,1.1257,M95C,0.13886,0.77667,1.13697,0.030940
G0828,48.9233,51.1187,0.0793,6.8438,M98C,0.14878,1.10100,1.22751,0.021560
G0829,52.1699,16.3252,16.4931,3.6444,M80C,0.15536,1.02658,1.03420,0.061847
G0830,55.3211,28.6259,82.0736,6.7234,M98C,0.10273,0.33180,1.24684,0.016412
G0831,48.2671,51.0045,27.7524,2.5534,M80C,0.07861,0.76085,1.83896,0.041231
G0832,57.4255,27.1862,59.7905,8.3983,T50,0.11895,0.44598,0.95129,0.025080
G0833,62.1262,0.5581,131.2032,4.5861,T50,0.16340,0.43840,0.50655,0.023863
G0834,45.0143,51.7415,46.8318,9.7623,M95C,0.20139,1.16337,9.52915,0.037380
G0835,61.3418,12.0471,84.8480,5.2698,M80C,0.19057,0.59646,1.11203,0.038328
G0836,33.8896,21.3012,35.3903,6.2099,T50,0.17340,0.38086,1.90199,0.044451
G0837,2.2202,48.3888,84.4444,5.1212,T50,0.27260,0.87909,4.70048,0.024089
G0838,62.5778,2.3252,79.1289,7.5502,C50,0.06204,1.14860,1.65194,0.037229
G0839,42.0214,43.1600,14.4729,5.1157,M98C,0.06493,1.24425,1.53100,0.017175
G0840,30.4177,27.0793,46.9311,4.8113,M98C,0.21595,2.24925,3.19836,0.072977
G0841,40.0472,45.3214,57.1995,2.3579,C50,0.28367,0.36594,0.94850,0.025413
G0842,46.2652,40.2618,100.3130,7.7897,T50,0.09812,0.47746,0.93653,0.022264
G0843,45.5032,54.1773,61.1284,9.1051,M95C,0.15187,0.75818,1.92071,0.031720
G0844,47.1148,36.3518,58.4537,5.9857,M80C,0.29331,1.36132,5.77772,0.049133
G0845,48.9609,24.9401,56.0507,6.4646,M95C,0.12419,0.55885,0.56331,0.030520
G0846,52.8767,39.2188,104.1833,9.3644,O99,0.27514,1.15976,1.32181,0.036614
G0847,52.9966,44.5240,69.1906,8.5772,C50,0.21110,0.75838,1.29801,0.034693
G0848,51.8087,42.8843,40.2409,5.6244,M95C,0.06010,1.56696,2.31323,0.030735
G0849,1.9580,53.2570,53.5687,6.9175,M80C,0.27130,1.79649,5.52436,0.046717
G0850,62.5493,36.7118,51.6202,7.1913,M95C,0.29692,0.60096,0.84674,0.019485
G0851,61.9204,28.0374,47.0310,4.6076,T50,0.07946,4.02934,13.12435,0.097305
G0852,23.5911,40.5318,17.4921,7.4468,M95C,0.12867,0.56706,1.40148,0.032805
G0853,58.8319,46.6223,124.0854,5.3288,M80C,0.28945,0.94984,0.95568,0.037026
G0854,51.6384,18.4451,76.9627,7.1689,C50,0.29285,0.11018,0.14224,0.017994
G0855,54.7304,36.0921,79.9022,3.5362,C50,0.25777,2.09122,2.34278,0.039990
G0856,48.4005,21.0129,19.2622,1.8919,T50,0.25226,0.78780,0.58048,0.019273
G0857,11.2775,47.6285,108.1341,4.4283,O99,0.15241,0.91340,1.90304,0.025551
G0858,42.7177,50.1299,12.1922,4.9243,T50,0.16959,0.48517,0.79868,0.020423
G0859,41.2717,54.4075,78.4090,7.7942,O99,0.24228,0.17422,0.21829,0.019111
G0860,60.1823,17.7922,176.9966,3.3649,M80C,0.20934,0.32252,0.78849,0.019981
G0861,46.6959,35.6987,38.2057,9.5162,C50,0.26682,0.42747,1.43017,0.038541
G0862,47.5850,46.1700,124.6442,3.7596,T50,0.24235,0.59138,1.40960,0.025660
G0863,61.6201,42.7059,9.3431,3.5723,C50,0.09963,1.93203,4.77926,0.047052
G0864,28.5398,19.5001,51.5334,1.5737,O99,0.16921,3.01874,18.18986,0.060973
G0865,56.6904,3.8278,128.4053,6.2462,M98C,0.18138,0.69481,1.03267,0.028090
G0866,53.7565,4.4385,71.1408,7.6230,M80C,0.05732,0.29857,0.85243,0.024519
G0867,62.4036,5.4314,39.4175,9.8902,O99,0.20822,0.46887,0.80392,0.028499
G0868,53.8379,51.8926,23.2513,2.4451,O99,0.16550,1.57736,3.23338,0.076523
G0869,23.1446,54.5664,35.7418,2.4665,T50,0.12271,1.76205,2.47302,0.029023
G0870,48.5753,16.4873,62.1067,4.0477,M80C,0.08528,0.71430,1.11009,0.033190
G0871,49.7845,36.3725,46.9736,3.3999,M80C,0.18039,1.10480,1.48844,0.022556
G0872,1.2802,43.2338,50.5043,1.0764,C50,0.09820,0.18069,0.16422,0.024595
G0873,45.3226,6.5690,49.9859,5.6031,C50,0.17134,0.12893,0.38175,0.013306
G0874,33.2202,46.6857,25.0953,9.5140,C50,0.06773,1.63362,2.40547,0.038055
G0875,56.7629,41.6589,36.3826,6.6274,O99,0.12946,1.47972,5.62097,0.041179
G0876,60.1705,20.0785,36.5714,1.8106,T50,0.16972,1.29208,1.62957,0.051373
G0877,60.5194,32.9861,43.5121,8.9614,C50,0.22690,0.19645,0.23589,0.012124
G0878,43.7114,43.5703,92.6202,8.7117,M80C,0.23020,0.76415,1.58531,0.029894
G0879,39.2425,31.3949,11.9273,1.0484,T50,0.25749,1.32883,2.43522,0.046838
G0880,50.4807,2.4509,75.6555,3.4783,M95C,0.26307,0.24767,0.35147,0.038874
G0881,24.3024,49.3997,33.6451,2.0525,M95C,0.20210,0.91551,3.75600,0.043881
G0882,45.1267,44.0859,101.3444,8.4357,C50,0.22792,0.39343,0.56003,0.017789
G0883,7.8083,45.4975,21.2345,2.6417,C50,0.18936,1.13395,4.20183,0.047414
G0884,39.5349,1.0871,5.6248,3.2688,M98C,0.19677,0.78354,1.71237,0.019809
G0885,39.3415,38.1196,56.7377,7.4167,M98C,0.23025,1.16064,0.72044,0.038516
G0886,44.0881,31.0179,20.2518,2.9292,T50,0.28206,3.37149,15.80097,0.081538
G0887,51.9925,46.5051,6.7421,9.2972,M80C,0.17083,0.91437,1.38252,0.038140
G0888,36.7630,34.8507,12.7960,9.9980,M95C,0.20754,0.38771,0.65050,0.024689
G0889,62.5954,37.0858,72.1986,6.4062,C50,0.25848,0.30124,0.37249,0.025382
G0890,52.3168,24.7105,103.6927,1.7517,T50,0.08352,2.99893,4.65729,0.041225
G0891,51.9678,44.2972,27.5946,9.2998,M98C,0.20084,0.59000,0.88579,0.040801
G0892,47.6437,22.6073,77.4540,2.5079,M80C,0.23583,0.76652,1.24328,0.035779
G0893,58.0327,40.7536,84.1816,6.0567,T50,0.26262,0.58014,1.59841,0.022294
G0894,44.7932,24.4043,23.8106,2.4885,M95C,0.23681,0.21647,0.79272,0.019468
G0895,32.8651,26.1262,8.2831,2.8473,M98C,0.18651,2.71277,3.73984,0.039044
G0896,40.0301,54.6916,69.7346,1.9432,M80C,0.13248,0.77208,1.87958,0.042968
G0897,58.0344,53.3845,52.8589,4.9833,O99,0.26790,0.47113,0.87814,0.039885
G0898,50.7923,6.0463,19.4195,6.4141,O99,0.13474,0.14959,0.52157,0.020631
G0899,47.3320,11.3342,55.7395,1.5889,M95C,0.26141,0.84679,2.85289,0.047568
G0900,37.9708,38.1382,17.4079,8.6687,O99,0.15097,0.55992,5.66258,0.019930
G0901,50.3195,30.3016,107.0615,7.0787,O99,0.15904,0.28504,1.63493,0.024429
G0902,63.7414,36.3169,71.0048,2.7049,M80C,0.08081,1.74409,4.26579,0.051484
G0903,47.2077,11.1473,29.3238,6.8649,M80C,0.23187,0.32474,0.61783,0.015966
G0904,53.4423,29.8231,75.2871,8.2627,O99,0.20904,0.22748,1.71603,0.023661
G0905,22.4696,9.0708,10.6239,1.2327,M98C,0.09814,0.82811,1.02193,0.026208
G0906,32.5199,40.0847,21.0280,3.5741,M80C,0.10335,1.27001,1.54083,0.033532
G0907,60.0781,52.3960,41.8372,9.4142,O99,0.22161,1.05619,5.43874,0.044428
G0908,25.9511,43.4479,118.9346,1.7723,M80C,0.29132,0.31906,0.48001,0.030858
G0909,57.8804,32.6615,29.0868,1.8971,M95C,0.18636,0.30396,0.63434,0.026742
G0910,48.0867,7.2531,72.8519,2.9167,O99,0.27739,0.52779,1.68956,0.039591
G0911,63.0599,29.6987,105.0518,8.6604,T50,0.28411,1.15484,1.05754,0.044574
G0912,57.7655,22.8315,172.3079,1.3664,M95C,0.24849,0.17793,0.17055,0.017219
G0913,33.4504,31.9671,36.1577,6.9731,M80C,0.12831,1.33249,8.08927,0.049444
G0914,48.5688,34.6360,95.2810,6.1804,M95C,0.05068,0.23064,0.26443,0.013641
G0915,6.9379,49.3778,91.3161,2.9857,T50,0.27203,1.52067,3.92811,0.041475
G0916,14.2564,48.5324,61.2582,6.9061,M98C,0.21400,0.61941,0.33123,0.020430
G0917,55.1663,23.2666,73.7224,8.8341,O99,0.20005,0.17696,0.33649,0.011804
G0918,55.9603,11.1943,24.7805,7.7611,C50,0.12910,0.18755,0.30789,0.014621
G0919,44.0921,41.6356,33.4139,7.7548,C50,0.10099,1.18082,4.46469,0.045524
G0920,26.7386,53.4466,88.2211,7.9043,M95C,0.18433,0.48196,0.47573,0.019142
G0921,63.7649,13.7626,172.3970,4.6493,T50,0.10321,1.55153,7.73758,0.039196
G0922,45.2458,53.3915,106.8693,9.0048,O99,0.19091,1.92524,7.44709,0.027161
G0923,34.9887,18.3340,29.4494,5.5253,T50,0.11334,0.60391,4.39284,0.037456
G0924,21.5776,53.5655,13.4954,4.8774,M95C,0.17916,0.53438,0.79878,0.017767
G0925,60.3464,5.3921,36.3064,9.0094,C50,0.21143,0.19338,0.23765,0.025280
G0926,33.4903,37.1269,24.6327,4.2132,C50,0.23790,0.57748,0.78105,0.017026
G0927,41.8141,27.9112,45.9387,8.6896,O99,0.20901,0.44413,0.77948,0.035720
G0928,10.0341,54.0670,95.4591,4.6215,M95C,0.20720,1.97721,7.90434,0.082303
G0929,59.2183,20.5498,120.0036,5.0128,M80C,0.25147,1.22670,3.52205,0.032629
G0930,49.0646,33.3460,36.8959,1.8851,M98C,0.07257,0.64350,1.01845,0.040671
G0931,59.4265,7.0274,18.0342,7.6097,M98C,0.25359,0.21519,0.14034,0.016776
G0932,35.1874,33.0191,42.4899,6.7387,O99,0.29000,0.69089,0.62997,0.035441
G0933,1.2419,54.8861,111.7096,1.9295,M95C,0.20015,1.28161,6.17850,0.037503
G0934,47.2048,37.6611,25.5080,9.0296,O99,0.20744,0.73231,0.35080,0.033695
G0935,47.6876,23.7650,10.0538,5.8970,T50,0.06028,0.47953,0.66514,0.019687
G0936,39.1335,44.8113,89.8564,7.6774,M80C,0.25461,0.35793,1.66627,0.024289
G0937,9.2467,37.0770,117.9542,1.0167,C50,0.11737,0.14643,0.21383,0.018171
G0938,60.9471,39.3335,81.7685,5.2328,M95C,0.20528,0.36385,0.28623,0.010931
G0939,48.2364,51.8765,25.1069,9.9112,M80C,0.21963,1.19456,1.73767,0.058783
G0940,43.9572,37.3811,46.2007,1.9864,C50,0.19995,0.84927,0.78704,0.024747
G0941,50.1967,54.3573,86.8766,9.5068,T50,0.15026,0.24617,0.88244,0.015208
G0942,20.0096,50.0286,104.4403,5.7554,M98C,0.06074,0.99457,8.45062,0.030120
G0943,54.4488,3.4838,86.2577,7.3000,C50,0.25839,0.30454,1.58773,0.046009
G0944,61.8370,21.0909,21.3834,9.4678,M98C,0.16408,0.13491,0.50713,0.014238
G0945,59.7778,11.2961,23.7690,5.0750,T50,0.18108,1.92789,4.82983,0.027184
G0946,37.5850,36.4389,69.4117,3.8178,M95C,0.06621,0.58533,0.75662,0.026116
G0947,49.2908,27.5539,38.1521,9.6421,M80C,0.07198,0.59454,1.36908,0.052368
G0948,46.4594,4.6305,84.6836,4.0810,T50,0.12336,0.95087,1.29874,0.023812
G0949,48.0323,53.0959,55.3459,4.0673,O99,0.24393,0.49067,4.80428,0.060757
G0950,23.9671,51.8591,2.9137,7.2450,T50,0.13772,0.94330,0.35353,0.044081
G0951,60.9540,17.0074,21.6975,8.0515,M80C,0.24810,0.62034,1.40782,0.035485
G0952,60.3863,45.5709,107.1568,8.7403,C50,0.09986,4.28354,2.43648,0.041642
G0953,35.6739,29.6726,40.4939,9.0861,O99,0.25896,0.46540,3.98738,0.077565
G0954,41.4522,3.3834,106.7226,2.1010,M95C,0.21722,0.63944,1.81188,0.049355
G0955,63.4410,52.7660,83.0860,9.1020,C50,0.15518,0.18843,0.35930,0.026853
G0956,32.6758,54.3517,6.5880,9.2753,M98C,0.19748,0.25522,0.77421,0.023854
G0957,61.6621,21.4184,10.7777,3.6218,T50,0.10807,0.43916,0.58725,0.016776
G0958,53.7840,43.3798,54.6423,9.2741,M95C,0.08287,0.51478,0.83123,0.024053
G0959,33.1020,33.6432,58.4251,7.7190,C50,0.13779,0.21357,0.29984,0.010876
G0960,51.1729,19.1945,110.3343,4.9449,M80C,0.10298,0.70917,0.81481,0.038040
G0961,50.2146,35.6611,73.3483,1.0449,O99,0.28086,2.66145,6.72847,0.048880
G0962,38.0892,41.8765,21.0130,5.7517,T50,0.07549,0.11627,0.12062,0.012923
G0963,41.0306,1.8680,8.3293,2.0496,M80C,0.25447,0.48089,0.41520,0.017339
G0964,15.6536,38.9073,55.7273,5.3140,O99,0.24736,1.47758,4.83530,0.037049
G0965,59.9360,6.4957,163.6814,2.5631,C50,0.27241,0.32981,0.86944,0.035795
G0966,55.1583,35.2733,17.8389,5.3034,C50,0.14708,0.65265,1.88280,0.026372
G0967,40.3267,24.0501,0.4036,4.0972,M98C,0.15816,0.36834,1.34119,0.038776
G0968,33.1254,32.9394,3.1243,2.7013,C50,0.08686,0.89508,2.73613,0.031638
G0969,40.5865,29.7387,59.3573,6.1716,O99,0.21941,0.38690,0.88368,0.021296
G0970,35.3294,41.8581,50.9319,8.7605,T50,0.16846,0.57482,0.16347,0.019378
G0971,53.1708,41.0203,18.3964,3.6016,T50,0.22670,0.75220,1.32736,0.026187
G0972,15.6925,41.7297,5.8371,4.1702,C50,0.06708,0.99697,0.74655,0.039043
G0973,64.9964,34.4555,54.0346,8.2609,M98C,0.20898,0.63064,0.83823,0.014865
G0974,45.1755,42.3988,44.0920,3.1585,M98C,0.19761,0.14649,1.17295,0.017864
G0975,54.5143,48.8393,48.0433,8.4723,O99,0.18164,0.51354,1.30648,0.029760
G0976,33.6919,48.0686,62.6705,7.9562,C50,0.26775,2.24241,8.61896,0.081184
G0977,12.2799,34.2052,79.1510,1.0933,C50,0.19815,1.13284,2.33844,0.028926
G0978,63.6003,37.0808,52.2451,7.1591,T50,0.21057,0.17278,1.37813,0.033768
G0979,61.7367,46.7780,101.3029,9.6998,M80C,0.18571,0.44335,1.23640,0.024356
G0980,53.7468,45.5261,30.1415,8.6881,M80C,0.20041,0.65088,0.46169,0.013493
G0981,63.7697,1.4877,178.7855,6.8836,O99,0.20429,0.69801,1.08258,0.032637
G0982,31.9690,50.3533,38.2112,9.9634,C50,0.18913,1.88595,7.78689,0.070812
G0983,53.6270,29.1756,62.5584,6.9556,M95C,0.18131,0.61577,1.15031,0.043175
G0984,60.6541,4.0840,38.2324,7.3340,M95C,0.18315,0.43356,1.21145,0.065086
G0985,37.9984,54.9221,87.6861,8.2122,M98C,0.15697,1.37970,1.89424,0.032147
G0986,45.8370,50.6492,109.8674,6.5011,M95C,0.18677,0.69169,4.52212,0.032128
G0987,60.2895,24.9558,124.7341,3.0859,M95C,0.12406,3.75440,10.38816,0.088576
G0988,33.4089,38.0921,102.9406,3.1846,C50,0.14352,1.19488,3.64200,0.016688
G0989,60.8788,50.5518,39.4291,1.7340,M95C,0.29641,0.22374,0.33037,0.012161
G0990,46.6929,32.7189,86.5541,2.7127,C50,0.10461,2.41057,7.99587,0.051505
G0991,61.2542,29.9800,80.6969,2.3189,O99,0.16463,0.53328,0.51483,0.034722
G0992,59.2465,10.1193,95.4457,5.4817,M98C,0.10014,1.28279,6.15497,0.032594
G0993,34.4496,39.5940,79.7232,6.1172,T50,0.18429,2.52806,3.74087,0.043952
G0994,4.8527,39.7071,57.6795,1.6129,T50,0.07916,4.64389,16.43663,0.092195
G0995,53.5720,53.2590,22.9158,9.8485,M95C,0.09410,0.46276,0.82930,0.030788
G0996,52.3997,24.4155,65.0153,6.0530,T50,0.25533,0.13517,0.15790,0.010153
G0997,21.6832,42.0115,14.2428,9.2317,M95C,0.23324,0.59249,1.12312,0.020070
G0998,20.7666,35.4016,4.5112,7.1037,M80C,0.28427,0.86227,3.21322,0.041283
G0999,37.0001,23.7968,83.5877,4.4769,M98C,0.06467,0.88360,1.20412,0.022758
G1000,45.1003,6.7570,80.2059,4.0607,M80C,0.16812,1.37471,5.64972,0.055048
