model,rh_percent,fine_volume_fraction,fine_rv_um,coarse_rv_um,n_wavelengths,n_angles,sha256,bytes,norext_350nm,ssa_350nm,g_350nm,norext_550nm,ssa_550nm,g_550nm,norext_860nm,ssa_860nm,g_860nm,norext_2250nm,ssa_2250nm,g_2250nm,norext_3750nm,ssa_3750nm,g_3750nm
r30f00v01,30,0.0,0.1507994,2.1982074,20,361,e87fc6d113bff5e03b09159f6d4ba1256bb8593eb843ac55f254523ab0f918ff,294022,0.9479,1.0,0.7604,1.0,1.0,0.7324,1.0814,0.9999,0.7157,1.0856,0.9828,0.7359,0.8429,0.9902,0.7021
r30f01v01,30,0.01,0.1507994,2.1982074,20,361,fdd25843675a68debc3adbe7ff04e11e7c017c110af6ccb4107de076a0bcb289,294022,1.0091,0.9943,0.7517,1.0,0.9969,0.7254,1.0386,0.9984,0.7114,1.0233,0.9823,0.7358,0.7943,0.9897,0.7021
r30f02v01,30,0.02,0.1507994,2.1982074,20,361,3cc58174502f37e1649e67a771c4729290e498ee0e9c9274515385f79567d6b0,294022,1.0645,0.9897,0.7446,1.0,0.994,0.719,0.9999,0.9969,0.7071,0.9666,0.9818,0.7357,0.7502,0.9893,0.7021
r30f05v01,30,0.05,0.1507994,2.1982074,20,361,65d2b570b5dd3e5a93fb87d5310c053d8163bc70bd4332c08040bfba95df3004,294022,1.2037,0.9801,0.7294,1.0,0.9869,0.7028,0.9025,0.9925,0.6946,0.8244,0.9801,0.7354,0.6395,0.9878,0.702
r30f10v01,30,0.1,0.1507994,2.1982074,20,361,e26670420e0d35a295aa0ff9443163365fde83a5fafa4b708f5428d02d315130,294022,1.3731,0.971,0.7147,1.0,0.9782,0.6827,0.7842,0.9857,0.675,0.6516,0.9771,0.7349,0.5049,0.9851,0.7018
r30f20v01,30,0.2,0.1507994,2.1982074,20,361,544cc718f3c9190eb5ee4747920dfe4b8ac123f6322fa8174361db3b230be9c5,294022,1.5833,0.9624,0.7007,1.0,0.9674,0.6572,0.6372,0.9738,0.6399,0.4369,0.9701,0.7336,0.3378,0.9788,0.7015
r30f30v01,30,0.3,0.1507994,2.1982074,20,361,8ebd14c35fdf077dde67d0e6ffd9e26448b35a88419912496fcde5de9e470d1a,294022,1.7087,0.9583,0.6938,1.0,0.9609,0.6418,0.5495,0.9636,0.6094,0.3088,0.9613,0.7319,0.238,0.9708,0.701
r30f50v01,30,0.5,0.1507994,2.1982074,20,361,32d5e93c34b2ec3fc66c2de1c9f37596ba1da54884518c4e02df85c0884645f2,294022,1.8514,0.9543,0.6871,1.0,0.9536,0.6239,0.4497,0.9472,0.5587,0.1631,0.9343,0.7267,0.1246,0.9461,0.6994
r30f80v01,30,0.8,0.1507994,2.1982074,20,361,5687488572650396ab4c78b9029b78379b0a353ef167cb57957b6c325fcf512f,294022,1.958,0.9517,0.6827,1.0,0.9481,0.6104,0.3753,0.9293,0.5013,0.0543,0.8198,0.7006,0.0399,0.8364,0.6914
r30f95v01,30,0.95,0.1507994,2.1982074,20,361,a311413449e079812599cf9efb4b0c8a7b0a7df876ddb85b82d67469f2b8190e,294022,1.9903,0.951,0.6814,1.0,0.9465,0.6063,0.3526,0.9224,0.4784,0.0212,0.5528,0.598,0.0142,0.5432,0.654
r50f00v01,50,0.0,0.1527481,2.2308864,20,361,47708b48f8fea17366120ce23d3b79e044f746636f5654f13a5e4060da9814aa,294022,0.9476,1.0,0.7613,1.0,1.0,0.7325,1.0814,0.9999,0.7157,1.0842,0.9831,0.7395,0.8455,0.9896,0.7054
r50f01v01,50,0.01,0.1527481,2.2308864,20,361,da8ab764977ed9cdf28a8cd01b52b8a3b4c68620aafd0a518f7d9f87c7b4c5b2,294022,1.0086,0.9945,0.7529,1.0,0.9969,0.7257,1.0387,0.9984,0.7113,1.0218,0.9826,0.7394,0.7966,0.9891,0.7054
r50f02v01,50,0.02,0.1527481,2.2308864,20,361,208abbe8b4076465219959d1410cc383fd8cd7906b527edfa20c746f0aa469df,294022,1.064,0.99,0.7461,1.0,0.9942,0.7195,0.9999,0.9969,0.7071,0.9651,0.9821,0.7393,0.7524,0.9886,0.7054
r50f05v01,50,0.05,0.1527481,2.2308864,20,361,1837cc038c0ca096347b33b699d8179c8fd0ff5cf421005bcb66fb37ce14bfa6,294022,1.2031,0.9806,0.7315,1.0,0.9872,0.7038,0.9026,0.9927,0.6948,0.8229,0.9805,0.7389,0.6411,0.9872,0.7053
r50f10v01,50,0.1,0.1527481,2.2308864,20,361,247e6d2d4c7c65065f54b3d242b86daf5139a437e58210ca2a6650b637adb96a,294022,1.3721,0.9718,0.7174,1.0,0.9787,0.6844,0.7845,0.986,0.6754,0.6501,0.9775,0.7383,0.506,0.9845,0.7051
r50f20v01,50,0.2,0.1527481,2.2308864,20,361,ef5560f5ad5d80d558d1c8c6075392a54200aba80c47ee9e83e8b3046c033010,294022,1.5817,0.9635,0.7039,1.0,0.9682,0.6598,0.6378,0.9744,0.6409,0.4357,0.9707,0.737,0.3383,0.9784,0.7047
r50f30v01,50,0.3,0.1527481,2.2308864,20,361,7aabf51d6b69025b628630c3a2738ba5549af78992e75d0e4c637169e3b918d9,294022,1.7068,0.9595,0.6973,1.0,0.962,0.6449,0.5503,0.9645,0.6108,0.3079,0.962,0.7352,0.2384,0.9705,0.7042
r50f50v01,50,0.5,0.1527481,2.2308864,20,361,ae35c2034511f78edd0d5174715730f464b60b32214285efe3cbbe227ba90578,294022,1.8489,0.9556,0.6909,1.0,0.9549,0.6277,0.4509,0.9486,0.5612,0.1626,0.9356,0.7296,0.1247,0.9464,0.7025
r50f80v01,50,0.8,0.1527481,2.2308864,20,361,b9a3cc8bb070adbb9a1cd6f02fe9798971eab7268eeb70604aa13a869c4e105e,294022,1.955,0.9531,0.6867,1.0,0.9495,0.6147,0.3767,0.9313,0.5051,0.0541,0.8236,0.7017,0.0399,0.8385,0.6939
r50f95v01,50,0.95,0.1527481,2.2308864,20,361,e5ab745612465157e8c1c6a1a81d6f7b2854b712f115f0c3697318bf68664a63,294022,1.9872,0.9524,0.6855,1.0,0.9479,0.6107,0.3542,0.9246,0.4829,0.0212,0.5623,0.5936,0.0141,0.549,0.6538
r70f00v01,70,0.0,0.1593437,2.636106,20,361,0679571710d07e43834f53d51ab344d28a12f93ea192247916de94e35be9ad31,294022,0.9515,1.0,0.7861,1.0,1.0,0.7618,1.0757,1.0,0.7471,1.097,0.9869,0.7759,0.9118,0.9831,0.7349
r70f01v01,70,0.01,0.1593437,2.636106,20,361,28351ba33c5c794b05f544be74742864c2efb7967380a233eec83ba08fe7ddcb,294022,1.0204,0.9943,0.7751,1.0,0.9968,0.753,1.0275,0.9983,0.7417,1.0245,0.9864,0.7758,0.8513,0.9826,0.7349
r70f02v01,70,0.02,0.1593437,2.636106,20,361,5351ad27f11d0b4a2357b7678e0c1a1f1fb086204e046e6d8eee81bc33f3a400,294022,1.0818,0.9899,0.7664,1.0,0.994,0.7452,0.9845,0.9968,0.7363,0.9599,0.9858,0.7756,0.7975,0.9822,0.7349
r70f05v01,70,0.05,0.1593437,2.636106,20,361,cd94a7f672f5b8552129c879afd9287b741db184e17cb44cf075c753189f7493,294022,1.2318,0.981,0.7486,1.0,0.987,0.7258,0.8795,0.9923,0.721,0.8023,0.9841,0.7751,0.666,0.9807,0.7347
r70f10v01,70,0.1,0.1593437,2.636106,20,361,afb9d35d67b1a143c8a73c2ae953925a518121bdddf033f9b03bcdab516b05fd,294022,1.4061,0.973,0.7324,1.0,0.9789,0.7029,0.7575,0.9855,0.6976,0.6191,0.9811,0.7743,0.5132,0.9781,0.7345
r70f20v01,70,0.2,0.1593437,2.636106,20,361,ce68152ea8dd1826341471c1aec987663e7084ba7ba793b922676c3594642057,294022,1.6112,0.9658,0.7175,1.0,0.9694,0.6755,0.614,0.9741,0.6574,0.4035,0.9738,0.7723,0.3333,0.9719,0.7339
r70f30v01,70,0.3,0.1593437,2.636106,20,361,68bb692d982edd77ea38aa7597c0771f39e42b662bfda2b8232ce8ec4d9e6b34,294022,1.7279,0.9624,0.7105,1.0,0.964,0.6596,0.5323,0.9649,0.6242,0.2808,0.9648,0.7697,0.231,0.964,0.7332
r70f50v01,70,0.5,0.1593437,2.636106,20,361,3becdd818152f52d1494ae69eb12afb5072eb7e932da3a1013dfe296e2e53cc7,294022,1.856,0.9592,0.7038,1.0,0.9581,0.642,0.4427,0.9508,0.5723,0.1461,0.9374,0.7615,0.1187,0.9399,0.7308
r70f80v01,70,0.8,0.1593437,2.636106,20,361,c61c4f65d75c1ef210c448252f0b8af35faf9e0eb12762b212e4e688cdf9a1f8,294022,1.9485,0.9572,0.6995,1.0,0.9538,0.6291,0.3779,0.9365,0.518,0.0489,0.8237,0.7218,0.0376,0.8328,0.7187
r70f95v01,70,0.95,0.1593437,2.636106,20,361,612542d0cfc5ff20ff425da85a5d2e88135648a57ec51ab20e5536e6b9ad2152,294022,1.976,0.9566,0.6983,1.0,0.9525,0.6253,0.3586,0.9313,0.4975,0.0199,0.5752,0.5805,0.0134,0.5502,0.6642
r75f00v01,75,0.0,0.1675882,3.1350054,20,361,9dc33fc72d9443e0c50035e3fbd90acadb27051d445871d32451c564376d6b2e,294022,0.9565,1.0,0.8105,1.0,1.0,0.7882,1.0674,1.0,0.7726,1.1338,0.9893,0.799,1.0016,0.9778,0.7552
r75f01v01,75,0.01,0.1675882,3.1350054,20,361,368c15a7ff30d93ea8c92d9a4ba17feb5772d33d43cd5f311ae55756aa27f48a,294022,1.0345,0.9943,0.7966,1.0,0.9967,0.7773,1.0126,0.9983,0.7658,1.047,0.9888,0.7988,0.9246,0.9774,0.7552
r75f02v01,75,0.02,0.1675882,3.1350054,20,361,4130f61f0719de701c1416c666f525f4bd4f1b07f82b14b6a60de00a1c783cd8,294022,1.1026,0.99,0.786,1.0,0.9938,0.7677,0.9649,0.9966,0.7593,0.9713,0.9882,0.7986,0.8574,0.9769,0.7551
r75f05v01,75,0.05,0.1675882,3.1350054,20,361,e4bea655c417b9e4ccbfbcff466ef1eba42c5181681a7152112393d60b9f7d94,294022,1.2631,0.9817,0.7651,1.0,0.9871,0.7449,0.8522,0.992,0.7408,0.7926,0.9865,0.7979,0.699,0.9755,0.7549
r75f10v01,75,0.1,0.1675882,3.1350054,20,361,4e82a3aed5cb9b4216bc2772f62f01a5299ffe91a765cacdf733a45ca93d5419,294022,1.4403,0.9746,0.7471,1.0,0.9796,0.7193,0.7279,0.9852,0.7134,0.5955,0.9833,0.7966,0.5241,0.9729,0.7546
r75f20v01,75,0.2,0.1675882,3.1350054,20,361,f550fb6f14ee1fa1d7aae0d24d634f6d31f61c84f3e54a297cbe3c27aaf535c8,294022,1.637,0.9686,0.7315,1.0,0.9713,0.6904,0.59,0.9744,0.6686,0.3767,0.976,0.7937,0.33,0.9668,0.7538
r75f30v01,75,0.3,0.1675882,3.1350054,20,361,cf04c7c7fe1309a8e85e04827ec29f18afe67c249e0de48132ff6a6d0ac8d973,294022,1.7436,0.9659,0.7244,1.0,0.9668,0.6745,0.5152,0.9661,0.6337,0.2581,0.9668,0.7899,0.2248,0.9591,0.7527
r75f50v01,75,0.5,0.1675882,3.1350054,20,361,c8cee2091e117a3f057d41e29f8f54023c820ddcce086dae38dab8bdbd9c6571,294022,1.8564,0.9634,0.7177,1.0,0.962,0.6575,0.436,0.9542,0.5825,0.1326,0.9393,0.7783,0.1135,0.9354,0.7494
r75f80v01,75,0.8,0.1675882,3.1350054,20,361,849b64aae1803e7f3e88dc6fa340be3dbdf0dcdb15302a785ef4e861059d3009,294022,1.9354,0.9618,0.7135,1.0,0.9587,0.6455,0.3806,0.9429,0.5329,0.0448,0.8281,0.7232,0.0356,0.8308,0.7326
r75f95v01,75,0.95,0.1675882,3.1350054,20,361,f509abdcf2d58009f669104945620cbfad6c176601d3d08d9358a1fd8fb8a5d9,294022,1.9585,0.9614,0.7123,1.0,0.9577,0.642,0.3644,0.939,0.5152,0.019,0.6014,0.5479,0.0128,0.559,0.6594
r80f00v01,80,0.0,0.1881245,3.5707254,20,361,6e94f5bcbf642331d1a63aa7bdb8dcc0c28fa1b298c73e894e6574d8e80819d0,294022,0.9613,1.0,0.8226,1.0,1.0,0.8025,1.0616,1.0,0.785,1.1633,0.9903,0.8094,1.0705,0.9742,0.7656
r80f01v01,80,0.01,0.1881245,3.5707254,20,361,4714a27fe5da34355ebd6c43abe5a41cc03b07341ddfd730bde520c9efd7f91a,294022,1.0407,0.9955,0.8103,1.0,0.9973,0.7923,1.004,0.9985,0.778,1.0666,0.9899,0.8091,0.981,0.9738,0.7655
r80f02v01,80,0.02,0.1881245,3.5707254,20,361,4e7e31f73f36e70d30beac7f425e7c300aef51ab768c8325db27bfc252dd730c,294022,1.1091,0.9921,0.801,1.0,0.995,0.7834,0.9544,0.9972,0.7713,0.9833,0.9894,0.8087,0.904,0.9734,0.7654
r80f05v01,80,0.05,0.1881245,3.5707254,20,361,8039c3b32c36006fdcffb33dcf1faf9cd00ba30b11f65f83c69172f86706d5cb,294022,1.267,0.9856,0.783,1.0,0.9897,0.7628,0.8399,0.9934,0.7527,0.791,0.988,0.8076,0.7261,0.9722,0.765
r80f10v01,80,0.1,0.1881245,3.5707254,20,361,bc7d89065fdd91d4f0901419969ce766ec9e083358e2c4aef1f2589e7f721ac2,294022,1.4359,0.9803,0.768,1.0,0.984,0.7404,0.7174,0.9879,0.7259,0.5852,0.9855,0.8055,0.5357,0.9699,0.7645
r80f20v01,80,0.2,0.1881245,3.5707254,20,361,dbebc13987b230370c207d02372505e7ac7a32d46298e6025776329aa8d55563,294022,1.6172,0.9759,0.7551,1.0,0.9779,0.7161,0.5859,0.9796,0.6841,0.3644,0.9795,0.8007,0.3315,0.9647,0.7631
r80f30v01,80,0.3,0.1881245,3.5707254,20,361,a16395ec98346b3abfd90aece22e935a0620c0780934e476d5f9a2d00c3c8622,294022,1.7129,0.9739,0.7494,1.0,0.9746,0.7031,0.5166,0.9735,0.653,0.2478,0.9721,0.7947,0.2237,0.9581,0.7613
r80f50v01,80,0.5,0.1881245,3.5707254,20,361,8a95c3d8b080304d2ff19b1ff18b1f303483127955e91f719958eddecf60b88c,294022,1.8122,0.9721,0.744,1.0,0.9713,0.6895,0.4445,0.9652,0.6098,0.1268,0.9499,0.7761,0.1118,0.9378,0.7558
r80f80v01,80,0.8,0.1881245,3.5707254,20,361,171d919b47b6b49b1dd500cef1e78c2bd3f0d337a41b453f4c7167ad1a5e0085,294022,1.8805,0.9709,0.7407,1.0,0.969,0.6801,0.395,0.9577,0.5702,0.0436,0.8634,0.6942,0.0348,0.8479,0.728
r80f95v01,80,0.95,0.1881245,3.5707254,20,361,ed60535be13470a735974feb9dc34e70a87c1e61dbdf6869b99cb922b5911381,294022,1.9004,0.9706,0.7398,1.0,0.9683,0.6774,0.3806,0.9551,0.5567,0.0195,0.6995,0.4838,0.0125,0.6136,0.6174
r85f00v01,85,0.0,0.2055129,3.8190858,20,361,8947c6ea27a3137740b91262e1f081b08dc177055e422d2e027a6a9780627e4f,294022,0.9696,1.0,0.8228,1.0,1.0,0.8048,1.0601,1.0,0.7885,1.1733,0.9907,0.8129,1.0992,0.9725,0.7699
r85f01v01,85,0.01,0.2055129,3.8190858,20,361,ce8bb1af4e8840b4577cd2982c32a29a6809ae3fe612f50a42b8c60ffc5742cc,294022,1.0466,0.9963,0.8128,1.0,0.9978,0.7959,1.0014,0.9988,0.7817,1.0716,0.9903,0.8124,1.0033,0.9721,0.7697
r85f02v01,85,0.02,0.2055129,3.8190858,20,361,72579c6e2a8e57a68e165c46068b71b6c4ef639d5a0e4735816ab127887744df,294022,1.1124,0.9936,0.8053,1.0,0.9959,0.7883,0.9512,0.9976,0.7753,0.9846,0.9899,0.8119,0.9213,0.9718,0.7696
r85f05v01,85,0.05,0.2055129,3.8190858,20,361,a8f0af7f8aaf5d3711e4fe3eac6ac81e8557ef29a77350ffdcb588471334db38,294022,1.2625,0.9884,0.791,1.0,0.9916,0.7709,0.8367,0.9945,0.7577,0.7862,0.9887,0.8104,0.7343,0.9707,0.7691
r85f10v01,85,0.1,0.2055129,3.8190858,20,361,71458f1680714d8c65b0144e6e4607d32acbe8b52a66213358af98ed7ea8b593,294022,1.4207,0.9841,0.779,1.0,0.9871,0.7522,0.7161,0.9901,0.7328,0.5773,0.9866,0.8076,0.5373,0.9687,0.7683
r85f20v01,85,0.2,0.2055129,3.8190858,20,361,36008af550c2c6050a73622947b9459aa49c38e6d737250fc3551a631c80c24f,294022,1.5874,0.9805,0.7688,1.0,0.9823,0.7324,0.5889,0.9835,0.6951,0.357,0.9816,0.8012,0.3296,0.964,0.7664
r85f30v01,85,0.3,0.2055129,3.8190858,20,361,af03558611b5e660a85bb228da9fcb38c607911027efeed98284591e3de9dc9e,294022,1.6742,0.9789,0.7643,1.0,0.9798,0.722,0.5227,0.9788,0.6679,0.2423,0.9755,0.7931,0.2214,0.9581,0.7639
r85f50v01,85,0.5,0.2055129,3.8190858,20,361,d99db1a5a7b8bee93d33b3c4c3006922ffda4c92f58d30b57e897b2ddc71371b,294022,1.7635,0.9775,0.7601,1.0,0.9772,0.7112,0.4546,0.9726,0.6313,0.1243,0.9574,0.7686,0.1103,0.94,0.7561
r85f80v01,85,0.8,0.2055129,3.8190858,20,361,1b76e2a5c40962f086cf6d48dbeb0d4cf68e91fd5c9e31f001eefd28c8b75474,294022,1.8244,0.9765,0.7574,1.0,0.9755,0.7038,0.4082,0.9671,0.5988,0.0439,0.889,0.6674,0.0344,0.8603,0.7179
r85f95v01,85,0.95,0.2055129,3.8190858,20,361,5f9eba12e84ea492259256f841caaab27d87a66b12654bcd79dcfde03a3435f6,294022,1.842,0.9763,0.7567,1.0,0.975,0.7016,0.3947,0.9653,0.5879,0.0206,0.7696,0.4475,0.0125,0.6565,0.578
r90f00v01,90,0.0,0.2227514,4.1763762,20,361,44d0156ef6736a0764fee4a8f68bcc86e6c15e9377bbd9b4244957dc7c2bbc01,294022,0.9722,1.0,0.8281,1.0,1.0,0.8116,1.0553,1.0,0.7949,1.1873,0.9909,0.8164,1.1385,0.97,0.774
r90f01v01,90,0.01,0.2227514,4.1763762,20,361,4435dc350f1bccd6df71fd2d7e6694a6b3fe41057c1f363e0e1205bb53ea401e,294022,1.0492,0.9968,0.8189,1.0,0.9981,0.8032,0.9936,0.9989,0.7881,1.0762,0.9906,0.8158,1.0311,0.9697,0.7739
r90f02v01,90,0.02,0.2227514,4.1763762,20,361,d2b044a0df66fc10ede781501f668ff6931fb6e3fd32117e8d9d913400b5db72,294022,1.1141,0.9945,0.8121,1.0,0.9965,0.7961,0.9417,0.9979,0.7816,0.9826,0.9903,0.8151,0.9407,0.9694,0.7737
r90f05v01,90,0.05,0.2227514,4.1763762,20,361,82e7a63940d2641e36eeb5f18f626b74c467470ef4f694eed8d318c2645473e7,294022,1.259,0.9902,0.7992,1.0,0.9929,0.7801,0.8258,0.9952,0.7641,0.7735,0.9892,0.8131,0.7387,0.9684,0.773
r90f10v01,90,0.1,0.2227514,4.1763762,20,361,6e954a2a63a6278e7728c6cf3f4be84422fbf3bc0e43e01a34051550e3da6111,294022,1.407,0.9868,0.7886,1.0,0.9892,0.7637,0.7073,0.9916,0.7402,0.56,0.9874,0.8095,0.5324,0.9665,0.7719
r90f20v01,90,0.2,0.2227514,4.1763762,20,361,12dd5fcd061f659922d7d86f51c5d201ad72a04ea48db44de56f5a980a457938,294022,1.5581,0.9839,0.7797,1.0,0.9855,0.7467,0.5864,0.9863,0.7054,0.3419,0.9831,0.801,0.3216,0.9622,0.7692
r90f30v01,90,0.3,0.2227514,4.1763762,20,361,d4778fa31ae0d88294d0a9c25a093a1ad57146a2be06e546bd539e359856108e,294022,1.635,0.9826,0.7758,1.0,0.9836,0.738,0.5249,0.9827,0.6813,0.231,0.9778,0.7905,0.2145,0.9567,0.7659
r90f50v01,90,0.5,0.2227514,4.1763762,20,361,596ec3ee3c9786c18f21dd102f3a94bd963ef672e75c2107ca36ef260980859e,294022,1.7126,0.9815,0.7722,1.0,0.9817,0.7291,0.4627,0.9781,0.6502,0.119,0.9624,0.7593,0.1063,0.9398,0.7552
r90f80v01,90,0.8,0.2227514,4.1763762,20,361,bd8984720e5f31256689d55d5d335857409c987c31fbf7cd589030aa610e162a,294022,1.7649,0.9807,0.77,1.0,0.9804,0.7232,0.4209,0.9742,0.6239,0.0436,0.9075,0.6395,0.0334,0.8672,0.7047
r90f95v01,90,0.95,0.2227514,4.1763762,20,361,9c84dfcd2f1781bd7a5373e25c0420e0dd277f067f99442ec95a238503242fa9,294022,1.7799,0.9805,0.7694,1.0,0.98,0.7215,0.4089,0.9729,0.6153,0.0219,0.8221,0.421,0.0125,0.6901,0.5366
r95f00v01,95,0.0,0.2470352,4.9955298,20,361,cb0f389cce96dc32b3f6843b5e1645719da308550dc68049a01aac583c0ed75e,294022,0.9773,1.0,0.8391,1.0,1.0,0.8281,1.0506,1.0,0.8049,1.209,0.9908,0.8204,1.2073,0.9647,0.7795
r95f01v01,95,0.01,0.2470352,4.9955298,20,361,4a55409c1c61214e9a7f734851320ef8412db0eed1cdb831274284f98c906b17,294022,1.0581,0.9973,0.8291,1.0,0.9983,0.8188,0.9802,0.999,0.7973,1.0747,0.9905,0.8195,1.0719,0.9643,0.7792
r95f02v01,95,0.02,0.2470352,4.9955298,20,361,e1481ee56a276086f8fdf86e3b86502c929c4c0d76425589d8c22e0301e9ed9c,294022,1.1237,0.9953,0.822,1.0,0.9969,0.8112,0.923,0.9981,0.7903,0.9656,0.9902,0.8185,0.9619,0.964,0.7789
r95f05v01,95,0.05,0.2470352,4.9955298,20,361,b8e37d49ab3225d5a84d3c75b12a7df0b4a2ae3135df276923606a16188c3b5b,294022,1.2626,0.9919,0.8091,1.0,0.9941,0.7949,0.8018,0.9958,0.772,0.7346,0.9893,0.8155,0.729,0.963,0.7779
r95f10v01,95,0.1,0.2470352,4.9955298,20,361,66c848fe966e1c89117be25735cf456778f619c247f842a666a6a07ba85f008b,294022,1.3947,0.9893,0.7991,1.0,0.9913,0.7793,0.6866,0.9929,0.7484,0.515,0.9876,0.8101,0.5075,0.9612,0.7761
r95f20v01,95,0.2,0.2470352,4.9955298,20,361,3b19d9e408c057426577b955864cb62ad45d2e2aaa3ea8378c4749c2e030629f,294022,1.5205,0.9872,0.7911,1.0,0.9887,0.7643,0.577,0.989,0.717,0.3059,0.9838,0.7977,0.2967,0.9569,0.772
r95f30v01,95,0.3,0.2470352,4.9955298,20,361,af45fcf8bc0c9c5f3fac904ce7f9d11f361653dd9ab7119d86467fba13840a9e,294022,1.5811,0.9863,0.7877,1.0,0.9874,0.757,0.5241,0.9865,0.697,0.2051,0.9792,0.7826,0.195,0.9516,0.7668
r95f50v01,95,0.5,0.2470352,4.9955298,20,361,81ff7db6f317b13f206086812e8c8e49b96ed756dd1c5e12f6c04aff3292911f,294022,1.6403,0.9855,0.7846,1.0,0.9862,0.7499,0.4725,0.9836,0.673,0.1067,0.9662,0.7396,0.0958,0.9354,0.7505
r95f80v01,95,0.8,0.2470352,4.9955298,20,361,d8ed32d13d05221e3fab7c2849d7670c42e63af9c81507d9801e5d4f8d669b62,294022,1.679,0.985,0.7827,1.0,0.9854,0.7452,0.4388,0.9813,0.6542,0.0423,0.9252,0.5952,0.0309,0.8686,0.6772
r95f95v01,95,0.95,0.2470352,4.9955298,20,361,8eef19432388749eb350fd8ab383cfcab3a997647c6c676ac6a1339bf462c7b7,294022,1.6899,0.9849,0.7821,1.0,0.9851,0.7439,0.4292,0.9805,0.6483,0.0241,0.8739,0.3954,0.0126,0.7245,0.473
