wavelength_nm,psiT_source_pchip_m_inv_per_C,psiT_final_m_inv_per_C,sigma_psiT_source_pchip_m_inv_per_C,policy
330,0.000000000000e+00,0.000000000000e+00,1.740000000000e-04,explicit_zero_330_440
331,0.000000000000e+00,0.000000000000e+00,1.638276515152e-04,explicit_zero_330_440
332,0.000000000000e+00,0.000000000000e+00,1.550000000000e-04,explicit_zero_330_440
333,0.000000000000e+00,0.000000000000e+00,1.459848484848e-04,explicit_zero_330_440
334,0.000000000000e+00,0.000000000000e+00,1.410000000000e-04,explicit_zero_330_440
335,0.000000000000e+00,0.000000000000e+00,1.570285714286e-04,explicit_zero_330_440
336,0.000000000000e+00,0.000000000000e+00,1.740000000000e-04,explicit_zero_330_440
337,0.000000000000e+00,0.000000000000e+00,1.754714285714e-04,explicit_zero_330_440
338,0.000000000000e+00,0.000000000000e+00,1.760000000000e-04,explicit_zero_330_440
339,0.000000000000e+00,0.000000000000e+00,1.649166666667e-04,explicit_zero_330_440
340,0.000000000000e+00,0.000000000000e+00,1.480000000000e-04,explicit_zero_330_440
341,0.000000000000e+00,0.000000000000e+00,1.350833333333e-04,explicit_zero_330_440
342,0.000000000000e+00,0.000000000000e+00,1.280000000000e-04,explicit_zero_330_440
343,0.000000000000e+00,0.000000000000e+00,1.755000000000e-04,explicit_zero_330_440
344,0.000000000000e+00,0.000000000000e+00,2.230000000000e-04,explicit_zero_330_440
345,0.000000000000e+00,0.000000000000e+00,1.655000000000e-04,explicit_zero_330_440
346,0.000000000000e+00,0.000000000000e+00,1.080000000000e-04,explicit_zero_330_440
347,0.000000000000e+00,0.000000000000e+00,1.515000000000e-04,explicit_zero_330_440
348,0.000000000000e+00,0.000000000000e+00,1.950000000000e-04,explicit_zero_330_440
349,0.000000000000e+00,0.000000000000e+00,1.916063829787e-04,explicit_zero_330_440
350,0.000000000000e+00,0.000000000000e+00,1.840000000000e-04,explicit_zero_330_440
351,0.000000000000e+00,0.000000000000e+00,1.638936170213e-04,explicit_zero_330_440
352,0.000000000000e+00,0.000000000000e+00,1.480000000000e-04,explicit_zero_330_440
353,0.000000000000e+00,0.000000000000e+00,1.480000000000e-04,explicit_zero_330_440
354,0.000000000000e+00,0.000000000000e+00,1.480000000000e-04,explicit_zero_330_440
355,0.000000000000e+00,0.000000000000e+00,1.380000000000e-04,explicit_zero_330_440
356,0.000000000000e+00,0.000000000000e+00,1.280000000000e-04,explicit_zero_330_440
357,0.000000000000e+00,0.000000000000e+00,1.855000000000e-04,explicit_zero_330_440
358,0.000000000000e+00,0.000000000000e+00,2.430000000000e-04,explicit_zero_330_440
359,0.000000000000e+00,0.000000000000e+00,1.805000000000e-04,explicit_zero_330_440
360,0.000000000000e+00,0.000000000000e+00,1.180000000000e-04,explicit_zero_330_440
361,0.000000000000e+00,0.000000000000e+00,1.320704225352e-04,explicit_zero_330_440
362,0.000000000000e+00,0.000000000000e+00,1.550000000000e-04,explicit_zero_330_440
363,0.000000000000e+00,0.000000000000e+00,1.764295774648e-04,explicit_zero_330_440
364,0.000000000000e+00,0.000000000000e+00,1.890000000000e-04,explicit_zero_330_440
365,0.000000000000e+00,0.000000000000e+00,1.450000000000e-04,explicit_zero_330_440
366,0.000000000000e+00,0.000000000000e+00,1.010000000000e-04,explicit_zero_330_440
367,0.000000000000e+00,0.000000000000e+00,1.355000000000e-04,explicit_zero_330_440
368,0.000000000000e+00,0.000000000000e+00,1.700000000000e-04,explicit_zero_330_440
369,0.000000000000e+00,0.000000000000e+00,1.415000000000e-04,explicit_zero_330_440
370,0.000000000000e+00,0.000000000000e+00,1.130000000000e-04,explicit_zero_330_440
371,0.000000000000e+00,0.000000000000e+00,1.480000000000e-04,explicit_zero_330_440
372,0.000000000000e+00,0.000000000000e+00,1.830000000000e-04,explicit_zero_330_440
373,0.000000000000e+00,0.000000000000e+00,1.570000000000e-04,explicit_zero_330_440
374,0.000000000000e+00,0.000000000000e+00,1.310000000000e-04,explicit_zero_330_440
375,0.000000000000e+00,0.000000000000e+00,1.360000000000e-04,explicit_zero_330_440
376,0.000000000000e+00,0.000000000000e+00,1.410000000000e-04,explicit_zero_330_440
377,0.000000000000e+00,0.000000000000e+00,1.215000000000e-04,explicit_zero_330_440
378,0.000000000000e+00,0.000000000000e+00,1.020000000000e-04,explicit_zero_330_440
379,1.300000000000e-05,0.000000000000e+00,1.140000000000e-04,explicit_zero_330_440
380,2.600000000000e-05,0.000000000000e+00,1.260000000000e-04,explicit_zero_330_440
381,2.302678571429e-05,0.000000000000e+00,1.260000000000e-04,explicit_zero_330_440
382,1.700000000000e-05,0.000000000000e+00,1.260000000000e-04,explicit_zero_330_440
383,7.811923963134e-06,0.000000000000e+00,1.327666666667e-04,explicit_zero_330_440
384,-2.000000000000e-06,0.000000000000e+00,1.400000000000e-04,explicit_zero_330_440
385,-9.838709677419e-06,0.000000000000e+00,1.407333333333e-04,explicit_zero_330_440
386,-1.400000000000e-05,0.000000000000e+00,1.410000000000e-04,explicit_zero_330_440
387,-1.370967741935e-06,0.000000000000e+00,1.251169354839e-04,explicit_zero_330_440
388,1.300000000000e-05,0.000000000000e+00,1.020000000000e-04,explicit_zero_330_440
389,1.587096774194e-05,0.000000000000e+00,8.862548875855e-05,explicit_zero_330_440
390,1.700000000000e-05,0.000000000000e+00,7.900000000000e-05,explicit_zero_330_440
391,1.092105263158e-05,0.000000000000e+00,7.309090909091e-05,explicit_zero_330_440
392,3.000000000000e-06,0.000000000000e+00,6.900000000000e-05,explicit_zero_330_440
393,1.345029239766e-07,0.000000000000e+00,6.658771929825e-05,explicit_zero_330_440
394,-2.000000000000e-06,0.000000000000e+00,6.400000000000e-05,explicit_zero_330_440
395,-4.000000000000e-06,0.000000000000e+00,5.724561403509e-05,explicit_zero_330_440
396,-6.000000000000e-06,0.000000000000e+00,5.000000000000e-05,explicit_zero_330_440
397,-9.055555555556e-06,0.000000000000e+00,4.533333333333e-05,explicit_zero_330_440
398,-1.100000000000e-05,0.000000000000e+00,4.300000000000e-05,explicit_zero_330_440
399,-9.968750000000e-06,0.000000000000e+00,4.350000000000e-05,explicit_zero_330_440
400,-8.000000000000e-06,0.000000000000e+00,4.400000000000e-05,explicit_zero_330_440
401,-5.031250000000e-06,0.000000000000e+00,4.400000000000e-05,explicit_zero_330_440
402,-3.000000000000e-06,0.000000000000e+00,4.400000000000e-05,explicit_zero_330_440
403,-3.590909090909e-06,0.000000000000e+00,4.330000000000e-05,explicit_zero_330_440
404,-5.000000000000e-06,0.000000000000e+00,4.200000000000e-05,explicit_zero_330_440
405,-8.502840909091e-06,0.000000000000e+00,4.020000000000e-05,explicit_zero_330_440
406,-1.400000000000e-05,0.000000000000e+00,3.900000000000e-05,explicit_zero_330_440
407,-2.267187500000e-05,0.000000000000e+00,4.162500000000e-05,explicit_zero_330_440
408,-2.900000000000e-05,0.000000000000e+00,4.500000000000e-05,explicit_zero_330_440
409,-2.973437500000e-05,0.000000000000e+00,4.637500000000e-05,explicit_zero_330_440
410,-3.000000000000e-05,0.000000000000e+00,4.700000000000e-05,explicit_zero_330_440
411,-2.550000000000e-05,0.000000000000e+00,4.430769230769e-05,explicit_zero_330_440
412,-1.800000000000e-05,0.000000000000e+00,4.000000000000e-05,explicit_zero_330_440
413,-1.073076923077e-05,0.000000000000e+00,3.640659340659e-05,explicit_zero_330_440
414,-6.000000000000e-06,0.000000000000e+00,3.400000000000e-05,explicit_zero_330_440
415,-5.269230769231e-06,0.000000000000e+00,3.328571428571e-05,explicit_zero_330_440
416,-5.000000000000e-06,0.000000000000e+00,3.300000000000e-05,explicit_zero_330_440
417,-9.430555555556e-06,0.000000000000e+00,3.412500000000e-05,explicit_zero_330_440
418,-1.600000000000e-05,0.000000000000e+00,3.600000000000e-05,explicit_zero_330_440
419,-2.004444444444e-05,0.000000000000e+00,3.768750000000e-05,explicit_zero_330_440
420,-2.300000000000e-05,0.000000000000e+00,3.900000000000e-05,explicit_zero_330_440
421,-2.483750000000e-05,0.000000000000e+00,3.968750000000e-05,explicit_zero_330_440
422,-2.600000000000e-05,0.000000000000e+00,4.000000000000e-05,explicit_zero_330_440
423,-2.647321428571e-05,0.000000000000e+00,4.000000000000e-05,explicit_zero_330_440
424,-2.700000000000e-05,0.000000000000e+00,4.000000000000e-05,explicit_zero_330_440
425,-2.971428571429e-05,0.000000000000e+00,4.000000000000e-05,explicit_zero_330_440
426,-3.300000000000e-05,0.000000000000e+00,4.000000000000e-05,explicit_zero_330_440
427,-3.500000000000e-05,0.000000000000e+00,3.796875000000e-05,explicit_zero_330_440
428,-3.600000000000e-05,0.000000000000e+00,3.500000000000e-05,explicit_zero_330_440
429,-3.537500000000e-05,0.000000000000e+00,3.321875000000e-05,explicit_zero_330_440
430,-3.400000000000e-05,0.000000000000e+00,3.200000000000e-05,explicit_zero_330_440
431,-3.130681818182e-05,0.000000000000e+00,3.131250000000e-05,explicit_zero_330_440
432,-2.800000000000e-05,0.000000000000e+00,3.100000000000e-05,explicit_zero_330_440
433,-2.517532467532e-05,0.000000000000e+00,3.183333333333e-05,explicit_zero_330_440
434,-2.300000000000e-05,0.000000000000e+00,3.300000000000e-05,explicit_zero_330_440
435,-2.189285714286e-05,0.000000000000e+00,3.354166666667e-05,explicit_zero_330_440
436,-2.100000000000e-05,0.000000000000e+00,3.400000000000e-05,explicit_zero_330_440
437,-1.975000000000e-05,0.000000000000e+00,3.462500000000e-05,explicit_zero_330_440
438,-1.900000000000e-05,0.000000000000e+00,3.500000000000e-05,explicit_zero_330_440
439,-1.950000000000e-05,0.000000000000e+00,3.380000000000e-05,explicit_zero_330_440
440,-2.000000000000e-05,0.000000000000e+00,3.200000000000e-05,explicit_zero_330_440
441,-1.916666666667e-05,-9.000000000000e-06,3.070000000000e-05,pchip_internal_1nm
442,-1.800000000000e-05,-1.800000000000e-05,3.000000000000e-05,source_node_2nm
443,-1.745833333333e-05,-1.762500000000e-05,3.070000000000e-05,pchip_internal_1nm
444,-1.700000000000e-05,-1.700000000000e-05,3.200000000000e-05,source_node_2nm
445,-1.657500000000e-05,-1.657500000000e-05,3.361250000000e-05,pchip_internal_1nm
446,-1.600000000000e-05,-1.600000000000e-05,3.500000000000e-05,source_node_2nm
447,-1.443636363636e-05,-1.443636363636e-05,3.568750000000e-05,pchip_internal_1nm
448,-1.200000000000e-05,-1.200000000000e-05,3.600000000000e-05,source_node_2nm
449,-8.252525252525e-06,-8.252525252525e-06,3.530000000000e-05,pchip_internal_1nm
450,-5.000000000000e-06,-5.000000000000e-06,3.400000000000e-05,source_node_2nm
451,-3.611111111111e-06,-3.611111111111e-06,3.220000000000e-05,pchip_internal_1nm
452,-3.000000000000e-06,-3.000000000000e-06,3.100000000000e-05,source_node_2nm
453,-4.363636363636e-06,-4.363636363636e-06,3.175000000000e-05,pchip_internal_1nm
454,-7.000000000000e-06,-7.000000000000e-06,3.300000000000e-05,source_node_2nm
455,-1.074747474747e-05,-1.074747474747e-05,3.425000000000e-05,pchip_internal_1nm
456,-1.400000000000e-05,-1.400000000000e-05,3.500000000000e-05,source_node_2nm
457,-1.538888888889e-05,-1.538888888889e-05,3.433333333333e-05,pchip_internal_1nm
458,-1.600000000000e-05,-1.600000000000e-05,3.300000000000e-05,source_node_2nm
459,-1.600000000000e-05,-1.600000000000e-05,3.100000000000e-05,pchip_internal_1nm
460,-1.600000000000e-05,-1.600000000000e-05,2.900000000000e-05,source_node_2nm
461,-1.550000000000e-05,-1.550000000000e-05,2.766666666667e-05,pchip_internal_1nm
462,-1.500000000000e-05,-1.500000000000e-05,2.700000000000e-05,source_node_2nm
463,-1.603125000000e-05,-1.603125000000e-05,2.775000000000e-05,pchip_internal_1nm
464,-1.800000000000e-05,-1.800000000000e-05,2.900000000000e-05,source_node_2nm
465,-2.041319444444e-05,-2.041319444444e-05,3.008333333333e-05,pchip_internal_1nm
466,-2.300000000000e-05,-2.300000000000e-05,3.100000000000e-05,source_node_2nm
467,-2.522222222222e-05,-2.522222222222e-05,3.166666666667e-05,pchip_internal_1nm
468,-2.700000000000e-05,-2.700000000000e-05,3.200000000000e-05,source_node_2nm
469,-2.833333333333e-05,-2.833333333333e-05,3.150000000000e-05,pchip_internal_1nm
470,-2.900000000000e-05,-2.900000000000e-05,3.100000000000e-05,source_node_2nm
471,-2.900000000000e-05,-2.900000000000e-05,3.100000000000e-05,pchip_internal_1nm
472,-2.900000000000e-05,-2.900000000000e-05,3.100000000000e-05,source_node_2nm
473,-2.900000000000e-05,-2.900000000000e-05,3.050000000000e-05,pchip_internal_1nm
474,-2.900000000000e-05,-2.900000000000e-05,3.000000000000e-05,source_node_2nm
475,-2.868750000000e-05,-2.868750000000e-05,3.000000000000e-05,pchip_internal_1nm
476,-2.800000000000e-05,-2.800000000000e-05,3.000000000000e-05,source_node_2nm
477,-2.631250000000e-05,-2.631250000000e-05,2.900000000000e-05,pchip_internal_1nm
478,-2.500000000000e-05,-2.500000000000e-05,2.800000000000e-05,source_node_2nm
479,-2.533333333333e-05,-2.533333333333e-05,2.800000000000e-05,pchip_internal_1nm
480,-2.600000000000e-05,-2.600000000000e-05,2.800000000000e-05,source_node_2nm
481,-2.686666666667e-05,-2.686666666667e-05,2.833333333333e-05,pchip_internal_1nm
482,-2.800000000000e-05,-2.800000000000e-05,2.900000000000e-05,source_node_2nm
483,-2.950000000000e-05,-2.950000000000e-05,3.016666666667e-05,pchip_internal_1nm
484,-3.100000000000e-05,-3.100000000000e-05,3.100000000000e-05,source_node_2nm
485,-3.230000000000e-05,-3.230000000000e-05,3.100000000000e-05,pchip_internal_1nm
486,-3.300000000000e-05,-3.300000000000e-05,3.100000000000e-05,source_node_2nm
487,-3.300000000000e-05,-3.300000000000e-05,2.980000000000e-05,pchip_internal_1nm
488,-3.300000000000e-05,-3.300000000000e-05,2.800000000000e-05,source_node_2nm
489,-3.262500000000e-05,-3.262500000000e-05,2.686666666667e-05,pchip_internal_1nm
490,-3.200000000000e-05,-3.200000000000e-05,2.600000000000e-05,source_node_2nm
491,-3.156250000000e-05,-3.156250000000e-05,2.533333333333e-05,pchip_internal_1nm
492,-3.100000000000e-05,-3.100000000000e-05,2.500000000000e-05,source_node_2nm
493,-2.981250000000e-05,-2.981250000000e-05,2.537500000000e-05,pchip_internal_1nm
494,-2.800000000000e-05,-2.800000000000e-05,2.600000000000e-05,source_node_2nm
495,-2.525000000000e-05,-2.525000000000e-05,2.662500000000e-05,pchip_internal_1nm
496,-2.200000000000e-05,-2.200000000000e-05,2.700000000000e-05,source_node_2nm
497,-1.893181818182e-05,-1.893181818182e-05,2.700000000000e-05,pchip_internal_1nm
498,-1.600000000000e-05,-1.600000000000e-05,2.700000000000e-05,source_node_2nm
499,-1.350000000000e-05,-1.350000000000e-05,2.737500000000e-05,pchip_internal_1nm
500,-1.100000000000e-05,-1.100000000000e-05,2.800000000000e-05,source_node_2nm
501,-8.175324675325e-06,-8.175324675325e-06,2.862500000000e-05,pchip_internal_1nm
502,-5.000000000000e-06,-5.000000000000e-06,2.900000000000e-05,source_node_2nm
503,-1.300751879699e-06,-1.300751879699e-06,2.900000000000e-05,pchip_internal_1nm
504,3.000000000000e-06,3.000000000000e-06,2.900000000000e-05,source_node_2nm
505,7.988251879699e-06,7.988251879699e-06,2.900000000000e-05,pchip_internal_1nm
506,1.400000000000e-05,1.400000000000e-05,2.900000000000e-05,source_node_2nm
507,2.172589285714e-05,2.172589285714e-05,3.000000000000e-05,pchip_internal_1nm
508,3.100000000000e-05,3.100000000000e-05,3.100000000000e-05,source_node_2nm
509,4.200757978723e-05,4.200757978723e-05,3.100000000000e-05,pchip_internal_1nm
510,5.400000000000e-05,5.400000000000e-05,3.100000000000e-05,source_node_2nm
511,6.653617021277e-05,6.653617021277e-05,3.066666666667e-05,pchip_internal_1nm
512,7.800000000000e-05,7.800000000000e-05,3.000000000000e-05,source_node_2nm
513,8.744761904762e-05,8.744761904762e-05,2.883333333333e-05,pchip_internal_1nm
514,9.400000000000e-05,9.400000000000e-05,2.800000000000e-05,source_node_2nm
515,9.745238095238e-05,9.745238095238e-05,2.800000000000e-05,pchip_internal_1nm
516,9.900000000000e-05,9.900000000000e-05,2.800000000000e-05,source_node_2nm
517,9.776470588235e-05,9.776470588235e-05,2.800000000000e-05,pchip_internal_1nm
518,9.500000000000e-05,9.500000000000e-05,2.800000000000e-05,source_node_2nm
519,8.936029411765e-05,8.936029411765e-05,2.766666666667e-05,pchip_internal_1nm
520,8.200000000000e-05,8.200000000000e-05,2.700000000000e-05,source_node_2nm
521,7.543500000000e-05,7.543500000000e-05,2.583333333333e-05,pchip_internal_1nm
522,6.900000000000e-05,6.900000000000e-05,2.500000000000e-05,source_node_2nm
523,6.300000000000e-05,6.300000000000e-05,2.530000000000e-05,pchip_internal_1nm
524,5.700000000000e-05,5.700000000000e-05,2.600000000000e-05,source_node_2nm
525,5.056500000000e-05,5.056500000000e-05,2.777142857143e-05,pchip_internal_1nm
526,4.400000000000e-05,4.400000000000e-05,3.000000000000e-05,source_node_2nm
527,3.750000000000e-05,3.750000000000e-05,3.192857142857e-05,pchip_internal_1nm
528,3.100000000000e-05,3.100000000000e-05,3.300000000000e-05,source_node_2nm
529,2.443500000000e-05,2.443500000000e-05,3.300000000000e-05,pchip_internal_1nm
530,1.800000000000e-05,1.800000000000e-05,3.300000000000e-05,source_node_2nm
531,1.180363636364e-05,1.180363636364e-05,3.333333333333e-05,pchip_internal_1nm
532,6.000000000000e-06,6.000000000000e-06,3.400000000000e-05,source_node_2nm
533,6.657754010695e-07,6.657754010695e-07,3.516666666667e-05,pchip_internal_1nm
534,-4.000000000000e-06,-4.000000000000e-06,3.600000000000e-05,source_node_2nm
535,-7.800245098039e-06,-7.800245098039e-06,3.530000000000e-05,pchip_internal_1nm
536,-1.100000000000e-05,-1.100000000000e-05,3.400000000000e-05,source_node_2nm
537,-1.376041666667e-05,-1.376041666667e-05,3.250000000000e-05,pchip_internal_1nm
538,-1.600000000000e-05,-1.600000000000e-05,3.100000000000e-05,source_node_2nm
539,-1.750000000000e-05,-1.750000000000e-05,2.986666666667e-05,pchip_internal_1nm
540,-1.900000000000e-05,-1.900000000000e-05,2.900000000000e-05,source_node_2nm
541,-2.128693181818e-05,-2.128693181818e-05,2.833333333333e-05,pchip_internal_1nm
542,-2.400000000000e-05,-2.400000000000e-05,2.800000000000e-05,source_node_2nm
543,-2.708181818182e-05,-2.708181818182e-05,2.850000000000e-05,pchip_internal_1nm
544,-3.000000000000e-05,-3.000000000000e-05,2.900000000000e-05,source_node_2nm
545,-3.240000000000e-05,-3.240000000000e-05,2.850000000000e-05,pchip_internal_1nm
546,-3.400000000000e-05,-3.400000000000e-05,2.800000000000e-05,source_node_2nm
547,-3.470000000000e-05,-3.470000000000e-05,2.800000000000e-05,pchip_internal_1nm
548,-3.500000000000e-05,-3.500000000000e-05,2.800000000000e-05,source_node_2nm
549,-3.300000000000e-05,-3.300000000000e-05,2.800000000000e-05,pchip_internal_1nm
550,-3.100000000000e-05,-3.100000000000e-05,2.800000000000e-05,source_node_2nm
551,-3.100000000000e-05,-3.100000000000e-05,2.900000000000e-05,pchip_internal_1nm
552,-3.100000000000e-05,-3.100000000000e-05,3.000000000000e-05,source_node_2nm
553,-3.192307692308e-05,-3.192307692308e-05,3.000000000000e-05,pchip_internal_1nm
554,-3.400000000000e-05,-3.400000000000e-05,3.000000000000e-05,source_node_2nm
555,-3.846581196581e-05,-3.846581196581e-05,2.950000000000e-05,pchip_internal_1nm
556,-4.400000000000e-05,-4.400000000000e-05,2.900000000000e-05,source_node_2nm
557,-4.817777777778e-05,-4.817777777778e-05,2.933333333333e-05,pchip_internal_1nm
558,-5.200000000000e-05,-5.200000000000e-05,3.000000000000e-05,source_node_2nm
559,-5.550000000000e-05,-5.550000000000e-05,3.091666666667e-05,pchip_internal_1nm
560,-5.900000000000e-05,-5.900000000000e-05,3.200000000000e-05,source_node_2nm
561,-6.287450980392e-05,-6.287450980392e-05,3.325000000000e-05,pchip_internal_1nm
562,-6.700000000000e-05,-6.700000000000e-05,3.400000000000e-05,source_node_2nm
563,-7.165882352941e-05,-7.165882352941e-05,3.287500000000e-05,pchip_internal_1nm
564,-7.600000000000e-05,-7.600000000000e-05,3.100000000000e-05,source_node_2nm
565,-7.930000000000e-05,-7.930000000000e-05,2.950000000000e-05,pchip_internal_1nm
566,-8.200000000000e-05,-8.200000000000e-05,2.800000000000e-05,source_node_2nm
567,-8.410000000000e-05,-8.410000000000e-05,2.612500000000e-05,pchip_internal_1nm
568,-8.600000000000e-05,-8.600000000000e-05,2.500000000000e-05,source_node_2nm
569,-8.830000000000e-05,-8.830000000000e-05,2.566666666667e-05,pchip_internal_1nm
570,-9.000000000000e-05,-9.000000000000e-05,2.700000000000e-05,source_node_2nm
571,-9.070000000000e-05,-9.070000000000e-05,2.877777777778e-05,pchip_internal_1nm
572,-9.100000000000e-05,-9.100000000000e-05,3.100000000000e-05,source_node_2nm
573,-8.938235294118e-05,-8.938235294118e-05,3.369841269841e-05,pchip_internal_1nm
574,-8.600000000000e-05,-8.600000000000e-05,3.600000000000e-05,source_node_2nm
575,-8.099264705882e-05,-8.099264705882e-05,3.719047619048e-05,pchip_internal_1nm
576,-7.400000000000e-05,-7.400000000000e-05,3.800000000000e-05,source_node_2nm
577,-6.512500000000e-05,-6.512500000000e-05,3.845833333333e-05,pchip_internal_1nm
578,-5.400000000000e-05,-5.400000000000e-05,3.900000000000e-05,source_node_2nm
579,-4.045945945946e-05,-4.045945945946e-05,4.170833333333e-05,pchip_internal_1nm
580,-2.400000000000e-05,-2.400000000000e-05,4.400000000000e-05,source_node_2nm
581,-3.550849818891e-06,-3.550849818891e-06,4.400000000000e-05,pchip_internal_1nm
582,2.000000000000e-05,2.000000000000e-05,4.400000000000e-05,source_node_2nm
583,4.582339339050e-05,4.582339339050e-05,4.292857142857e-05,pchip_internal_1nm
584,7.300000000000e-05,7.300000000000e-05,4.100000000000e-05,source_node_2nm
585,1.002645857908e-04,1.002645857908e-04,3.857142857143e-05,pchip_internal_1nm
586,1.270000000000e-04,1.270000000000e-04,3.700000000000e-05,source_node_2nm
587,1.515000000000e-04,1.515000000000e-04,3.803125000000e-05,pchip_internal_1nm
588,1.760000000000e-04,1.760000000000e-04,4.000000000000e-05,source_node_2nm
589,2.019471234855e-04,2.019471234855e-04,4.296875000000e-05,pchip_internal_1nm
590,2.300000000000e-04,2.300000000000e-04,4.500000000000e-05,source_node_2nm
591,2.616084302958e-04,2.616084302958e-04,4.500000000000e-05,pchip_internal_1nm
592,2.970000000000e-04,2.970000000000e-04,4.500000000000e-05,source_node_2nm
593,3.371736546227e-04,3.371736546227e-04,4.140000000000e-05,pchip_internal_1nm
594,3.820000000000e-04,3.820000000000e-04,3.700000000000e-05,source_node_2nm
595,4.312486772487e-04,4.312486772487e-04,3.560000000000e-05,pchip_internal_1nm
596,4.860000000000e-04,4.860000000000e-04,3.500000000000e-05,source_node_2nm
597,5.484206349206e-04,5.484206349206e-04,4.085555555556e-05,pchip_internal_1nm
598,6.160000000000e-04,6.160000000000e-04,5.200000000000e-05,source_node_2nm
599,6.876382006677e-04,6.876382006677e-04,6.694174174174e-05,pchip_internal_1nm
600,7.590000000000e-04,7.590000000000e-04,8.000000000000e-05,source_node_2nm
601,8.267611848930e-04,8.267611848930e-04,8.620270270270e-05,pchip_internal_1nm
602,8.870000000000e-04,8.870000000000e-04,8.900000000000e-05,source_node_2nm
603,9.378451270881e-04,9.378451270881e-04,8.743750000000e-05,pchip_internal_1nm
604,9.760000000000e-04,9.760000000000e-04,8.400000000000e-05,source_node_2nm
605,1.002279296875e-03,1.002279296875e-03,7.556250000000e-05,pchip_internal_1nm
606,1.015000000000e-03,1.015000000000e-03,6.900000000000e-05,source_node_2nm
607,1.008901098901e-03,1.008901098901e-03,7.000000000000e-05,pchip_internal_1nm
608,9.950000000000e-04,9.950000000000e-04,7.100000000000e-05,source_node_2nm
609,9.658918005072e-04,9.658918005072e-04,6.973333333333e-05,pchip_internal_1nm
610,9.240000000000e-04,9.240000000000e-04,6.700000000000e-05,source_node_2nm
611,8.766364199634e-04,8.766364199634e-04,6.225625000000e-05,pchip_internal_1nm
612,8.260000000000e-04,8.260000000000e-04,5.600000000000e-05,source_node_2nm
613,7.777161351737e-04,7.777161351737e-04,4.801041666667e-05,pchip_internal_1nm
614,7.330000000000e-04,7.330000000000e-04,4.300000000000e-05,source_node_2nm
615,6.955974025974e-04,6.955974025974e-04,4.300000000000e-05,pchip_internal_1nm
616,6.610000000000e-04,6.610000000000e-04,4.300000000000e-05,source_node_2nm
617,6.272847290640e-04,6.272847290640e-04,4.776666666667e-05,pchip_internal_1nm
618,5.930000000000e-04,5.930000000000e-04,5.400000000000e-05,source_node_2nm
619,5.557390804598e-04,5.557390804598e-04,5.596862745098e-05,pchip_internal_1nm
620,5.160000000000e-04,5.160000000000e-04,5.800000000000e-05,source_node_2nm
621,4.728569288390e-04,4.728569288390e-04,6.325735294118e-05,pchip_internal_1nm
622,4.280000000000e-04,4.280000000000e-04,7.100000000000e-05,source_node_2nm
623,3.837185097575e-04,3.837185097575e-04,8.159826203209e-05,pchip_internal_1nm
624,3.380000000000e-04,3.380000000000e-04,9.200000000000e-05,source_node_2nm
625,2.884027926960e-04,2.884027926960e-04,9.990909090909e-05,pchip_internal_1nm
626,2.380000000000e-04,2.380000000000e-04,1.040000000000e-04,source_node_2nm
627,1.881219659461e-04,1.881219659461e-04,1.010517241379e-04,pchip_internal_1nm
628,1.420000000000e-04,1.420000000000e-04,9.500000000000e-05,source_node_2nm
629,1.032903330644e-04,1.032903330644e-04,8.574557315937e-05,pchip_internal_1nm
630,6.900000000000e-05,6.900000000000e-05,7.500000000000e-05,source_node_2nm
631,3.865476884227e-05,3.865476884227e-05,6.420270270270e-05,pchip_internal_1nm
632,1.000000000000e-05,1.000000000000e-05,5.800000000000e-05,source_node_2nm
633,-1.906196581197e-05,-1.906196581197e-05,6.000000000000e-05,pchip_internal_1nm
634,-4.800000000000e-05,-4.800000000000e-05,6.200000000000e-05,source_node_2nm
635,-7.687711864407e-05,-7.687711864407e-05,6.150000000000e-05,pchip_internal_1nm
636,-1.060000000000e-04,-1.060000000000e-04,6.100000000000e-05,source_node_2nm
637,-1.363374831258e-04,-1.363374831258e-04,6.763157894737e-05,pchip_internal_1nm
638,-1.660000000000e-04,-1.660000000000e-04,7.900000000000e-05,source_node_2nm
639,-1.942655118665e-04,-1.942655118665e-04,8.981669691470e-05,pchip_internal_1nm
640,-2.190000000000e-04,-2.190000000000e-04,9.900000000000e-05,source_node_2nm
641,-2.387981882504e-04,-2.387981882504e-04,1.050517241379e-04,pchip_internal_1nm
642,-2.540000000000e-04,-2.540000000000e-04,1.080000000000e-04,source_node_2nm
643,-2.629444253859e-04,-2.629444253859e-04,1.077333333333e-04,pchip_internal_1nm
644,-2.720000000000e-04,-2.720000000000e-04,1.070000000000e-04,source_node_2nm
645,-2.884007667032e-04,-2.884007667032e-04,1.011362318841e-04,pchip_internal_1nm
646,-3.090000000000e-04,-3.090000000000e-04,9.300000000000e-05,source_node_2nm
647,-3.356076380996e-04,-3.356076380996e-04,8.883313748531e-05,pchip_internal_1nm
648,-3.550000000000e-04,-3.550000000000e-04,8.400000000000e-05,source_node_2nm
649,-3.600188679245e-04,-3.600188679245e-04,7.000000000000e-05,pchip_internal_1nm
650,-3.620000000000e-04,-3.620000000000e-04,5.600000000000e-05,source_node_2nm
651,-3.547957746479e-04,-3.547957746479e-04,4.979729729730e-05,pchip_internal_1nm
652,-3.400000000000e-04,-3.400000000000e-04,4.700000000000e-05,source_node_2nm
653,-3.199257018622e-04,-3.199257018622e-04,4.780769230769e-05,pchip_internal_1nm
654,-2.910000000000e-04,-2.910000000000e-04,5.000000000000e-05,source_node_2nm
655,-2.470026614210e-04,-2.470026614210e-04,6.617230769231e-05,pchip_internal_1nm
656,-1.910000000000e-04,-1.910000000000e-04,8.600000000000e-05,source_node_2nm
657,-1.259962702322e-04,-1.259962702322e-04,9.552000000000e-05,pchip_internal_1nm
658,-5.900000000000e-05,-5.900000000000e-05,1.000000000000e-04,source_node_2nm
659,5.611136640086e-06,5.611136640086e-06,9.031132075472e-05,pchip_internal_1nm
660,5.400000000000e-05,5.400000000000e-05,7.400000000000e-05,source_node_2nm
661,8.010927152318e-05,8.010927152318e-05,5.742975067385e-05,pchip_internal_1nm
662,9.200000000000e-05,9.200000000000e-05,4.700000000000e-05,source_node_2nm
663,9.033018867925e-05,9.033018867925e-05,4.648969780220e-05,pchip_internal_1nm
664,8.600000000000e-05,8.600000000000e-05,4.600000000000e-05,source_node_2nm
665,6.722651235168e-05,6.722651235168e-05,3.976923076923e-05,pchip_internal_1nm
666,3.900000000000e-05,3.900000000000e-05,3.400000000000e-05,source_node_2nm
667,1.413016765594e-05,1.413016765594e-05,4.257142857143e-05,pchip_internal_1nm
668,-1.100000000000e-05,-1.100000000000e-05,5.800000000000e-05,source_node_2nm
669,-3.543936868687e-05,-3.543936868687e-05,7.444817927171e-05,pchip_internal_1nm
670,-6.000000000000e-05,-6.000000000000e-05,9.000000000000e-05,source_node_2nm
671,-8.392363636364e-05,-8.392363636364e-05,1.024803921569e-04,pchip_internal_1nm
672,-1.110000000000e-04,-1.110000000000e-04,1.090000000000e-04,source_node_2nm
673,-1.489548877327e-04,-1.489548877327e-04,9.704838709677e-05,pchip_internal_1nm
674,-1.920000000000e-04,-1.920000000000e-04,8.300000000000e-05,source_node_2nm
675,-2.354245314592e-04,-2.354245314592e-04,7.945161290323e-05,pchip_internal_1nm
676,-2.770000000000e-04,-2.770000000000e-04,7.800000000000e-05,source_node_2nm
677,-3.142481827622e-04,-3.142481827622e-04,8.026041666667e-05,pchip_internal_1nm
678,-3.450000000000e-04,-3.450000000000e-04,8.500000000000e-05,source_node_2nm
679,-3.671798682396e-04,-3.671798682396e-04,9.393005952381e-05,pchip_internal_1nm
680,-3.840000000000e-04,-3.840000000000e-04,1.020000000000e-04,source_node_2nm
681,-3.955372267760e-04,-3.955372267760e-04,1.040761904762e-04,pchip_internal_1nm
682,-4.060000000000e-04,-4.060000000000e-04,1.060000000000e-04,source_node_2nm
683,-4.182958333333e-04,-4.182958333333e-04,1.122333333333e-04,pchip_internal_1nm
684,-4.320000000000e-04,-4.320000000000e-04,1.170000000000e-04,source_node_2nm
685,-4.512321138211e-04,-4.512321138211e-04,1.144838709677e-04,pchip_internal_1nm
686,-4.660000000000e-04,-4.660000000000e-04,1.090000000000e-04,source_node_2nm
687,-4.709512195122e-04,-4.709512195122e-04,9.861731950845e-05,pchip_internal_1nm
688,-4.730000000000e-04,-4.730000000000e-04,8.600000000000e-05,source_node_2nm
689,-4.663416666667e-04,-4.663416666667e-04,7.389880952381e-05,pchip_internal_1nm
690,-4.560000000000e-04,-4.560000000000e-04,6.700000000000e-05,source_node_2nm
691,-4.480916666667e-04,-4.480916666667e-04,7.200000000000e-05,pchip_internal_1nm
692,-4.430000000000e-04,-4.430000000000e-04,7.700000000000e-05,source_node_2nm
693,-4.420212121212e-04,-4.420212121212e-04,7.300000000000e-05,pchip_internal_1nm
694,-4.410000000000e-04,-4.410000000000e-04,6.900000000000e-05,source_node_2nm
695,-4.346445536446e-04,-4.346445536446e-04,7.472448979592e-05,pchip_internal_1nm
696,-4.210000000000e-04,-4.210000000000e-04,8.600000000000e-05,source_node_2nm
697,-3.891015106570e-04,-3.891015106570e-04,1.016985871272e-04,pchip_internal_1nm
698,-3.300000000000e-04,-3.300000000000e-04,1.180000000000e-04,source_node_2nm
699,-1.779565790851e-04,-1.779565790851e-04,1.310769230769e-04,pchip_internal_1nm
700,-1.100000000000e-05,-1.100000000000e-05,1.380000000000e-04,source_node_2nm
701,6.501228022501e-05,6.501228022501e-05,1.332272727273e-04,pchip_internal_1nm
702,1.360000000000e-04,1.360000000000e-04,1.230000000000e-04,source_node_2nm
703,2.406597846492e-04,2.406597846492e-04,1.002727272727e-04,pchip_internal_1nm
704,3.720000000000e-04,3.720000000000e-04,8.300000000000e-05,source_node_2nm
705,5.445583661544e-04,5.445583661544e-04,8.683680555556e-05,pchip_internal_1nm
706,7.410000000000e-04,7.410000000000e-04,9.600000000000e-05,source_node_2nm
707,9.328501762365e-04,9.328501762365e-04,1.281631944444e-04,pchip_internal_1nm
708,1.140000000000e-03,1.140000000000e-03,1.550000000000e-04,source_node_2nm
709,1.375812463418e-03,1.375812463418e-03,1.520283018868e-04,pchip_internal_1nm
710,1.642000000000e-03,1.642000000000e-03,1.450000000000e-04,source_node_2nm
711,1.954306475086e-03,1.954306475086e-03,1.214716981132e-04,pchip_internal_1nm
712,2.291000000000e-03,2.291000000000e-03,1.020000000000e-04,source_node_2nm
713,2.627655385243e-03,2.627655385243e-03,1.020000000000e-04,pchip_internal_1nm
714,2.970000000000e-03,2.970000000000e-03,1.020000000000e-04,source_node_2nm
715,3.316052257830e-03,3.316052257830e-03,7.500000000000e-05,pchip_internal_1nm
716,3.664000000000e-03,3.664000000000e-03,4.800000000000e-05,source_node_2nm
717,4.011062545061e-03,4.011062545061e-03,6.850000000000e-05,pchip_internal_1nm
718,4.358000000000e-03,4.358000000000e-03,8.900000000000e-05,source_node_2nm
719,4.702667342024e-03,4.702667342024e-03,8.293333333333e-05,pchip_internal_1nm
720,5.051000000000e-03,5.051000000000e-03,7.600000000000e-05,source_node_2nm
721,5.407534721148e-03,5.407534721148e-03,7.456666666667e-05,pchip_internal_1nm
722,5.775000000000e-03,5.775000000000e-03,7.400000000000e-05,source_node_2nm
723,6.146065434456e-03,6.146065434456e-03,8.800000000000e-05,pchip_internal_1nm
724,6.557000000000e-03,6.557000000000e-03,1.020000000000e-04,source_node_2nm
725,7.056757201822e-03,7.056757201822e-03,9.781111111111e-05,pchip_internal_1nm
726,7.649000000000e-03,7.649000000000e-03,8.900000000000e-05,source_node_2nm
727,8.371313816843e-03,8.371313816843e-03,7.403434343434e-05,pchip_internal_1nm
728,9.199000000000e-03,9.199000000000e-03,5.700000000000e-05,source_node_2nm
729,1.012110219316e-02,1.012110219316e-02,4.215454545455e-05,pchip_internal_1nm
730,1.108800000000e-02,1.108800000000e-02,3.400000000000e-05,source_node_2nm
731,1.205545785160e-02,1.205545785160e-02,3.400000000000e-05,pchip_internal_1nm
732,1.296300000000e-02,1.296300000000e-02,3.400000000000e-05,source_node_2nm
733,1.379183039921e-02,1.379183039921e-02,4.550000000000e-05,pchip_internal_1nm
734,1.442400000000e-02,1.442400000000e-02,5.700000000000e-05,source_node_2nm
735,1.483345849468e-02,1.483345849468e-02,5.250000000000e-05,pchip_internal_1nm
736,1.502900000000e-02,1.502900000000e-02,4.800000000000e-05,source_node_2nm
737,1.500437669377e-02,1.500437669377e-02,5.056640625000e-05,pchip_internal_1nm
738,1.494100000000e-02,1.494100000000e-02,5.700000000000e-05,source_node_2nm
739,1.469467852283e-02,1.469467852283e-02,8.643359375000e-05,pchip_internal_1nm
740,1.429100000000e-02,1.429100000000e-02,1.120000000000e-04,source_node_2nm
741,1.382902958779e-02,1.382902958779e-02,9.300000000000e-05,pchip_internal_1nm
742,1.330200000000e-02,1.330200000000e-02,7.400000000000e-05,source_node_2nm
743,1.276076561082e-02,1.276076561082e-02,9.100000000000e-05,pchip_internal_1nm
744,1.219500000000e-02,1.219500000000e-02,1.080000000000e-04,source_node_2nm
745,1.161197429385e-02,1.161197429385e-02,9.383333333333e-05,pchip_internal_1nm
746,1.101400000000e-02,1.101400000000e-02,7.400000000000e-05,source_node_2nm
747,1.039852810754e-02,1.039852810754e-02,6.266666666667e-05,pchip_internal_1nm
748,9.789000000000e-03,9.789000000000e-03,5.700000000000e-05,source_node_2nm
749,9.215709655900e-03,9.215709655900e-03,6.380113636364e-05,pchip_internal_1nm
750,8.653000000000e-03,8.653000000000e-03,7.600000000000e-05,source_node_2nm
751,8.080710901480e-03,8.080710901480e-03,9.119886363636e-05,pchip_internal_1nm
752,7.516000000000e-03,7.516000000000e-03,1.010000000000e-04,source_node_2nm
753,6.977500000000e-03,6.977500000000e-03,7.450000000000e-05,pchip_internal_1nm
754,6.439000000000e-03,6.439000000000e-03,4.800000000000e-05,source_node_2nm
755,5.868562552790e-03,5.868562552790e-03,6.053571428571e-05,pchip_internal_1nm
756,5.302000000000e-03,5.302000000000e-03,7.400000000000e-05,source_node_2nm
757,4.763788372768e-03,4.763788372768e-03,7.546428571429e-05,pchip_internal_1nm
758,4.254000000000e-03,4.254000000000e-03,7.600000000000e-05,source_node_2nm
759,3.794055221042e-03,3.794055221042e-03,6.650000000000e-05,pchip_internal_1nm
760,3.339000000000e-03,3.339000000000e-03,5.700000000000e-05,source_node_2nm
761,2.837951105386e-03,2.837951105386e-03,5.700000000000e-05,pchip_internal_1nm
762,2.335000000000e-03,2.335000000000e-03,5.700000000000e-05,source_node_2nm
763,1.861312963056e-03,1.861312963056e-03,8.925378787879e-05,pchip_internal_1nm
764,1.406000000000e-03,1.406000000000e-03,1.220000000000e-04,source_node_2nm
765,9.692953771169e-04,9.692953771169e-04,1.227462121212e-04,pchip_internal_1nm
766,5.490000000000e-04,5.490000000000e-04,1.230000000000e-04,source_node_2nm
767,1.468860338573e-04,1.468860338573e-04,1.180531914894e-04,pchip_internal_1nm
768,-2.480000000000e-04,-2.480000000000e-04,1.080000000000e-04,source_node_2nm
769,-6.534536912752e-04,-6.534536912752e-04,8.944680851064e-05,pchip_internal_1nm
770,-1.045000000000e-03,-1.045000000000e-03,7.600000000000e-05,source_node_2nm
771,-1.393099440142e-03,-1.393099440142e-03,1.250000000000e-04,pchip_internal_1nm
772,-1.738000000000e-03,-1.738000000000e-03,1.740000000000e-04,source_node_2nm
773,-2.133291046665e-03,-2.133291046665e-03,1.276324786325e-04,pchip_internal_1nm
774,-2.506000000000e-03,-2.506000000000e-03,7.400000000000e-05,source_node_2nm
775,-2.793396279933e-03,-2.793396279933e-03,6.186752136752e-05,pchip_internal_1nm
776,-3.052000000000e-03,-3.052000000000e-03,5.700000000000e-05,source_node_2nm
777,-3.304710842279e-03,-3.304710842279e-03,9.250000000000e-05,pchip_internal_1nm
778,-3.554000000000e-03,-3.554000000000e-03,1.280000000000e-04,source_node_2nm
779,-3.817635075367e-03,-3.817635075367e-03,1.020000000000e-04,pchip_internal_1nm
780,-4.071000000000e-03,-4.071000000000e-03,7.600000000000e-05,source_node_2nm
781,-4.302622318422e-03,-4.302622318422e-03,9.900000000000e-05,pchip_internal_1nm
782,-4.499000000000e-03,-4.499000000000e-03,1.220000000000e-04,source_node_2nm
783,-4.635184900958e-03,-4.635184900958e-03,1.144358974359e-04,pchip_internal_1nm
784,-4.764000000000e-03,-4.764000000000e-03,1.020000000000e-04,source_node_2nm
785,-4.937746556474e-03,-4.937746556474e-03,9.006410256410e-05,pchip_internal_1nm
786,-5.104000000000e-03,-5.104000000000e-03,8.300000000000e-05,source_node_2nm
787,-5.228753285063e-03,-5.228753285063e-03,8.497368421053e-05,pchip_internal_1nm
788,-5.325000000000e-03,-5.325000000000e-03,8.900000000000e-05,source_node_2nm
789,-5.389411743602e-03,-5.389411743602e-03,9.408881578947e-05,pchip_internal_1nm
790,-5.443000000000e-03,-5.443000000000e-03,1.020000000000e-04,source_node_2nm
791,-5.508819819820e-03,-5.508819819820e-03,1.239375000000e-04,pchip_internal_1nm
792,-5.547000000000e-03,-5.547000000000e-03,1.410000000000e-04,source_node_2nm
793,-5.547000000000e-03,-5.547000000000e-03,1.210000000000e-04,pchip_internal_1nm
794,-5.547000000000e-03,-5.547000000000e-03,1.010000000000e-04,source_node_2nm
795,-5.542777310924e-03,-5.542777310924e-03,1.245000000000e-04,pchip_internal_1nm
796,-5.532000000000e-03,-5.532000000000e-03,1.480000000000e-04,source_node_2nm
797,-5.495945746720e-03,-5.495945746720e-03,1.280000000000e-04,pchip_internal_1nm
798,-5.428000000000e-03,-5.428000000000e-03,1.080000000000e-04,source_node_2nm
799,-5.296176495927e-03,-5.296176495927e-03,1.195000000000e-04,pchip_internal_1nm
800,-5.133000000000e-03,-5.133000000000e-03,1.310000000000e-04,source_node_2nm
801,-5.007053483152e-03,-5.007053483152e-03,1.232416666667e-04,pchip_internal_1nm
802,-4.868000000000e-03,-4.868000000000e-03,1.120000000000e-04,source_node_2nm
803,-4.664690452860e-03,-4.664690452860e-03,1.047583333333e-04,pchip_internal_1nm
804,-4.425000000000e-03,-4.425000000000e-03,1.010000000000e-04,source_node_2nm
805,-4.171418949913e-03,-4.171418949913e-03,1.280000000000e-04,pchip_internal_1nm
806,-3.908000000000e-03,-3.908000000000e-03,1.550000000000e-04,source_node_2nm
807,-3.655842490081e-03,-3.655842490081e-03,1.155000000000e-04,pchip_internal_1nm
808,-3.392000000000e-03,-3.392000000000e-03,7.600000000000e-05,source_node_2nm
809,-3.097358759183e-03,-3.097358759183e-03,7.978481012658e-05,pchip_internal_1nm
810,-2.772000000000e-03,-2.772000000000e-03,8.900000000000e-05,source_node_2nm
811,-2.388000000000e-03,-2.388000000000e-03,1.179384041591e-04,pchip_internal_1nm
812,-2.004000000000e-03,-2.004000000000e-03,1.550000000000e-04,source_node_2nm
813,-1.692470479133e-03,-1.692470479133e-03,1.847767857143e-04,pchip_internal_1nm
814,-1.384000000000e-03,-1.384000000000e-03,2.010000000000e-04,source_node_2nm
815,-1.027420025654e-03,-1.027420025654e-03,1.959375000000e-04,pchip_internal_1nm
816,-6.460000000000e-04,-6.460000000000e-04,1.830000000000e-04,source_node_2nm
817,-2.517212369912e-04,-2.517212369912e-04,1.160625000000e-04,pchip_internal_1nm
818,1.660000000000e-04,1.660000000000e-04,5.700000000000e-05,source_node_2nm
819,6.058795514187e-04,6.058795514187e-04,7.950000000000e-05,pchip_internal_1nm
820,1.096000000000e-03,1.096000000000e-03,1.020000000000e-04,source_node_2nm
821,1.670469614529e-03,1.670469614529e-03,9.550000000000e-05,pchip_internal_1nm
822,2.350000000000e-03,2.350000000000e-03,8.900000000000e-05,source_node_2nm
823,3.193245968790e-03,3.193245968790e-03,1.018134328358e-04,pchip_internal_1nm
824,4.180000000000e-03,4.180000000000e-03,1.230000000000e-04,source_node_2nm
825,5.293696280578e-03,5.293696280578e-03,1.436865671642e-04,pchip_internal_1nm
826,6.542000000000e-03,6.542000000000e-03,1.560000000000e-04,source_node_2nm
827,7.971387056564e-03,7.971387056564e-03,1.349845360825e-04,pchip_internal_1nm
828,9.435000000000e-03,9.435000000000e-03,1.020000000000e-04,source_node_2nm
829,1.081549903239e-02,1.081549903239e-02,7.451546391753e-05,pchip_internal_1nm
830,1.203300000000e-02,1.203300000000e-02,5.900000000000e-05,source_node_2nm
831,1.303884731402e-02,1.303884731402e-02,8.448148148148e-05,pchip_internal_1nm
832,1.377500000000e-02,1.377500000000e-02,1.230000000000e-04,source_node_2nm
833,1.425485061224e-02,1.425485061224e-02,1.500087145969e-04,pchip_internal_1nm
834,1.448300000000e-02,1.448300000000e-02,1.670000000000e-04,source_node_2nm
835,1.442607841239e-02,1.442607841239e-02,1.720098039216e-04,pchip_internal_1nm
836,1.429100000000e-02,1.429100000000e-02,1.740000000000e-04,source_node_2nm
837,1.394266808817e-02,1.394266808817e-02,1.657755102041e-04,pchip_internal_1nm
838,1.345000000000e-02,1.345000000000e-02,1.480000000000e-04,source_node_2nm
839,1.299290298398e-02,1.299290298398e-02,1.072244897959e-04,pchip_internal_1nm
840,1.250500000000e-02,1.250500000000e-02,7.600000000000e-05,source_node_2nm
841,1.197160623552e-02,1.197160623552e-02,1.292702702703e-04,pchip_internal_1nm
842,1.141300000000e-02,1.141300000000e-02,1.840000000000e-04,source_node_2nm
843,1.085516666149e-02,1.085516666149e-02,1.862297297297e-04,pchip_internal_1nm
844,1.027600000000e-02,1.027600000000e-02,1.870000000000e-04,source_node_2nm
845,9.639387277545e-03,9.639387277545e-03,1.798923076923e-04,pchip_internal_1nm
846,9.007000000000e-03,9.007000000000e-03,1.630000000000e-04,source_node_2nm
847,8.463833198052e-03,8.463833198052e-03,1.051076923077e-04,pchip_internal_1nm
848,7.900000000000e-03,7.900000000000e-03,5.700000000000e-05,source_node_2nm
849,7.166708770412e-03,7.166708770412e-03,8.594594594595e-05,pchip_internal_1nm
850,6.424000000000e-03,6.424000000000e-03,1.410000000000e-04,source_node_2nm
851,5.817163401606e-03,5.817163401606e-03,2.230540540541e-04,pchip_internal_1nm
852,5.258000000000e-03,5.258000000000e-03,2.790000000000e-04,source_node_2nm
853,4.716501064740e-03,4.716501064740e-03,2.370000000000e-04,pchip_internal_1nm
854,4.195000000000e-03,4.195000000000e-03,1.950000000000e-04,source_node_2nm
855,3.663543767377e-03,3.663543767377e-03,2.895000000000e-04,pchip_internal_1nm
856,3.192000000000e-03,3.192000000000e-03,3.840000000000e-04,source_node_2nm
857,2.865271038602e-03,2.865271038602e-03,2.631542857143e-04,pchip_internal_1nm
858,2.537000000000e-03,2.537000000000e-03,1.120000000000e-04,source_node_2nm
859,2.053606569587e-03,2.053606569587e-03,5.784571428571e-05,pchip_internal_1nm
860,1.514000000000e-03,1.514000000000e-03,3.400000000000e-05,source_node_2nm
861,9.995127297357e-04,9.995127297357e-04,7.850000000000e-05,pchip_internal_1nm
862,4.900000000000e-04,4.900000000000e-04,1.230000000000e-04,source_node_2nm
863,-9.594190733097e-06,-9.594190733097e-06,9.100000000000e-05,pchip_internal_1nm
864,-4.940000000000e-04,-4.940000000000e-04,5.900000000000e-05,source_node_2nm
865,-9.650472669946e-04,-9.650472669946e-04,6.172093023256e-05,pchip_internal_1nm
866,-1.399000000000e-03,-1.399000000000e-03,6.800000000000e-05,source_node_2nm
867,-1.755897809000e-03,-1.755897809000e-03,8.405906976744e-05,pchip_internal_1nm
868,-2.107000000000e-03,-2.107000000000e-03,1.020000000000e-04,source_node_2nm
869,-2.532002789153e-03,-2.532002789153e-03,1.127200000000e-04,pchip_internal_1nm
870,-2.954000000000e-03,-2.954000000000e-03,1.180000000000e-04,source_node_2nm
871,-3.308048054957e-03,-3.308048054957e-03,1.076779661017e-04,pchip_internal_1nm
872,-3.642000000000e-03,-3.642000000000e-03,9.000000000000e-05,source_node_2nm
873,-3.984864120623e-03,-3.984864120623e-03,7.082203389831e-05,pchip_internal_1nm
874,-4.312000000000e-03,-4.312000000000e-03,5.900000000000e-05,source_node_2nm
875,-4.606565283823e-03,-4.606565283823e-03,9.100000000000e-05,pchip_internal_1nm
876,-4.882000000000e-03,-4.882000000000e-03,1.230000000000e-04,source_node_2nm
877,-5.158640101515e-03,-5.158640101515e-03,1.144090909091e-04,pchip_internal_1nm
878,-5.394000000000e-03,-5.394000000000e-03,1.020000000000e-04,source_node_2nm
879,-5.550206566011e-03,-5.550206566011e-03,9.656149732620e-05,pchip_internal_1nm
880,-5.689000000000e-03,-5.689000000000e-03,9.000000000000e-05,source_node_2nm
881,-5.849277536534e-03,-5.849277536534e-03,5.952941176471e-05,pchip_internal_1nm
882,-6.004000000000e-03,-6.004000000000e-03,3.400000000000e-05,source_node_2nm
883,-6.158845462911e-03,-6.158845462911e-03,4.650000000000e-05,pchip_internal_1nm
884,-6.260000000000e-03,-6.260000000000e-03,5.900000000000e-05,source_node_2nm
885,-6.284655932203e-03,-6.284655932203e-03,4.650000000000e-05,pchip_internal_1nm
886,-6.299000000000e-03,-6.299000000000e-03,3.400000000000e-05,source_node_2nm
887,-6.312305084746e-03,-6.312305084746e-03,7.600000000000e-05,pchip_internal_1nm
888,-6.319000000000e-03,-6.319000000000e-03,1.180000000000e-04,source_node_2nm
889,-6.255785714286e-03,-6.255785714286e-03,7.600000000000e-05,pchip_internal_1nm
890,-6.142000000000e-03,-6.142000000000e-03,3.400000000000e-05,source_node_2nm
891,-6.035612698413e-03,-6.035612698413e-03,3.400000000000e-05,pchip_internal_1nm
892,-5.906000000000e-03,-5.906000000000e-03,3.400000000000e-05,source_node_2nm
893,-5.726799104232e-03,-5.726799104232e-03,5.100000000000e-05,pchip_internal_1nm
894,-5.512000000000e-03,-5.512000000000e-03,6.800000000000e-05,source_node_2nm
895,-5.276281390069e-03,-5.276281390069e-03,6.800000000000e-05,pchip_internal_1nm
896,-5.020000000000e-03,-5.020000000000e-03,6.800000000000e-05,source_node_2nm
897,-4.760544448756e-03,-4.760544448756e-03,5.100000000000e-05,pchip_internal_1nm
898,-4.469000000000e-03,-4.469000000000e-03,3.400000000000e-05,source_node_2nm
899,-4.104770893268e-03,-4.104770893268e-03,6.105217391304e-05,pchip_internal_1nm
900,-3.682000000000e-03,-3.682000000000e-03,1.020000000000e-04,source_node_2nm
901,-3.207394599898e-03,-3.207394599898e-03,1.324478260870e-04,pchip_internal_1nm
902,-2.678000000000e-03,-2.678000000000e-03,1.490000000000e-04,source_node_2nm
903,-2.096260328957e-03,-2.096260328957e-03,1.195000000000e-04,pchip_internal_1nm
904,-1.458000000000e-03,-1.458000000000e-03,9.000000000000e-05,source_node_2nm
905,-7.628438395789e-04,-7.628438395789e-04,1.029393939394e-04,pchip_internal_1nm
906,-2.000000000000e-06,-2.000000000000e-06,1.180000000000e-04,source_node_2nm
907,8.357820169325e-04,8.357820169325e-04,1.206578282828e-04,pchip_internal_1nm
908,1.750000000000e-03,1.750000000000e-03,1.230000000000e-04,source_node_2nm
909,2.742393695845e-03,2.742393695845e-03,1.304027777778e-04,pchip_internal_1nm
910,3.816000000000e-03,3.816000000000e-03,1.360000000000e-04,source_node_2nm
911,4.974420205204e-03,4.974420205204e-03,1.360000000000e-04,pchip_internal_1nm
912,6.217000000000e-03,6.217000000000e-03,1.360000000000e-04,source_node_2nm
913,7.540872291947e-03,7.540872291947e-03,1.460000000000e-04,pchip_internal_1nm
914,8.953000000000e-03,8.953000000000e-03,1.560000000000e-04,source_node_2nm
915,1.043048998921e-02,1.043048998921e-02,1.525000000000e-04,pchip_internal_1nm
916,1.206200000000e-02,1.206200000000e-02,1.490000000000e-04,source_node_2nm
917,1.398776568613e-02,1.398776568613e-02,1.567747035573e-04,pchip_internal_1nm
918,1.613600000000e-02,1.613600000000e-02,1.770000000000e-04,source_node_2nm
919,1.848371339615e-02,1.848371339615e-02,2.544708533147e-04,pchip_internal_1nm
920,2.095800000000e-02,2.095800000000e-02,4.020000000000e-04,source_node_2nm
921,2.322199013931e-02,2.322199013931e-02,7.527544431280e-04,pchip_internal_1nm
922,2.598600000000e-02,2.598600000000e-02,1.021000000000e-03,source_node_2nm
923,3.125451226199e-02,3.125451226199e-02,8.530000000000e-04,pchip_internal_1nm
924,3.709600000000e-02,3.709600000000e-02,6.850000000000e-04,source_node_2nm
925,4.111036779862e-02,4.111036779862e-02,9.220588235294e-04,pchip_internal_1nm
926,4.496800000000e-02,4.496800000000e-02,1.181000000000e-03,source_node_2nm
927,4.953694754069e-02,4.953694754069e-02,1.205829701061e-03,pchip_internal_1nm
928,5.441500000000e-02,5.441500000000e-02,1.229000000000e-03,source_node_2nm
929,5.939966621699e-02,5.939966621699e-02,1.367611475410e-03,pchip_internal_1nm
930,6.464800000000e-02,6.464800000000e-02,1.486000000000e-03,source_node_2nm
931,7.051167128456e-02,7.051167128456e-02,1.393475599315e-03,pchip_internal_1nm
932,7.626000000000e-02,7.626000000000e-02,1.229000000000e-03,source_node_2nm
933,8.099300345155e-02,8.099300345155e-02,1.029524400685e-03,pchip_internal_1nm
934,8.570600000000e-02,8.570600000000e-02,9.020000000000e-04,source_node_2nm
935,9.129124171162e-02,9.129124171162e-02,9.020000000000e-04,pchip_internal_1nm
936,9.712100000000e-02,9.712100000000e-02,9.020000000000e-04,source_node_2nm
937,1.027801421469e-01,1.027801421469e-01,1.065500000000e-03,pchip_internal_1nm
938,1.083390000000e-01,1.083390000000e-01,1.229000000000e-03,source_node_2nm
939,1.136296594717e-01,1.136296594717e-01,1.065500000000e-03,pchip_internal_1nm
940,1.189660000000e-01,1.189660000000e-01,9.020000000000e-04,source_node_2nm
941,1.246482212339e-01,1.246482212339e-01,1.065500000000e-03,pchip_internal_1nm
942,1.305770000000e-01,1.305770000000e-01,1.229000000000e-03,source_node_2nm
943,1.366657947845e-01,1.366657947845e-01,1.065500000000e-03,pchip_internal_1nm
944,1.431730000000e-01,1.431730000000e-01,9.020000000000e-04,source_node_2nm
945,1.503199983885e-01,1.503199983885e-01,1.065500000000e-03,pchip_internal_1nm
946,1.583270000000e-01,1.583270000000e-01,1.229000000000e-03,source_node_2nm
947,1.677066762644e-01,1.677066762644e-01,1.065500000000e-03,pchip_internal_1nm
948,1.782040000000e-01,1.782040000000e-01,9.020000000000e-04,source_node_2nm
949,1.896577315981e-01,1.896577315981e-01,1.005072345890e-03,pchip_internal_1nm
950,2.020170000000e-01,2.020170000000e-01,1.181000000000e-03,source_node_2nm
951,2.152524443840e-01,2.152524443840e-01,1.369927654110e-03,pchip_internal_1nm
952,2.289790000000e-01,2.289790000000e-01,1.486000000000e-03,source_node_2nm
953,2.430264234690e-01,2.430264234690e-01,1.333500000000e-03,pchip_internal_1nm
954,2.565320000000e-01,2.565320000000e-01,1.181000000000e-03,source_node_2nm
955,2.689322545810e-01,2.689322545810e-01,1.205000000000e-03,pchip_internal_1nm
956,2.795580000000e-01,2.795580000000e-01,1.229000000000e-03,source_node_2nm
957,2.882097902381e-01,2.882097902381e-01,1.229000000000e-03,pchip_internal_1nm
958,2.943180000000e-01,2.943180000000e-01,1.229000000000e-03,source_node_2nm
959,2.979518187705e-01,2.979518187705e-01,1.229000000000e-03,pchip_internal_1nm
960,2.996320000000e-01,2.996320000000e-01,1.229000000000e-03,source_node_2nm
961,2.984236552021e-01,2.984236552021e-01,1.229000000000e-03,pchip_internal_1nm
962,2.958920000000e-01,2.958920000000e-01,1.229000000000e-03,source_node_2nm
963,2.920206238884e-01,2.920206238884e-01,1.065500000000e-03,pchip_internal_1nm
964,2.868390000000e-01,2.868390000000e-01,9.020000000000e-04,source_node_2nm
965,2.810026272784e-01,2.810026272784e-01,9.434434250765e-04,pchip_internal_1nm
966,2.742440000000e-01,2.742440000000e-01,1.023000000000e-03,source_node_2nm
967,2.663028506217e-01,2.663028506217e-01,1.145056574924e-03,pchip_internal_1nm
968,2.579090000000e-01,2.579090000000e-01,1.229000000000e-03,source_node_2nm
969,2.500250636920e-01,2.500250636920e-01,1.126000000000e-03,pchip_internal_1nm
970,2.421650000000e-01,2.421650000000e-01,1.023000000000e-03,source_node_2nm
971,2.342690640565e-01,2.342690640565e-01,1.193000000000e-03,pchip_internal_1nm
972,2.260270000000e-01,2.260270000000e-01,1.363000000000e-03,source_node_2nm
973,2.168869780285e-01,2.168869780285e-01,1.215310195228e-03,pchip_internal_1nm
974,2.073310000000e-01,2.073310000000e-01,1.023000000000e-03,source_node_2nm
975,1.977613317159e-01,1.977613317159e-01,9.401898047722e-04,pchip_internal_1nm
976,1.880440000000e-01,1.880440000000e-01,9.020000000000e-04,source_node_2nm
977,1.782146134804e-01,1.782146134804e-01,1.065500000000e-03,pchip_internal_1nm
978,1.681670000000e-01,1.681670000000e-01,1.229000000000e-03,source_node_2nm
979,1.577383388016e-01,1.577383388016e-01,1.145056574924e-03,pchip_internal_1nm
980,1.471090000000e-01,1.471090000000e-01,1.023000000000e-03,source_node_2nm
981,1.363703998160e-01,1.363703998160e-01,9.434434250765e-04,pchip_internal_1nm
982,1.256570000000e-01,1.256570000000e-01,9.020000000000e-04,source_node_2nm
983,1.152144730489e-01,1.152144730489e-01,9.625000000000e-04,pchip_internal_1nm
984,1.047960000000e-01,1.047960000000e-01,1.023000000000e-03,source_node_2nm
985,9.405071231868e-02,9.405071231868e-02,9.625000000000e-04,pchip_internal_1nm
986,8.354100000000e-02,8.354100000000e-02,9.020000000000e-04,source_node_2nm
987,7.388070420251e-02,7.388070420251e-02,1.065500000000e-03,pchip_internal_1nm
988,6.445200000000e-02,6.445200000000e-02,1.229000000000e-03,source_node_2nm
989,5.466368471313e-02,5.466368471313e-02,1.065500000000e-03,pchip_internal_1nm
990,4.516500000000e-02,4.516500000000e-02,9.020000000000e-04,source_node_2nm
991,3.655218279170e-02,3.655218279170e-02,1.303000000000e-03,pchip_internal_1nm
992,2.824000000000e-02,2.824000000000e-02,1.704000000000e-03,source_node_2nm
993,1.975995226394e-02,1.975995226394e-02,1.147000000000e-03,pchip_internal_1nm
994,1.151100000000e-02,1.151100000000e-02,5.900000000000e-04,source_node_2nm
995,3.709398531194e-03,3.709398531194e-03,9.095000000000e-04,pchip_internal_1nm
996,-3.642000000000e-03,-3.642000000000e-03,1.229000000000e-03,source_node_2nm
997,-1.199765445146e-02,-1.199765445146e-02,1.216351351351e-03,pchip_internal_1nm
998,-1.682800000000e-02,-1.682800000000e-02,1.181000000000e-03,source_node_2nm
999,-1.682800000000e-02,-1.682800000000e-02,7.496486486486e-04,pchip_internal_1nm
1000,-1.682800000000e-02,-1.682800000000e-02,3.410000000000e-04,source_node_2nm
1001,-2.192016443591e-02,-2.192016443591e-02,1.119500000000e-03,pchip_internal_1nm
1002,-3.001400000000e-02,-3.001400000000e-02,1.898000000000e-03,source_node_2nm
1003,-3.576806840904e-02,-3.576806840904e-02,1.645206995413e-03,pchip_internal_1nm
1004,-4.103500000000e-02,-4.103500000000e-02,1.229000000000e-03,source_node_2nm
1005,-4.577346217772e-02,-4.577346217772e-02,8.277930045872e-04,pchip_internal_1nm
1006,-5.028500000000e-02,-5.028500000000e-02,5.900000000000e-04,source_node_2nm
1007,-5.497736971605e-02,-5.497736971605e-02,9.095000000000e-04,pchip_internal_1nm
1008,-5.933800000000e-02,-5.933800000000e-02,1.229000000000e-03,source_node_2nm
1009,-6.292428528369e-02,-6.292428528369e-02,1.214203883495e-03,pchip_internal_1nm
1010,-6.622600000000e-02,-6.622600000000e-02,1.181000000000e-03,source_node_2nm
1011,-6.957801998097e-02,-6.957801998097e-02,1.092796116505e-03,pchip_internal_1nm
1012,-7.272000000000e-02,-7.272000000000e-02,1.023000000000e-03,source_node_2nm
1013,-7.554233529391e-02,-7.554233529391e-02,1.092796116505e-03,pchip_internal_1nm
1014,-7.803400000000e-02,-7.803400000000e-02,1.181000000000e-03,source_node_2nm
1015,-8.008792323690e-02,-8.008792323690e-02,1.203715694519e-03,pchip_internal_1nm
1016,-8.197000000000e-02,-8.197000000000e-02,1.229000000000e-03,source_node_2nm
1017,-8.399642529376e-02,-8.399642529376e-02,1.405988188976e-03,pchip_internal_1nm
1018,-8.570900000000e-02,-8.570900000000e-02,1.562000000000e-03,source_node_2nm
1019,-8.676988368791e-02,-8.676988368791e-02,1.307810810811e-03,pchip_internal_1nm
1020,-8.767800000000e-02,-8.767800000000e-02,9.020000000000e-04,source_node_2nm
1021,-8.886350056176e-02,-8.886350056176e-02,5.456891891892e-04,pchip_internal_1nm
1022,-8.964600000000e-02,-8.964600000000e-02,3.410000000000e-04,source_node_2nm
1023,-8.975583988847e-02,-8.975583988847e-02,9.515000000000e-04,pchip_internal_1nm
1024,-8.984200000000e-02,-8.984200000000e-02,1.562000000000e-03,source_node_2nm
1025,-9.007172203390e-02,-9.007172203390e-02,1.232000000000e-03,pchip_internal_1nm
1026,-9.023600000000e-02,-9.023600000000e-02,9.020000000000e-04,source_node_2nm
1027,-9.017853471634e-02,-9.017853471634e-02,9.020000000000e-04,pchip_internal_1nm
1028,-9.003900000000e-02,-9.003900000000e-02,9.020000000000e-04,source_node_2nm
1029,-8.962896528366e-02,-8.962896528366e-02,9.020000000000e-04,pchip_internal_1nm
1030,-8.905500000000e-02,-8.905500000000e-02,9.020000000000e-04,source_node_2nm
1031,-8.861365570831e-02,-8.861365570831e-02,1.041500000000e-03,pchip_internal_1nm
1032,-8.807100000000e-02,-8.807100000000e-02,1.181000000000e-03,source_node_2nm
1033,-8.696937489900e-02,-8.696937489900e-02,1.181000000000e-03,pchip_internal_1nm
1034,-8.570900000000e-02,-8.570900000000e-02,1.181000000000e-03,source_node_2nm
1035,-8.483208974381e-02,-8.483208974381e-02,1.181000000000e-03,pchip_internal_1nm
1036,-8.393800000000e-02,-8.393800000000e-02,1.181000000000e-03,source_node_2nm
1037,-8.271719213667e-02,-8.271719213667e-02,1.072251503006e-03,pchip_internal_1nm
1038,-8.138000000000e-02,-8.138000000000e-02,9.020000000000e-04,source_node_2nm
1039,-8.007381031552e-02,-8.007381031552e-02,7.612484969940e-04,pchip_internal_1nm
1040,-7.882100000000e-02,-7.882100000000e-02,6.820000000000e-04,source_node_2nm
1041,-7.779498668694e-02,-7.779498668694e-02,7.612484969940e-04,pchip_internal_1nm
1042,-7.665700000000e-02,-7.665700000000e-02,9.020000000000e-04,source_node_2nm
1043,-7.464477010856e-02,-7.464477010856e-02,1.072251503006e-03,pchip_internal_1nm
1044,-7.272000000000e-02,-7.272000000000e-02,1.181000000000e-03,source_node_2nm
1045,-7.181860412871e-02,-7.181860412871e-02,1.181000000000e-03,pchip_internal_1nm
1046,-7.094900000000e-02,-7.094900000000e-02,1.181000000000e-03,source_node_2nm
1047,-6.940520376314e-02,-6.940520376314e-02,9.315000000000e-04,pchip_internal_1nm
1048,-6.760400000000e-02,-6.760400000000e-02,6.820000000000e-04,source_node_2nm
1049,-6.584143208836e-02,-6.584143208836e-02,7.612484969940e-04,pchip_internal_1nm
1050,-6.425800000000e-02,-6.425800000000e-02,9.020000000000e-04,source_node_2nm
1051,-6.317550000000e-02,-6.317550000000e-02,1.072251503006e-03,pchip_internal_1nm
1052,-6.209300000000e-02,-6.209300000000e-02,1.181000000000e-03,source_node_2nm
1053,-6.046911480878e-02,-6.046911480878e-02,9.315000000000e-04,pchip_internal_1nm
1054,-5.874700000000e-02,-5.874700000000e-02,6.820000000000e-04,source_node_2nm
1055,-5.726126986540e-02,-5.726126986540e-02,7.920000000000e-04,pchip_internal_1nm
1056,-5.599200000000e-02,-5.599200000000e-02,9.020000000000e-04,source_node_2nm
1057,-5.509002635410e-02,-5.509002635410e-02,9.020000000000e-04,pchip_internal_1nm
1058,-5.422100000000e-02,-5.422100000000e-02,9.020000000000e-04,source_node_2nm
1059,-5.312438265707e-02,-5.312438265707e-02,9.020000000000e-04,pchip_internal_1nm
1060,-5.185900000000e-02,-5.185900000000e-02,9.020000000000e-04,source_node_2nm
1061,-5.028441835994e-02,-5.028441835994e-02,7.920000000000e-04,pchip_internal_1nm
1062,-4.871000000000e-02,-4.871000000000e-02,6.820000000000e-04,source_node_2nm
1063,-4.744515306832e-02,-4.744515306832e-02,7.920000000000e-04,pchip_internal_1nm
1064,-4.634900000000e-02,-4.634900000000e-02,9.020000000000e-04,source_node_2nm
1065,-4.545405030482e-02,-4.545405030482e-02,7.920000000000e-04,pchip_internal_1nm
1066,-4.457800000000e-02,-4.457800000000e-02,6.820000000000e-04,source_node_2nm
1067,-4.349550000000e-02,-4.349550000000e-02,7.920000000000e-04,pchip_internal_1nm
1068,-4.241300000000e-02,-4.241300000000e-02,9.020000000000e-04,source_node_2nm
1069,-4.151705985548e-02,-4.151705985548e-02,9.020000000000e-04,pchip_internal_1nm
1070,-4.064200000000e-02,-4.064200000000e-02,9.020000000000e-04,source_node_2nm
1071,-3.967046763118e-02,-3.967046763118e-02,8.082179487179e-04,pchip_internal_1nm
1072,-3.867300000000e-02,-3.867300000000e-02,6.820000000000e-04,source_node_2nm
1073,-3.770060644133e-02,-3.770060644133e-02,6.365767726897e-04,pchip_internal_1nm
1074,-3.670500000000e-02,-3.670500000000e-02,5.900000000000e-04,source_node_2nm
1075,-3.553443653833e-02,-3.553443653833e-02,4.487052785924e-04,pchip_internal_1nm
1076,-3.454100000000e-02,-3.454100000000e-02,3.410000000000e-04,source_node_2nm
1077,-3.404902441872e-02,-3.404902441872e-02,5.115000000000e-04,pchip_internal_1nm
1078,-3.355700000000e-02,-3.355700000000e-02,6.820000000000e-04,source_node_2nm
1079,-3.258777181840e-02,-3.258777181840e-02,6.360000000000e-04,pchip_internal_1nm
1080,-3.139200000000e-02,-3.139200000000e-02,5.900000000000e-04,source_node_2nm
1081,-3.019698259471e-02,-3.019698259471e-02,5.900000000000e-04,pchip_internal_1nm
1082,-2.903000000000e-02,-2.903000000000e-02,5.900000000000e-04,source_node_2nm
1083,-2.803534132742e-02,-2.803534132742e-02,6.360000000000e-04,pchip_internal_1nm
1084,-2.706200000000e-02,-2.706200000000e-02,6.820000000000e-04,source_node_2nm
1085,-2.603402178756e-02,-2.603402178756e-02,6.360000000000e-04,pchip_internal_1nm
1086,-2.489700000000e-02,-2.489700000000e-02,5.900000000000e-04,source_node_2nm
1087,-2.345136674549e-02,-2.345136674549e-02,5.900000000000e-04,pchip_internal_1nm
1088,-2.194500000000e-02,-2.194500000000e-02,5.900000000000e-04,source_node_2nm
1089,-2.060145389518e-02,-2.060145389518e-02,4.655000000000e-04,pchip_internal_1nm
1090,-1.938700000000e-02,-1.938700000000e-02,3.410000000000e-04,source_node_2nm
1091,-1.840304725689e-02,-1.840304725689e-02,3.410000000000e-04,pchip_internal_1nm
1092,-1.741900000000e-02,-1.741900000000e-02,3.410000000000e-04,source_node_2nm
1093,-1.621432315541e-02,-1.621432315541e-02,4.487052785924e-04,pchip_internal_1nm
1094,-1.486000000000e-02,-1.486000000000e-02,5.900000000000e-04,source_node_2nm
1095,-1.329991820141e-02,-1.329991820141e-02,6.527947214076e-04,pchip_internal_1nm
1096,-1.171100000000e-02,-1.171100000000e-02,6.820000000000e-04,source_node_2nm
1097,-1.040114818258e-02,-1.040114818258e-02,6.360000000000e-04,pchip_internal_1nm
1098,-8.956000000000e-03,-8.956000000000e-03,5.900000000000e-04,source_node_2nm
1099,-6.872870152447e-03,-6.872870152447e-03,5.900000000000e-04,pchip_internal_1nm
1100,-4.233000000000e-03,-4.233000000000e-03,5.900000000000e-04,source_node_2nm
