canonical,family,relative_path,file,size_bytes,sha256
True,aerosol_ahmad2010_accurt_mie,aerosol/aerosol_ahmad2010_accurt_mie/r30f00v01.mie,r30f00v01.mie,24958829,8b713fcbf5212b3e18e32c454b2af4b6bff3df9c9ed9db2b1ea14dd4b442255d
True,aerosol_ahmad2010_accurt_mie,aerosol/aerosol_ahmad2010_accurt_mie/r30f01v01.mie,r30f01v01.mie,24958829,f4cb613b867c2cfa99e527e15863f0838732fed32727d6052f2901e136ae3ae4
True,aerosol_ahmad2010_accurt_mie,aerosol/aerosol_ahmad2010_accurt_mie/r30f02v01.mie,r30f02v01.mie,24958829,a072f463ba9f9a74649f0496242703aca8985598251b7d0ba9e98cbaed0790e2
True,aerosol_ahmad2010_accurt_mie,aerosol/aerosol_ahmad2010_accurt_mie/r30f05v01.mie,r30f05v01.mie,24958829,b066d50b54bc208c4cd1ebb878704d0d07620a60034d6127e5c2ad5ca3fbea2f
True,aerosol_ahmad2010_accurt_mie,aerosol/aerosol_ahmad2010_accurt_mie/r30f10v01.mie,r30f10v01.mie,24958829,e19eb1522de454c5e27b57b95517ec6d2d0c5ffc32e3f5bf2bbe219d4306c7c2
True,aerosol_ahmad2010_accurt_mie,aerosol/aerosol_ahmad2010_accurt_mie/r30f20v01.mie,r30f20v01.mie,24958829,58760e75ff8933a0b91f98077f0c2fed2efd8eefb9e7b4e22e7bf19bcf6929cb
True,aerosol_ahmad2010_accurt_mie,aerosol/aerosol_ahmad2010_accurt_mie/r30f30v01.mie,r30f30v01.mie,24958829,6738d96e762df8ecb0f71cfc25a74435ac9af14b7db69e675da06abc744fc7e5
True,aerosol_ahmad2010_accurt_mie,aerosol/aerosol_ahmad2010_accurt_mie/r30f50v01.mie,r30f50v01.mie,24958829,221cb684b823773cb76d181252adf98ce5cfc633efb21b1a3c5dceb6f10ba6a2
True,aerosol_ahmad2010_accurt_mie,aerosol/aerosol_ahmad2010_accurt_mie/r30f80v01.mie,r30f80v01.mie,24958829,a5cedce0c78a1f21af0b638bd75ca6a86e1244243e25d968e30a79b8f9c22ff0
True,aerosol_ahmad2010_accurt_mie,aerosol/aerosol_ahmad2010_accurt_mie/r30f95v01.mie,r30f95v01.mie,24958829,1a6248520082ee8babd6ecce6af8f972a203a8dc248ffa15e50f901055e7e765
True,aerosol_ahmad2010_accurt_mie,aerosol/aerosol_ahmad2010_accurt_mie/r50f00v01.mie,r50f00v01.mie,24958829,97b4a43e1ad380f4d569f9c60490a0f855e912f2691fcfc422268e3a298efccb
True,aerosol_ahmad2010_accurt_mie,aerosol/aerosol_ahmad2010_accurt_mie/r50f01v01.mie,r50f01v01.mie,24958829,1b5752e186ca4458161bb7dfa7a7dffd6de8117c94bbcbac7efbc1a2d3f88b13
True,aerosol_ahmad2010_accurt_mie,aerosol/aerosol_ahmad2010_accurt_mie/r50f02v01.mie,r50f02v01.mie,24958829,bef5df42bf406228e72aaf5065c80efc3ffaa4b2ca1ac0cad9795b0ad9e4778b
True,aerosol_ahmad2010_accurt_mie,aerosol/aerosol_ahmad2010_accurt_mie/r50f05v01.mie,r50f05v01.mie,24958829,9351a49f77222feb42f07674fc291726cf92b0be713aad7f61e02bb8263a4737
True,aerosol_ahmad2010_accurt_mie,aerosol/aerosol_ahmad2010_accurt_mie/r50f10v01.mie,r50f10v01.mie,24958829,b4b9a1826d99c5e2e0bb0d05560bcbd089d8cf6202a74b33a8cc5f0a7da121e5
True,aerosol_ahmad2010_accurt_mie,aerosol/aerosol_ahmad2010_accurt_mie/r50f20v01.mie,r50f20v01.mie,24958829,2625fdc47af81259df894af65b2aa7613fff9fbf67d618a9d204e2462c66029f
True,aerosol_ahmad2010_accurt_mie,aerosol/aerosol_ahmad2010_accurt_mie/r50f30v01.mie,r50f30v01.mie,24958829,a0bf9dbf9fe4e7ff5e84731a4f3d806ad38bb1af8eebe21e8d426e186c68a17d
True,aerosol_ahmad2010_accurt_mie,aerosol/aerosol_ahmad2010_accurt_mie/r50f50v01.mie,r50f50v01.mie,24958829,d4090c4cbf2fb4d329afbe0526d26abc325207ec9fc686fdf8ffb3f686162bc5
True,aerosol_ahmad2010_accurt_mie,aerosol/aerosol_ahmad2010_accurt_mie/r50f80v01.mie,r50f80v01.mie,24958829,2a94774553304cabaa8ae5c769e71be6e1cdeee933699130bdfb4a4c85168885
True,aerosol_ahmad2010_accurt_mie,aerosol/aerosol_ahmad2010_accurt_mie/r50f95v01.mie,r50f95v01.mie,24958829,0a598fc945f90f13d69dff231da1571bc020b3df928d9910d61ed87f57c1b8dc
True,aerosol_ahmad2010_accurt_mie,aerosol/aerosol_ahmad2010_accurt_mie/r70f00v01.mie,r70f00v01.mie,24958829,a1b961b484b2c7faf2aa75e7e6bec75876b267343d732a663d7b794320dfa3b7
True,aerosol_ahmad2010_accurt_mie,aerosol/aerosol_ahmad2010_accurt_mie/r70f01v01.mie,r70f01v01.mie,24958829,12e7b28e7f4059f1efa92cf0a18e22c8ee8969f32b4262f5730425ccdb02385b
True,aerosol_ahmad2010_accurt_mie,aerosol/aerosol_ahmad2010_accurt_mie/r70f02v01.mie,r70f02v01.mie,24958829,c36bb5a37e18b746d1f79296c05d96d78016ba0af26b6d0a0751741c7cb3a349
True,aerosol_ahmad2010_accurt_mie,aerosol/aerosol_ahmad2010_accurt_mie/r70f05v01.mie,r70f05v01.mie,24958829,7e7b0889de001a506cc4df18919abb8a06dda59c93d8d71dc49144e342e42702
True,aerosol_ahmad2010_accurt_mie,aerosol/aerosol_ahmad2010_accurt_mie/r70f10v01.mie,r70f10v01.mie,24958829,1a063ff3b7a811945516be51373e40009d1c313f312973a6f8b7c4cfd10522ba
True,aerosol_ahmad2010_accurt_mie,aerosol/aerosol_ahmad2010_accurt_mie/r70f20v01.mie,r70f20v01.mie,24958829,c31294e41e1f054cba2221ee9284750d21b7be8e646bf96f68f7485cb12c4a32
True,aerosol_ahmad2010_accurt_mie,aerosol/aerosol_ahmad2010_accurt_mie/r70f30v01.mie,r70f30v01.mie,24958829,bce2ee83486161111c5a7d6f0dca92cd2461a07a59ee5e883f3c5c0353f3daab
True,aerosol_ahmad2010_accurt_mie,aerosol/aerosol_ahmad2010_accurt_mie/r70f50v01.mie,r70f50v01.mie,24958829,32e0520dd99412064effd75f875caa63f4c6e7c99af82b6fa856baa9da6fe1ff
True,aerosol_ahmad2010_accurt_mie,aerosol/aerosol_ahmad2010_accurt_mie/r70f80v01.mie,r70f80v01.mie,24958829,cf572b3f09568f6c55f01d27786e14b7caa7f221ebe7e20a631eb4a64f99b551
True,aerosol_ahmad2010_accurt_mie,aerosol/aerosol_ahmad2010_accurt_mie/r70f95v01.mie,r70f95v01.mie,24958829,650a7159e8c304c373c4990343e2979d3e1672ed5983cf81f9f323213cac62cb
True,aerosol_ahmad2010_accurt_mie,aerosol/aerosol_ahmad2010_accurt_mie/r75f00v01.mie,r75f00v01.mie,24958829,e076e5f5147fc94213f7ead910db0a1491700e31735701b708cc908bf272cdd1
True,aerosol_ahmad2010_accurt_mie,aerosol/aerosol_ahmad2010_accurt_mie/r75f01v01.mie,r75f01v01.mie,24958829,4895f192ca861cff414818a057a7708b4f697df1bc20a52bde4afbf8a16682e5
True,aerosol_ahmad2010_accurt_mie,aerosol/aerosol_ahmad2010_accurt_mie/r75f02v01.mie,r75f02v01.mie,24958829,e60d2b9b3f1d52704ed69c6dd3922d32bf19ec02add7d7be781ac0e74f31645d
True,aerosol_ahmad2010_accurt_mie,aerosol/aerosol_ahmad2010_accurt_mie/r75f05v01.mie,r75f05v01.mie,24958829,73b992bbc8ab0bfd7e06d9b406dd431da2c12c82cec21f5583b4f82f2980c784
True,aerosol_ahmad2010_accurt_mie,aerosol/aerosol_ahmad2010_accurt_mie/r75f10v01.mie,r75f10v01.mie,24958829,531bdd5becdabba42524d7cbeb6971fd28712864feaf5a292238ac4f087884c4
True,aerosol_ahmad2010_accurt_mie,aerosol/aerosol_ahmad2010_accurt_mie/r75f20v01.mie,r75f20v01.mie,24958829,b0df116f7e4ea7de421f99172f271babbdadf67c2ed2edd3060c27d58b94a519
True,aerosol_ahmad2010_accurt_mie,aerosol/aerosol_ahmad2010_accurt_mie/r75f30v01.mie,r75f30v01.mie,24958829,3d5629f06c090ddee996bf717915fa6fb2a6156e06afceb38d19fc5b9e253c2e
True,aerosol_ahmad2010_accurt_mie,aerosol/aerosol_ahmad2010_accurt_mie/r75f50v01.mie,r75f50v01.mie,24958829,559d5b25498798e1008c65ee19d45859c39ba805ce53f1e69f631eeced1a0d91
True,aerosol_ahmad2010_accurt_mie,aerosol/aerosol_ahmad2010_accurt_mie/r75f80v01.mie,r75f80v01.mie,24958829,7b55ca6665a171d6dc81d23de0b6a9ba191a651029be2cb9c07c70ad51a84f79
True,aerosol_ahmad2010_accurt_mie,aerosol/aerosol_ahmad2010_accurt_mie/r75f95v01.mie,r75f95v01.mie,24958829,ddeba6da3af8fb2eb19bb846523da56ca153a7c688c326e93bc2e326d606c0bb
True,aerosol_ahmad2010_accurt_mie,aerosol/aerosol_ahmad2010_accurt_mie/r80f00v01.mie,r80f00v01.mie,24958829,e306ca4e7d0dab4330f937ed429eec36d1b2c5b178326e4c1a4ee88385895969
True,aerosol_ahmad2010_accurt_mie,aerosol/aerosol_ahmad2010_accurt_mie/r80f01v01.mie,r80f01v01.mie,24958829,c2d76e9bf9062efc6494347cf48e0729fc4d204d3f66349e6eb584171eaa44e9
True,aerosol_ahmad2010_accurt_mie,aerosol/aerosol_ahmad2010_accurt_mie/r80f02v01.mie,r80f02v01.mie,24958829,a5fe241d6891ec77bf881d73e36c078e9daa4b97a06b9d7bbe69bf5e1b81fe3a
True,aerosol_ahmad2010_accurt_mie,aerosol/aerosol_ahmad2010_accurt_mie/r80f05v01.mie,r80f05v01.mie,24958829,7ecb6bb8d22042362eb3eeafd626b3ed43ee3243fe1f731aa295a49cab7cbef8
True,aerosol_ahmad2010_accurt_mie,aerosol/aerosol_ahmad2010_accurt_mie/r80f10v01.mie,r80f10v01.mie,24958829,4e679f247a18d252183b65bbabbcccd5355a4446b61ae29528692bc6ab3a4f98
True,aerosol_ahmad2010_accurt_mie,aerosol/aerosol_ahmad2010_accurt_mie/r80f20v01.mie,r80f20v01.mie,24958829,841a0e6056abbe9a48b5fb4a4ea7c71179f44e34daa79b9181d3a3ce58d514cf
True,aerosol_ahmad2010_accurt_mie,aerosol/aerosol_ahmad2010_accurt_mie/r80f30v01.mie,r80f30v01.mie,24958829,a4c098cec67331c9d19244e68e04b9d79a3583b0d41531adccafb9a332335a77
True,aerosol_ahmad2010_accurt_mie,aerosol/aerosol_ahmad2010_accurt_mie/r80f50v01.mie,r80f50v01.mie,24958829,eed44ab769ac522c60a16e7dba748e6bfad4b53ec916bc367f4850ec31c74f57
True,aerosol_ahmad2010_accurt_mie,aerosol/aerosol_ahmad2010_accurt_mie/r80f80v01.mie,r80f80v01.mie,24958829,84b2d14cbe1024b8d1cb0f1fbe335c90c2b24d44bc4000d7ccdcee7e755d2d80
True,aerosol_ahmad2010_accurt_mie,aerosol/aerosol_ahmad2010_accurt_mie/r80f95v01.mie,r80f95v01.mie,24958829,f8c510b11e8ada2f20889e4ca51c77528c3dad0c7e85706c1596bf8e5bad9cc4
True,aerosol_ahmad2010_accurt_mie,aerosol/aerosol_ahmad2010_accurt_mie/r85f00v01.mie,r85f00v01.mie,24958829,966411fdb991a9c2b969403c54d987ea231462ac9e887544b7fbc199c054baa2
True,aerosol_ahmad2010_accurt_mie,aerosol/aerosol_ahmad2010_accurt_mie/r85f01v01.mie,r85f01v01.mie,24958829,397e287b98c89268cc7eb0b8e06fc44c2a09746110d673d731e49b3684042610
True,aerosol_ahmad2010_accurt_mie,aerosol/aerosol_ahmad2010_accurt_mie/r85f02v01.mie,r85f02v01.mie,24958829,9bd5e4f5775b8687cc777cf02cd4a54e4b1e129564e1c36a6bde85a99e3e67e4
True,aerosol_ahmad2010_accurt_mie,aerosol/aerosol_ahmad2010_accurt_mie/r85f05v01.mie,r85f05v01.mie,24958829,d4decd75ca52e1cf391cd11b88be6e4ae5c629130e4e946ae39329501445dc4f
True,aerosol_ahmad2010_accurt_mie,aerosol/aerosol_ahmad2010_accurt_mie/r85f10v01.mie,r85f10v01.mie,24958829,327c5b7866ea4edf26abf773d02e2a815a8b7b1affc1cf0145110d08c840c6a2
True,aerosol_ahmad2010_accurt_mie,aerosol/aerosol_ahmad2010_accurt_mie/r85f20v01.mie,r85f20v01.mie,24958829,62d791bcb41a7b9216996ac3f54ca023da673bcc2cb353c9ce81322e6249ba85
True,aerosol_ahmad2010_accurt_mie,aerosol/aerosol_ahmad2010_accurt_mie/r85f30v01.mie,r85f30v01.mie,24958829,404dcee7864366743a0742ea9e564ca2173df6e6c779051b62a2c6563128843c
True,aerosol_ahmad2010_accurt_mie,aerosol/aerosol_ahmad2010_accurt_mie/r85f50v01.mie,r85f50v01.mie,24958829,f2801a4fa1ff3795ef6454ddc97ef26691eb8d2c1a0047baf3cc3d700964fe93
True,aerosol_ahmad2010_accurt_mie,aerosol/aerosol_ahmad2010_accurt_mie/r85f80v01.mie,r85f80v01.mie,24958829,7729396a25e9a0d7cc2955379e212f3143824c8337d913c95de456fc1bb7479a
True,aerosol_ahmad2010_accurt_mie,aerosol/aerosol_ahmad2010_accurt_mie/r85f95v01.mie,r85f95v01.mie,24958829,d3d86899f8e5f75670d2d80bb54087e7cd3108f2b6ba403c8f5dea0b12a1debe
True,aerosol_ahmad2010_accurt_mie,aerosol/aerosol_ahmad2010_accurt_mie/r90f00v01.mie,r90f00v01.mie,24958829,61f44b46d2665cec117f34f2bd316763fde228dd6b9a097bc2ec10615303ed3b
True,aerosol_ahmad2010_accurt_mie,aerosol/aerosol_ahmad2010_accurt_mie/r90f01v01.mie,r90f01v01.mie,24958829,f1eb430ecf2a032b40909abb74b226c949d91dc7eae63756e0d600b482e24422
True,aerosol_ahmad2010_accurt_mie,aerosol/aerosol_ahmad2010_accurt_mie/r90f02v01.mie,r90f02v01.mie,24958829,2ec2acad7b054069f209594afbd8e5de1116ed36974c3fd214ca47b897ee0075
True,aerosol_ahmad2010_accurt_mie,aerosol/aerosol_ahmad2010_accurt_mie/r90f05v01.mie,r90f05v01.mie,24958829,19909078b2bae85e8932624791a0e4a3b0535fe7e4c4886d823d2b16530040fc
True,aerosol_ahmad2010_accurt_mie,aerosol/aerosol_ahmad2010_accurt_mie/r90f10v01.mie,r90f10v01.mie,24958829,1beecd871ce373f8c37d29bbd1b68b23c108a675d88316f531516d33ffcbc17e
True,aerosol_ahmad2010_accurt_mie,aerosol/aerosol_ahmad2010_accurt_mie/r90f20v01.mie,r90f20v01.mie,24958829,dfccd86604d18daf70bc02897c24d85fec28e5828304b11d92d6b554c381ebd9
True,aerosol_ahmad2010_accurt_mie,aerosol/aerosol_ahmad2010_accurt_mie/r90f30v01.mie,r90f30v01.mie,24958829,d59daa9b088d1433b54d482c22eb2dab1543d519350aef9809964d1a90282479
True,aerosol_ahmad2010_accurt_mie,aerosol/aerosol_ahmad2010_accurt_mie/r90f50v01.mie,r90f50v01.mie,24958829,092cadff70f3549cded1a6aa5a837c1298c363f9a9e2c659c323cb47fd4bcb29
True,aerosol_ahmad2010_accurt_mie,aerosol/aerosol_ahmad2010_accurt_mie/r90f80v01.mie,r90f80v01.mie,24958829,6b0f9802c3370df87b13d9c2b5cb390eccf9f2eadf6bd6187e01e3593e9c39ba
True,aerosol_ahmad2010_accurt_mie,aerosol/aerosol_ahmad2010_accurt_mie/r90f95v01.mie,r90f95v01.mie,24958829,21a660b3e19189f11ca3b432f654729173a405bd20195f0dc3c16fb5c55116ed
True,aerosol_ahmad2010_accurt_mie,aerosol/aerosol_ahmad2010_accurt_mie/r95f00v01.mie,r95f00v01.mie,24958829,069c4aadb53735d110a7a962f1fd47872200f5e36bbc214f6ec462f19f4090de
True,aerosol_ahmad2010_accurt_mie,aerosol/aerosol_ahmad2010_accurt_mie/r95f01v01.mie,r95f01v01.mie,24958829,85173e289abffcf4b62dcdc79e78eb47e7d79fa83295f12571748cef3b109ef0
True,aerosol_ahmad2010_accurt_mie,aerosol/aerosol_ahmad2010_accurt_mie/r95f02v01.mie,r95f02v01.mie,24958829,61b1f93e436d1efff8069d09cedb82818ef80483f70324a63a192fe1f8deb8b4
True,aerosol_ahmad2010_accurt_mie,aerosol/aerosol_ahmad2010_accurt_mie/r95f05v01.mie,r95f05v01.mie,24958829,7bf9ed030d6907e36bfa598e532abab791bb46520764d34882385082d8fa9c69
True,aerosol_ahmad2010_accurt_mie,aerosol/aerosol_ahmad2010_accurt_mie/r95f10v01.mie,r95f10v01.mie,24958829,b33384ff5629b611cdb90d3e63bccfe56c61f0790206c65fcd964b5975ce5a91
True,aerosol_ahmad2010_accurt_mie,aerosol/aerosol_ahmad2010_accurt_mie/r95f20v01.mie,r95f20v01.mie,24958829,597a33b3673e69aa17b7e7fa6500e9e05793f3c98060527708988eb2962a800a
True,aerosol_ahmad2010_accurt_mie,aerosol/aerosol_ahmad2010_accurt_mie/r95f30v01.mie,r95f30v01.mie,24958829,622a06817faabad606a10b73434b2e7494606a1fc14b3bb411cfc6c9c267f18c
True,aerosol_ahmad2010_accurt_mie,aerosol/aerosol_ahmad2010_accurt_mie/r95f50v01.mie,r95f50v01.mie,24958829,a5400bf017d621d8a0be4966e93ef5ec1e4f7f0eb8908b50944e67073eeb772b
True,aerosol_ahmad2010_accurt_mie,aerosol/aerosol_ahmad2010_accurt_mie/r95f80v01.mie,r95f80v01.mie,24958829,96b611cf7e0c39823a8eab35976bdb51996b8c1b59ca30c0e605d1640d85e817
True,aerosol_ahmad2010_accurt_mie,aerosol/aerosol_ahmad2010_accurt_mie/r95f95v01.mie,r95f95v01.mie,24958829,43173d10bed0ec65284b762a3d3b1e5251fed02cf34ab7e49634f8005b5875fb
True,aerosol_ahmad2010_paper_mie,aerosol/aerosol_ahmad2010_paper_mie/A2010ver_r30f00v01.mie,A2010ver_r30f00v01.mie,24958829,52866f8eaaa6ae39f6786d9bbc88d8c2e76ff944fbcc0b1814f30eec21995cdf
True,aerosol_ahmad2010_paper_mie,aerosol/aerosol_ahmad2010_paper_mie/A2010ver_r30f01v01.mie,A2010ver_r30f01v01.mie,24958829,e4c2eed91ed3e52c462d4e8f0d7dd71edfd06326bee30bf87de781871bf17572
True,aerosol_ahmad2010_paper_mie,aerosol/aerosol_ahmad2010_paper_mie/A2010ver_r30f02v01.mie,A2010ver_r30f02v01.mie,24958829,1cd34528d7effacf0900b04b59c88d3098d1448dfbc25fbc80462256c8f4e19b
True,aerosol_ahmad2010_paper_mie,aerosol/aerosol_ahmad2010_paper_mie/A2010ver_r30f05v01.mie,A2010ver_r30f05v01.mie,24958829,0fedc0b5a6250b1723d332c625532636a7e6c4738010e880e98240c96a220973
True,aerosol_ahmad2010_paper_mie,aerosol/aerosol_ahmad2010_paper_mie/A2010ver_r30f10v01.mie,A2010ver_r30f10v01.mie,24958829,4b3265a7a7a7d8bd8665431141af2e89060d6bb18aee921b473ddefae50c4ca2
True,aerosol_ahmad2010_paper_mie,aerosol/aerosol_ahmad2010_paper_mie/A2010ver_r30f20v01.mie,A2010ver_r30f20v01.mie,24958829,0238dae15b529fa9eb43a36680dc4028e95218b0d5ba8b29a9fdf5862b70f84d
True,aerosol_ahmad2010_paper_mie,aerosol/aerosol_ahmad2010_paper_mie/A2010ver_r30f30v01.mie,A2010ver_r30f30v01.mie,24958829,fb2ae813244edd5d5ef391476183fed7b9da5a2f709e75ba50482e9a299c9649
True,aerosol_ahmad2010_paper_mie,aerosol/aerosol_ahmad2010_paper_mie/A2010ver_r30f50v01.mie,A2010ver_r30f50v01.mie,24958829,4ff0c0edb8159a3a132d88fed657c999325eb4ba9a6c8384381894ead69aa110
True,aerosol_ahmad2010_paper_mie,aerosol/aerosol_ahmad2010_paper_mie/A2010ver_r30f80v01.mie,A2010ver_r30f80v01.mie,24958829,fa40d039ed6ebb39202149e1bd4f63fa172e5ce0fea4d729668450b42e4a7b1e
True,aerosol_ahmad2010_paper_mie,aerosol/aerosol_ahmad2010_paper_mie/A2010ver_r30f95v01.mie,A2010ver_r30f95v01.mie,24958829,afcc29923cdcb7041c914427d279d953ff548e316b6acd4b25f7bda7a2be7a94
True,aerosol_ahmad2010_paper_mie,aerosol/aerosol_ahmad2010_paper_mie/A2010ver_r50f00v01.mie,A2010ver_r50f00v01.mie,24958829,4c7e69304a81962b7eae85bd20c315922afbdb9df05c6f9d150c863043dbdbc3
True,aerosol_ahmad2010_paper_mie,aerosol/aerosol_ahmad2010_paper_mie/A2010ver_r50f01v01.mie,A2010ver_r50f01v01.mie,24958829,c8d4cca9d4402ca39fd4884e60d9835c8ab40d63dc9c445d6998aa4dc1d33752
True,aerosol_ahmad2010_paper_mie,aerosol/aerosol_ahmad2010_paper_mie/A2010ver_r50f02v01.mie,A2010ver_r50f02v01.mie,24958829,39d6421b2ebf4651c2c8e863c7087f1951fbd34af5b6daca2bf354363d32755a
True,aerosol_ahmad2010_paper_mie,aerosol/aerosol_ahmad2010_paper_mie/A2010ver_r50f05v01.mie,A2010ver_r50f05v01.mie,24958829,fd9e51c2f830bd3fd3b007b2a8cffd9fed963c3b584938c2a43157376cfe7121
True,aerosol_ahmad2010_paper_mie,aerosol/aerosol_ahmad2010_paper_mie/A2010ver_r50f10v01.mie,A2010ver_r50f10v01.mie,24958829,7b0a363a2e98324edccb09285b90309fff0282a1bdc9ca3ff4826feb8a522265
True,aerosol_ahmad2010_paper_mie,aerosol/aerosol_ahmad2010_paper_mie/A2010ver_r50f20v01.mie,A2010ver_r50f20v01.mie,24958829,d007714427f5b51a9eef7df34877dcf3673d412aab9637ebe6dfc2c7f8d007f3
True,aerosol_ahmad2010_paper_mie,aerosol/aerosol_ahmad2010_paper_mie/A2010ver_r50f30v01.mie,A2010ver_r50f30v01.mie,24958829,76ed4ddb93bc1554cc8df92a34736ca30bb3174b6e124d5e6d42aeba8b071b30
True,aerosol_ahmad2010_paper_mie,aerosol/aerosol_ahmad2010_paper_mie/A2010ver_r50f50v01.mie,A2010ver_r50f50v01.mie,24958829,e8ddf7e2af9aadcbe7a7a93606112501192e4bf9715d885a91e8da53001e28b5
True,aerosol_ahmad2010_paper_mie,aerosol/aerosol_ahmad2010_paper_mie/A2010ver_r50f80v01.mie,A2010ver_r50f80v01.mie,24958829,cbfd602c6c3ce06efdd00181522bfc1134da6aed55155ed2044fc0e0abd9aa35
True,aerosol_ahmad2010_paper_mie,aerosol/aerosol_ahmad2010_paper_mie/A2010ver_r50f95v01.mie,A2010ver_r50f95v01.mie,24958829,d3bea2edd8721ef2b961453bb980a2c912d8a003c8f76b36ecbaf884694c35cc
True,aerosol_ahmad2010_paper_mie,aerosol/aerosol_ahmad2010_paper_mie/A2010ver_r70f00v01.mie,A2010ver_r70f00v01.mie,24958829,5d42c4f944d2f495fa9c785dc5a6fa9a3626ec85176a26bc1fd4a42653956d64
True,aerosol_ahmad2010_paper_mie,aerosol/aerosol_ahmad2010_paper_mie/A2010ver_r70f01v01.mie,A2010ver_r70f01v01.mie,24958829,15a571c13bce432023e1616f1191d80824c66037a26632fe2b33643f697f0a92
True,aerosol_ahmad2010_paper_mie,aerosol/aerosol_ahmad2010_paper_mie/A2010ver_r70f02v01.mie,A2010ver_r70f02v01.mie,24958829,859571588956e7a73d4a447e5719716e1673b4f6d760a19f474a167bb7765d76
True,aerosol_ahmad2010_paper_mie,aerosol/aerosol_ahmad2010_paper_mie/A2010ver_r70f05v01.mie,A2010ver_r70f05v01.mie,24958829,834034e1ec3aeb69ba666836b23d0adca4926b2a5811af3988736607f789adca
True,aerosol_ahmad2010_paper_mie,aerosol/aerosol_ahmad2010_paper_mie/A2010ver_r70f10v01.mie,A2010ver_r70f10v01.mie,24958829,1f9974ae06b774f4b53af2589dfbe86f32835405befef3f6fa6052b7641c3f1e
True,aerosol_ahmad2010_paper_mie,aerosol/aerosol_ahmad2010_paper_mie/A2010ver_r70f20v01.mie,A2010ver_r70f20v01.mie,24958829,e30e8c3cdc85c2a49c5652ef4d7ddab88ab1e14696edff22f3a111ff6c5fc42c
True,aerosol_ahmad2010_paper_mie,aerosol/aerosol_ahmad2010_paper_mie/A2010ver_r70f30v01.mie,A2010ver_r70f30v01.mie,24958829,3650c08d5c5a56350b82b835a71d60cabf8586a872eeda069f21bd2b16f2cbcb
True,aerosol_ahmad2010_paper_mie,aerosol/aerosol_ahmad2010_paper_mie/A2010ver_r70f50v01.mie,A2010ver_r70f50v01.mie,24958829,f7772f59e43b8c7f0556617df319977deff2cb45519ed8fc3e58148d4305aa8e
True,aerosol_ahmad2010_paper_mie,aerosol/aerosol_ahmad2010_paper_mie/A2010ver_r70f80v01.mie,A2010ver_r70f80v01.mie,24958829,e3749e4dc2f46b2506dfc2159b1574ef16c3746b9d7ef9cf3b204f75d08621bd
True,aerosol_ahmad2010_paper_mie,aerosol/aerosol_ahmad2010_paper_mie/A2010ver_r70f95v01.mie,A2010ver_r70f95v01.mie,24958829,3d3a21a3272e6dfda8b7c5c199e81d71dc1d3152d22fdd93d8ad55f3c42ad473
True,aerosol_ahmad2010_paper_mie,aerosol/aerosol_ahmad2010_paper_mie/A2010ver_r75f00v01.mie,A2010ver_r75f00v01.mie,24958829,3c64c1a8f7ed471c332f01333e68d6003a36d7b18241113c56486fbee9c60d28
True,aerosol_ahmad2010_paper_mie,aerosol/aerosol_ahmad2010_paper_mie/A2010ver_r75f01v01.mie,A2010ver_r75f01v01.mie,24958829,006b628686c2a9087c7d45126cf917cc93d18f9f10121ce2a2d4832cb905fee4
True,aerosol_ahmad2010_paper_mie,aerosol/aerosol_ahmad2010_paper_mie/A2010ver_r75f02v01.mie,A2010ver_r75f02v01.mie,24958829,db6975a2c1cd3338d1c494ca8b2bb2012c5128acce828512aacbc91ce0501650
True,aerosol_ahmad2010_paper_mie,aerosol/aerosol_ahmad2010_paper_mie/A2010ver_r75f05v01.mie,A2010ver_r75f05v01.mie,24958829,2e6712b605bf4f4f0e862de96ecd14fa01c05120b04656b05c919290f1dde172
True,aerosol_ahmad2010_paper_mie,aerosol/aerosol_ahmad2010_paper_mie/A2010ver_r75f10v01.mie,A2010ver_r75f10v01.mie,24958829,0926a690a6385535115270fe160a9915064f804cfddafc9646c5ea1807b39cba
True,aerosol_ahmad2010_paper_mie,aerosol/aerosol_ahmad2010_paper_mie/A2010ver_r75f20v01.mie,A2010ver_r75f20v01.mie,24958829,898c8a29f878f88decca7d8b79c1a46afe6d138548567a06e4fe15d5c0b40d10
True,aerosol_ahmad2010_paper_mie,aerosol/aerosol_ahmad2010_paper_mie/A2010ver_r75f30v01.mie,A2010ver_r75f30v01.mie,24958829,5ce7a66c90b35044318804b3413fc867a0afdc5ab2cfcc8a9e88449f1a9e9e63
True,aerosol_ahmad2010_paper_mie,aerosol/aerosol_ahmad2010_paper_mie/A2010ver_r75f50v01.mie,A2010ver_r75f50v01.mie,24958829,e0af35632246dcbd3e669f743ec461e558e9cdc95d69bfb3bed50fb87f1d3f37
True,aerosol_ahmad2010_paper_mie,aerosol/aerosol_ahmad2010_paper_mie/A2010ver_r75f80v01.mie,A2010ver_r75f80v01.mie,24958829,ad5bcc2aabf3c5dfce3e400ab0b8f7479bbef0c1e60d26ea9900aa301f0fd510
True,aerosol_ahmad2010_paper_mie,aerosol/aerosol_ahmad2010_paper_mie/A2010ver_r75f95v01.mie,A2010ver_r75f95v01.mie,24958829,dc793af93b92c368b1c6d30e76dd288c374c06a736794b09453eac6c8c5c9fc6
True,aerosol_ahmad2010_paper_mie,aerosol/aerosol_ahmad2010_paper_mie/A2010ver_r80f00v01.mie,A2010ver_r80f00v01.mie,24958829,dc56fdb34bc41c52d118e0ab691017bf46f53162e4abd5c4c115851c2b171a92
True,aerosol_ahmad2010_paper_mie,aerosol/aerosol_ahmad2010_paper_mie/A2010ver_r80f01v01.mie,A2010ver_r80f01v01.mie,24958829,df734cad549d06a0663c898ba041b3e7689c263ad769ec8f80e9d4d9d0667232
True,aerosol_ahmad2010_paper_mie,aerosol/aerosol_ahmad2010_paper_mie/A2010ver_r80f02v01.mie,A2010ver_r80f02v01.mie,24958829,7ae45da84ddaff6ed3eb7b67066d174666ae4a5366e3180a826f8c858861b04b
True,aerosol_ahmad2010_paper_mie,aerosol/aerosol_ahmad2010_paper_mie/A2010ver_r80f05v01.mie,A2010ver_r80f05v01.mie,24958829,f28685d64c1624e40db210e9d3fb3b420023ba5d34d840ae37ac37f1cacb4eb4
True,aerosol_ahmad2010_paper_mie,aerosol/aerosol_ahmad2010_paper_mie/A2010ver_r80f10v01.mie,A2010ver_r80f10v01.mie,24958829,a59989bf43f5493559dbddaf265e8dcca258abc06ef1110fac6a23fed4131b25
True,aerosol_ahmad2010_paper_mie,aerosol/aerosol_ahmad2010_paper_mie/A2010ver_r80f20v01.mie,A2010ver_r80f20v01.mie,24958829,25efef7f3158742b1dbf836c66bc3318a2a25b8ee6fd4d6b82919f7518680caa
True,aerosol_ahmad2010_paper_mie,aerosol/aerosol_ahmad2010_paper_mie/A2010ver_r80f30v01.mie,A2010ver_r80f30v01.mie,24958829,e7a30c3636642b4382094ef799132138fbd005ace7d7d0a5389e653b4a45dce9
True,aerosol_ahmad2010_paper_mie,aerosol/aerosol_ahmad2010_paper_mie/A2010ver_r80f50v01.mie,A2010ver_r80f50v01.mie,24958829,47666d30470f793b540a21639186fe01b4eb23d6e90d6a18114453f04c9dcdd7
True,aerosol_ahmad2010_paper_mie,aerosol/aerosol_ahmad2010_paper_mie/A2010ver_r80f80v01.mie,A2010ver_r80f80v01.mie,24958829,da55ff3af63123ee2eddc1a1bcad8476616030b758ec10f41ff1fa712a42ad8c
True,aerosol_ahmad2010_paper_mie,aerosol/aerosol_ahmad2010_paper_mie/A2010ver_r80f95v01.mie,A2010ver_r80f95v01.mie,24958829,f52c97c34840acbad83d8b9bac914533166ee65d1d4492d931fda5c7ed5272cc
True,aerosol_ahmad2010_paper_mie,aerosol/aerosol_ahmad2010_paper_mie/A2010ver_r85f00v01.mie,A2010ver_r85f00v01.mie,24958829,6b346804a9c0fe5ec3c1bd43de91b92f89eac66fcec13550401f4bc7ae4ccb1d
True,aerosol_ahmad2010_paper_mie,aerosol/aerosol_ahmad2010_paper_mie/A2010ver_r85f01v01.mie,A2010ver_r85f01v01.mie,24958829,a31e014d7d8421f6c0ac8631639be97dc75d1699867952772525fe8fc414fb2e
True,aerosol_ahmad2010_paper_mie,aerosol/aerosol_ahmad2010_paper_mie/A2010ver_r85f02v01.mie,A2010ver_r85f02v01.mie,24958829,ef2a258d11f8098a4683aded66fe389f6ded9fbc7de60ba6a63c86f7d2459d73
True,aerosol_ahmad2010_paper_mie,aerosol/aerosol_ahmad2010_paper_mie/A2010ver_r85f05v01.mie,A2010ver_r85f05v01.mie,24958829,e96eb6a77c14fa3f1a18d010aafd8a69809afc36f88146673d78af8f53ad2651
True,aerosol_ahmad2010_paper_mie,aerosol/aerosol_ahmad2010_paper_mie/A2010ver_r85f10v01.mie,A2010ver_r85f10v01.mie,24958829,066ba6eeef55bab8b38d43c1a45c2e34ccefb6ed8e05c26de7f40961795e07c8
True,aerosol_ahmad2010_paper_mie,aerosol/aerosol_ahmad2010_paper_mie/A2010ver_r85f20v01.mie,A2010ver_r85f20v01.mie,24958829,be523215f1afa9dbf614e93858aa68274bab82177ac2681c4e6857cb30169918
True,aerosol_ahmad2010_paper_mie,aerosol/aerosol_ahmad2010_paper_mie/A2010ver_r85f30v01.mie,A2010ver_r85f30v01.mie,24958829,7578031dbb49fd52bf1ba7a9a898c99dc446e3cc3dce7d7826b5c22995b6e2b8
True,aerosol_ahmad2010_paper_mie,aerosol/aerosol_ahmad2010_paper_mie/A2010ver_r85f50v01.mie,A2010ver_r85f50v01.mie,24958829,755978dd2afec1fd7913bcaa1cfe1873efdce42b41ca508d4f7b4754793fda81
True,aerosol_ahmad2010_paper_mie,aerosol/aerosol_ahmad2010_paper_mie/A2010ver_r85f80v01.mie,A2010ver_r85f80v01.mie,24958829,fc87e88700f0698920d682899d6c1d25bbfe0e82effa20d3be30f99e43277f3d
True,aerosol_ahmad2010_paper_mie,aerosol/aerosol_ahmad2010_paper_mie/A2010ver_r85f95v01.mie,A2010ver_r85f95v01.mie,24958829,2ea57b54e53fe1a58bfcb9217a0469e921dc7d0e2e27ffc4d52acd9effdeb684
True,aerosol_ahmad2010_paper_mie,aerosol/aerosol_ahmad2010_paper_mie/A2010ver_r90f00v01.mie,A2010ver_r90f00v01.mie,24958829,b5fa0adfcb062335025ef196d062597fb47e80f711f736ded101e254648e74e9
True,aerosol_ahmad2010_paper_mie,aerosol/aerosol_ahmad2010_paper_mie/A2010ver_r90f01v01.mie,A2010ver_r90f01v01.mie,24958829,4045538163e25059b20c46006b7e61ab36806bff32b02ee61180ac4891bfa69e
True,aerosol_ahmad2010_paper_mie,aerosol/aerosol_ahmad2010_paper_mie/A2010ver_r90f02v01.mie,A2010ver_r90f02v01.mie,24958829,b5f211d96e96d86c169f94383cef70bedd6dfdf6bffca3e1e28407bcca245be8
True,aerosol_ahmad2010_paper_mie,aerosol/aerosol_ahmad2010_paper_mie/A2010ver_r90f05v01.mie,A2010ver_r90f05v01.mie,24958829,0657354291a7c6ed16f5af04b2ac622d5c2454e75ae22af88115f437fabedbf9
True,aerosol_ahmad2010_paper_mie,aerosol/aerosol_ahmad2010_paper_mie/A2010ver_r90f10v01.mie,A2010ver_r90f10v01.mie,24958829,3e885d51e83a03e867298296c5629a2e3edf74eaedc6aedc026ad350128fc0eb
True,aerosol_ahmad2010_paper_mie,aerosol/aerosol_ahmad2010_paper_mie/A2010ver_r90f20v01.mie,A2010ver_r90f20v01.mie,24958829,769d885e1c5bd60ddcd167eefd5b8ddacdfd40c71b6d601dc0acb1e1a42605be
True,aerosol_ahmad2010_paper_mie,aerosol/aerosol_ahmad2010_paper_mie/A2010ver_r90f30v01.mie,A2010ver_r90f30v01.mie,24958829,d11879f669b5accc4f20a3a80f1390143bfb5441c678243c6fd0b9ea451f4a95
True,aerosol_ahmad2010_paper_mie,aerosol/aerosol_ahmad2010_paper_mie/A2010ver_r90f50v01.mie,A2010ver_r90f50v01.mie,24958829,acee3e6c3bec531f8940cac285ddd5cfe723746ff8003c336b64d51c34abedd6
True,aerosol_ahmad2010_paper_mie,aerosol/aerosol_ahmad2010_paper_mie/A2010ver_r90f80v01.mie,A2010ver_r90f80v01.mie,24958829,d4f3295538395a1d1ead712a5af262d90809c572ef4353c682682a01731561ea
True,aerosol_ahmad2010_paper_mie,aerosol/aerosol_ahmad2010_paper_mie/A2010ver_r90f95v01.mie,A2010ver_r90f95v01.mie,24958829,18b3643a68d17969fb2d330a095e3dcc783df138962357a9c1c7da98b6504e7f
True,aerosol_ahmad2010_paper_mie,aerosol/aerosol_ahmad2010_paper_mie/A2010ver_r95f00v01.mie,A2010ver_r95f00v01.mie,24958829,ec0d51eaccc4af7364d841890424ea31d2c8273bc5c95fa473349b68ff6be92c
True,aerosol_ahmad2010_paper_mie,aerosol/aerosol_ahmad2010_paper_mie/A2010ver_r95f01v01.mie,A2010ver_r95f01v01.mie,24958829,b0395c518686fe58bb48ff6861fcfd4ece310660da2834c6754316e5070c16e9
True,aerosol_ahmad2010_paper_mie,aerosol/aerosol_ahmad2010_paper_mie/A2010ver_r95f02v01.mie,A2010ver_r95f02v01.mie,24958829,3f17fa6aee51f453de4be18e98cff6dccda9250545aa67887e201823f0c7c462
True,aerosol_ahmad2010_paper_mie,aerosol/aerosol_ahmad2010_paper_mie/A2010ver_r95f05v01.mie,A2010ver_r95f05v01.mie,24958829,db5143e9c9ff16ddb92feee7f9a357c49c0f9440c42ae45d5a889099f590edde
True,aerosol_ahmad2010_paper_mie,aerosol/aerosol_ahmad2010_paper_mie/A2010ver_r95f10v01.mie,A2010ver_r95f10v01.mie,24958829,c47123b61ecad00b320ab3d2854aa91b2ee5e7e29a184c90dd7158efdb1b7c87
True,aerosol_ahmad2010_paper_mie,aerosol/aerosol_ahmad2010_paper_mie/A2010ver_r95f20v01.mie,A2010ver_r95f20v01.mie,24958829,b3ea7d08f55a48bb03efd734aed3fe9803b4587fc107fdc2c0f8dd08b55d2062
True,aerosol_ahmad2010_paper_mie,aerosol/aerosol_ahmad2010_paper_mie/A2010ver_r95f30v01.mie,A2010ver_r95f30v01.mie,24958829,fbd837810226e83dd3cf68de3d0812f4602c29e620f9fd10fb4ec89287c6c566
True,aerosol_ahmad2010_paper_mie,aerosol/aerosol_ahmad2010_paper_mie/A2010ver_r95f50v01.mie,A2010ver_r95f50v01.mie,24958829,9db0859101449352cf0bae948d540c2963dce8e6ecb32fd38f1262ddf8f2082e
True,aerosol_ahmad2010_paper_mie,aerosol/aerosol_ahmad2010_paper_mie/A2010ver_r95f80v01.mie,A2010ver_r95f80v01.mie,24958829,404eb5f95e2ca5af601a3af95e69b60b4ad9a7ad5aa6e70cbce1c59024e26c2e
True,aerosol_ahmad2010_paper_mie,aerosol/aerosol_ahmad2010_paper_mie/A2010ver_r95f95v01.mie,A2010ver_r95f95v01.mie,24958829,8061d36aa387cf837d2552afc4f27924f5e0551e64cb404a67b5e8ae87072f52
True,aerosol_snf_mie,aerosol/aerosol_snf_mie/C50.mie,C50.mie,24958829,75a986ddb1bd48f3c420349d5c87f684a80bebfb75037042af2a0ac9bde26dc9
True,aerosol_snf_mie,aerosol/aerosol_snf_mie/C70.mie,C70.mie,24958829,4f6a07f845b2976073b34636accd0e3aebff4ff36e78281bd99e233d5c79c148
True,aerosol_snf_mie,aerosol/aerosol_snf_mie/C80.mie,C80.mie,24958829,a887e2d82545cca4b467e31ef2da21a35fed7ccd3d146ffcc6733bd050bbaa8d
True,aerosol_snf_mie,aerosol/aerosol_snf_mie/C90.mie,C90.mie,24958829,41546971a42a719acd52fd3cf9813df23cc1beb1ec2527737c6b095ddd6969af
True,aerosol_snf_mie,aerosol/aerosol_snf_mie/C95.mie,C95.mie,24958829,463f325ba2e10ad80c6d17e9df91b70340e6729a12ddceb1657f457f055020d0
True,aerosol_snf_mie,aerosol/aerosol_snf_mie/M50C.mie,M50C.mie,24958829,18d395a930dd5fa431962596ba72152cb513d7e81cecf7123c6a16513ff88e11
True,aerosol_snf_mie,aerosol/aerosol_snf_mie/M70C.mie,M70C.mie,24958829,746c29dcb597b850c4df7aa7bb16278c62fd8ed0eb391a78559182c6210ded1e
True,aerosol_snf_mie,aerosol/aerosol_snf_mie/M80C.mie,M80C.mie,24958829,a57400189e45f9fb5c7b944dbeff7b08218140580b3c2314b5c3bd641d72c5de
True,aerosol_snf_mie,aerosol/aerosol_snf_mie/M90C.mie,M90C.mie,24958829,d3363a3714a3db2c1fec444dc9cea7d8b06b7b70fd9b92d210115b44bd7fd31f
True,aerosol_snf_mie,aerosol/aerosol_snf_mie/M95C.mie,M95C.mie,24958829,625f3f1e03a3062837d041ddd3e0f57c5769c4375c50abf649574474f7f0ba3b
True,aerosol_snf_mie,aerosol/aerosol_snf_mie/M98C.mie,M98C.mie,24958829,0c8e497505922726722c062b5e44b46ad3eed9b7ab42dc39831c0f61ea476a37
True,aerosol_snf_mie,aerosol/aerosol_snf_mie/O99.mie,O99.mie,24958829,2465a7cc584446c32b28f58355f8a0ad5f246405a1b2409d3ebfa51fe7f73579
True,aerosol_snf_mie,aerosol/aerosol_snf_mie/T50.mie,T50.mie,24958829,4b35f272ef3e5cb68a970bca6f8bd3fe687f8dd0710bfdf836177de4e71f07fb
True,aerosol_snf_mie,aerosol/aerosol_snf_mie/T80.mie,T80.mie,24958829,b5425748c31cd5cc2a67d809aff369dd9662bd469b67f35f684cb4a77c6ec73f
True,aerosol_snf_mie,aerosol/aerosol_snf_mie/T90.mie,T90.mie,24958829,a35fe92b3f5c5dac2a231644619435f1bac2040f6bd14bbb9839921e43de85e0
True,aerosol_snf_mie,aerosol/aerosol_snf_mie/T95.mie,T95.mie,24958829,a8962e58c92d157ceda924461e62be9863b7e9a18693fd44b49c7fb2254d299b
True,water_detritus,water/detritus/Detritus_Stramski2001.mie,Detritus_Stramski2001.mie,24958849,8753f9d377774812411e4a4288ed934689040edc404ff62d06c3eac947f0e3b5
True,water_eap,water/eap/EAP_00_Diatoms_pennate_D6.mie,EAP_00_Diatoms_pennate_D6.mie,24958842,6f51bd63d0c9b96032548476bb9b4ca7879edfcc550d04ec276a0e1bb47148e1
True,water_eap,water/eap/EAP_01_Chlorophytes_D8.mie,EAP_01_Chlorophytes_D8.mie,24958842,c77a68e16fe3bbb8c28777206960306fa8ff5f9aa76a04895ea54450bb355ddc
True,water_eap,water/eap/EAP_02_Diatoms_centric_D6.mie,EAP_02_Diatoms_centric_D6.mie,24958842,cc22f6909451e18980db35c13e9a7ca11faa542e25a2f0258f719efae7e9b402
True,water_eap,water/eap/EAP_03_Cryptophytes_D6.mie,EAP_03_Cryptophytes_D6.mie,24958842,3875232fe3ae1f196e6a627285bb984d62765d95bc605dd43d0aa79d1fee88b1
True,water_eap,water/eap/EAP_04_Cyano_blue_D6.mie,EAP_04_Cyano_blue_D6.mie,24958842,6292832104d57b1e71f1e883843308ed72e2734f5119d1b4ec96828ca1dc8909
True,water_eap,water/eap/EAP_05_Cyano_red_D6.mie,EAP_05_Cyano_red_D6.mie,24958842,ed51de108f3fdf824397f3f22237fc653f352becf8d00a4d7051817625217c72
True,water_eap,water/eap/EAP_06_Dinoflagellates_D24.mie,EAP_06_Dinoflagellates_D24.mie,24958842,6e9a5ccc5f956203c26b6ae70bece7e4fc648226bc823b46c4aca6c5f6bdb291
True,water_eap,water/eap/EAP_07_Eustigmatophytes_D6.mie,EAP_07_Eustigmatophytes_D6.mie,24958842,5d94164809d8044544ee5b6cb6dfc475d5d5f5d22451ff5306efc094fb244b19
True,water_eap,water/eap/EAP_08_Hapto_Pavlovaceae_D6.mie,EAP_08_Hapto_Pavlovaceae_D6.mie,24958842,900446a1811bcafbdb6fdc253df7094ded0bbd0c549a0961411bdd209a0bb8a5
True,water_eap,water/eap/EAP_09_Pelagophytes_D3.mie,EAP_09_Pelagophytes_D3.mie,24958842,824390269920332abe501df3fa72c9fb6d9f5665108f52e8bd83f8866604862b
True,water_eap,water/eap/EAP_10_Prasinophytes_D3.mie,EAP_10_Prasinophytes_D3.mie,24958842,a206c68d4547d38d2a762662e36fc01804853caf03e3be748d59367559b15f25
True,water_eap,water/eap/EAP_11_Prochlorococcus_D0p5.mie,EAP_11_Prochlorococcus_D0p5.mie,24958842,e0135664150d8d05e7114479e2376130a4f37077a6e6b759b143806d85abc2f5
True,water_eap,water/eap/EAP_12_Hapto_Prymnesiaceae_D4.mie,EAP_12_Hapto_Prymnesiaceae_D4.mie,24958842,8ab7c1d5be3ac4d4b35aa42e27bd44266cb4ff4fd737d42f0d2c54d7d64767d7
True,water_eap,water/eap/EAP_13_Raphidophytes_D24.mie,EAP_13_Raphidophytes_D24.mie,24958842,2d086578ac5d34c3e8b1b1bc373e92d404f0f645680f5c9099aa095f53455b52
True,water_eap,water/eap/EAP_14_Rhodophytes_D6.mie,EAP_14_Rhodophytes_D6.mie,24958842,5ebd33df1a7178a0365fcbad7e2e0fb7d94b15d656a67dde2614a567245d68e4
True,water_eap,water/eap/EAP_15_Synechococcus_D1p2.mie,EAP_15_Synechococcus_D1p2.mie,24958842,e336b40540a95ab02a3af763a2421ec8cdd39cd0478608d77ead06b716f4f5ea
True,water_eap,water/eap/EAP_16_Microcystis_D5.mie,EAP_16_Microcystis_D5.mie,24958842,aba387a09357bb162e7651da2d7f595753d473b5eb865d79a5916fbaab1dedda
True,water_tsm_ahn,water/tsm_ahn/Brown_earth_AHN.mie,Brown_earth_AHN.mie,24958817,2f84cd45051729289d7b7acf259d909f88656274290ef67e65b6c071d8e594db
True,water_tsm_ahn,water/tsm_ahn/Calcareous_sand_AHN.mie,Calcareous_sand_AHN.mie,24958817,df1fa98e637b2abc1d01c507b4b104bf7f1b637a95a776f6f999c66430d08ffe
True,water_tsm_ahn,water/tsm_ahn/Red_clay_AHN.mie,Red_clay_AHN.mie,24958817,c3588c884a60eeff150c7d5a5b73d3bd977c05a0c4923a7ebcf255e5c1741b11
True,water_tsm_ahn,water/tsm_ahn/Yellow_clay_AHN.mie,Yellow_clay_AHN.mie,24958817,3f7421bf555dfb87ae457d32b417b2c4b56fd6b72dd4b3b5674fcfc786a70ea1
