family,path,sha256_16,n_angle_decl,wl_min_um,wl_max_um,teta_n_wl
snf_opac,inputs/C50.mie,8badb2758ff25989,631,0.33,1.95,22
snf_opac,inputs/C70.mie,eaf153f9fdcbadd9,631,0.33,1.95,22
snf_opac,inputs/C80.mie,a43d3bb053475835,631,0.33,1.95,22
snf_opac,inputs/C90.mie,c6c0d77da7746186,631,0.33,1.95,22
snf_opac,inputs/C95.mie,d9760c05eb6bda56,631,0.33,1.95,22
snf_opac,inputs/M50C.mie,47c355390e0432b2,631,0.33,1.95,22
snf_opac,inputs/M70C.mie,036a977e653afc5f,631,0.33,1.95,22
snf_opac,inputs/M80C.mie,dcc72ebf84884bc5,631,0.33,1.95,22
snf_opac,inputs/M90C.mie,c4346e0f0ab6720b,631,0.33,1.95,22
snf_opac,inputs/M95C.mie,75787a94a6401ae4,631,0.33,1.95,22
snf_opac,inputs/M98C.mie,dd7ad06519b3e102,631,0.33,1.95,22
snf_opac,inputs/O99.mie,90af961806c7e57b,631,0.33,1.95,22
snf_opac,inputs/T50.mie,bdebe7c26681cd3a,631,0.33,1.95,22
snf_opac,inputs/T80.mie,d107efd674d9e9fc,631,0.33,1.95,22
snf_opac,inputs/T90.mie,438bd6da06db309e,631,0.33,1.95,22
snf_opac,inputs/T95.mie,e54ea9eb0ead033d,631,0.33,1.95,22
ahmad_paper,inputs/aerosol_ahmad2010_paper_mie/A2010ver_r30f00v01.mie,e536315cdc89cb88,631,0.33,1.95,22
ahmad_paper,inputs/aerosol_ahmad2010_paper_mie/A2010ver_r30f01v01.mie,52039b1127080591,631,0.33,1.95,22
ahmad_paper,inputs/aerosol_ahmad2010_paper_mie/A2010ver_r30f02v01.mie,3747a374a6b64561,631,0.33,1.95,22
ahmad_paper,inputs/aerosol_ahmad2010_paper_mie/A2010ver_r30f05v01.mie,3d2bb6c1efd9e6fc,631,0.33,1.95,22
ahmad_paper,inputs/aerosol_ahmad2010_paper_mie/A2010ver_r30f10v01.mie,75e239b55488794a,631,0.33,1.95,22
ahmad_paper,inputs/aerosol_ahmad2010_paper_mie/A2010ver_r30f20v01.mie,d7e9707121612e02,631,0.33,1.95,22
ahmad_paper,inputs/aerosol_ahmad2010_paper_mie/A2010ver_r30f30v01.mie,d062b20007a074e8,631,0.33,1.95,22
ahmad_paper,inputs/aerosol_ahmad2010_paper_mie/A2010ver_r30f50v01.mie,6694c7f14d487eeb,631,0.33,1.95,22
ahmad_paper,inputs/aerosol_ahmad2010_paper_mie/A2010ver_r30f80v01.mie,e414691a4c87b04c,631,0.33,1.95,22
ahmad_paper,inputs/aerosol_ahmad2010_paper_mie/A2010ver_r30f95v01.mie,77c84ebc457e2fb4,631,0.33,1.95,22
ahmad_paper,inputs/aerosol_ahmad2010_paper_mie/A2010ver_r50f00v01.mie,4a3710afd91a6646,631,0.33,1.95,22
ahmad_paper,inputs/aerosol_ahmad2010_paper_mie/A2010ver_r50f01v01.mie,ab14d6a97a6d4d10,631,0.33,1.95,22
ahmad_paper,inputs/aerosol_ahmad2010_paper_mie/A2010ver_r50f02v01.mie,b448f46f81e654a4,631,0.33,1.95,22
ahmad_paper,inputs/aerosol_ahmad2010_paper_mie/A2010ver_r50f05v01.mie,8ce1be573828376f,631,0.33,1.95,22
ahmad_paper,inputs/aerosol_ahmad2010_paper_mie/A2010ver_r50f10v01.mie,cf5c48d19e303a9e,631,0.33,1.95,22
ahmad_paper,inputs/aerosol_ahmad2010_paper_mie/A2010ver_r50f20v01.mie,adf80607632b2b03,631,0.33,1.95,22
ahmad_paper,inputs/aerosol_ahmad2010_paper_mie/A2010ver_r50f30v01.mie,358982ce6c33d6f5,631,0.33,1.95,22
ahmad_paper,inputs/aerosol_ahmad2010_paper_mie/A2010ver_r50f50v01.mie,f5a4a31cbeff2234,631,0.33,1.95,22
ahmad_paper,inputs/aerosol_ahmad2010_paper_mie/A2010ver_r50f80v01.mie,a628cb80e5bb67a9,631,0.33,1.95,22
ahmad_paper,inputs/aerosol_ahmad2010_paper_mie/A2010ver_r50f95v01.mie,c8bb23f2833a4741,631,0.33,1.95,22
ahmad_paper,inputs/aerosol_ahmad2010_paper_mie/A2010ver_r70f00v01.mie,d8dbdd0e4cd88960,631,0.33,1.95,22
ahmad_paper,inputs/aerosol_ahmad2010_paper_mie/A2010ver_r70f01v01.mie,7e86e874cdb0f6ec,631,0.33,1.95,22
ahmad_paper,inputs/aerosol_ahmad2010_paper_mie/A2010ver_r70f02v01.mie,cd878f60ae10885e,631,0.33,1.95,22
ahmad_paper,inputs/aerosol_ahmad2010_paper_mie/A2010ver_r70f05v01.mie,8f19d1fe63c41f19,631,0.33,1.95,22
ahmad_paper,inputs/aerosol_ahmad2010_paper_mie/A2010ver_r70f10v01.mie,c60e7047564ed64e,631,0.33,1.95,22
ahmad_paper,inputs/aerosol_ahmad2010_paper_mie/A2010ver_r70f20v01.mie,58512672fd2f9279,631,0.33,1.95,22
ahmad_paper,inputs/aerosol_ahmad2010_paper_mie/A2010ver_r70f30v01.mie,2fa6f6c0314900ce,631,0.33,1.95,22
ahmad_paper,inputs/aerosol_ahmad2010_paper_mie/A2010ver_r70f50v01.mie,56699c8d9d539347,631,0.33,1.95,22
ahmad_paper,inputs/aerosol_ahmad2010_paper_mie/A2010ver_r70f80v01.mie,bb75cfd102c0b9d8,631,0.33,1.95,22
ahmad_paper,inputs/aerosol_ahmad2010_paper_mie/A2010ver_r70f95v01.mie,8510f77e3b1bb76a,631,0.33,1.95,22
ahmad_paper,inputs/aerosol_ahmad2010_paper_mie/A2010ver_r75f00v01.mie,7ab109f4715be533,631,0.33,1.95,22
ahmad_paper,inputs/aerosol_ahmad2010_paper_mie/A2010ver_r75f01v01.mie,a2877204993772de,631,0.33,1.95,22
ahmad_paper,inputs/aerosol_ahmad2010_paper_mie/A2010ver_r75f02v01.mie,9c78daced7288d37,631,0.33,1.95,22
ahmad_paper,inputs/aerosol_ahmad2010_paper_mie/A2010ver_r75f05v01.mie,2c5c21980afe5867,631,0.33,1.95,22
ahmad_paper,inputs/aerosol_ahmad2010_paper_mie/A2010ver_r75f10v01.mie,2641535d455d8926,631,0.33,1.95,22
ahmad_paper,inputs/aerosol_ahmad2010_paper_mie/A2010ver_r75f20v01.mie,402fb12f3ab77bd1,631,0.33,1.95,22
ahmad_paper,inputs/aerosol_ahmad2010_paper_mie/A2010ver_r75f30v01.mie,e693158c661e9862,631,0.33,1.95,22
ahmad_paper,inputs/aerosol_ahmad2010_paper_mie/A2010ver_r75f50v01.mie,822764c381acdf64,631,0.33,1.95,22
ahmad_paper,inputs/aerosol_ahmad2010_paper_mie/A2010ver_r75f80v01.mie,0614d1fffd55f953,631,0.33,1.95,22
ahmad_paper,inputs/aerosol_ahmad2010_paper_mie/A2010ver_r75f95v01.mie,d476c8e5a07dbb6f,631,0.33,1.95,22
ahmad_paper,inputs/aerosol_ahmad2010_paper_mie/A2010ver_r80f00v01.mie,58ec6cccd1a1aa04,631,0.33,1.95,22
ahmad_paper,inputs/aerosol_ahmad2010_paper_mie/A2010ver_r80f01v01.mie,1cb0b7e9e4648664,631,0.33,1.95,22
ahmad_paper,inputs/aerosol_ahmad2010_paper_mie/A2010ver_r80f02v01.mie,978fd8dd5845ffb4,631,0.33,1.95,22
ahmad_paper,inputs/aerosol_ahmad2010_paper_mie/A2010ver_r80f05v01.mie,18468a6a895c9d89,631,0.33,1.95,22
ahmad_paper,inputs/aerosol_ahmad2010_paper_mie/A2010ver_r80f10v01.mie,013588804f6f1544,631,0.33,1.95,22
ahmad_paper,inputs/aerosol_ahmad2010_paper_mie/A2010ver_r80f20v01.mie,e611cac2a65ca655,631,0.33,1.95,22
ahmad_paper,inputs/aerosol_ahmad2010_paper_mie/A2010ver_r80f30v01.mie,efbf3769381349e4,631,0.33,1.95,22
ahmad_paper,inputs/aerosol_ahmad2010_paper_mie/A2010ver_r80f50v01.mie,1ae8727e42c1312c,631,0.33,1.95,22
ahmad_paper,inputs/aerosol_ahmad2010_paper_mie/A2010ver_r80f80v01.mie,28e42368710f06d6,631,0.33,1.95,22
ahmad_paper,inputs/aerosol_ahmad2010_paper_mie/A2010ver_r80f95v01.mie,b5c949e60fc5e5cb,631,0.33,1.95,22
ahmad_paper,inputs/aerosol_ahmad2010_paper_mie/A2010ver_r85f00v01.mie,30b85e6670a8e9cf,631,0.33,1.95,22
ahmad_paper,inputs/aerosol_ahmad2010_paper_mie/A2010ver_r85f01v01.mie,4d57b46d14d19bb4,631,0.33,1.95,22
ahmad_paper,inputs/aerosol_ahmad2010_paper_mie/A2010ver_r85f02v01.mie,936b9689728d69ef,631,0.33,1.95,22
ahmad_paper,inputs/aerosol_ahmad2010_paper_mie/A2010ver_r85f05v01.mie,d5f6a35cf1574438,631,0.33,1.95,22
ahmad_paper,inputs/aerosol_ahmad2010_paper_mie/A2010ver_r85f10v01.mie,fc5a08c881d594f5,631,0.33,1.95,22
ahmad_paper,inputs/aerosol_ahmad2010_paper_mie/A2010ver_r85f20v01.mie,eee323eeedf8140f,631,0.33,1.95,22
ahmad_paper,inputs/aerosol_ahmad2010_paper_mie/A2010ver_r85f30v01.mie,43df75ce1d8a0e6a,631,0.33,1.95,22
ahmad_paper,inputs/aerosol_ahmad2010_paper_mie/A2010ver_r85f50v01.mie,a5d5831ecd3c661d,631,0.33,1.95,22
ahmad_paper,inputs/aerosol_ahmad2010_paper_mie/A2010ver_r85f80v01.mie,042c1040d822920f,631,0.33,1.95,22
ahmad_paper,inputs/aerosol_ahmad2010_paper_mie/A2010ver_r85f95v01.mie,58cc556777beaa49,631,0.33,1.95,22
ahmad_paper,inputs/aerosol_ahmad2010_paper_mie/A2010ver_r90f00v01.mie,eaa5a6ec654bb688,631,0.33,1.95,22
ahmad_paper,inputs/aerosol_ahmad2010_paper_mie/A2010ver_r90f01v01.mie,0f47ec9f1071e827,631,0.33,1.95,22
ahmad_paper,inputs/aerosol_ahmad2010_paper_mie/A2010ver_r90f02v01.mie,6ffd75ec32a0e464,631,0.33,1.95,22
ahmad_paper,inputs/aerosol_ahmad2010_paper_mie/A2010ver_r90f05v01.mie,6d1e0f752f1a2a4c,631,0.33,1.95,22
ahmad_paper,inputs/aerosol_ahmad2010_paper_mie/A2010ver_r90f10v01.mie,1e13768cebef18b3,631,0.33,1.95,22
ahmad_paper,inputs/aerosol_ahmad2010_paper_mie/A2010ver_r90f20v01.mie,5384e5ac98d622ec,631,0.33,1.95,22
ahmad_paper,inputs/aerosol_ahmad2010_paper_mie/A2010ver_r90f30v01.mie,24481988ab0e6e95,631,0.33,1.95,22
ahmad_paper,inputs/aerosol_ahmad2010_paper_mie/A2010ver_r90f50v01.mie,781825cba41a3094,631,0.33,1.95,22
ahmad_paper,inputs/aerosol_ahmad2010_paper_mie/A2010ver_r90f80v01.mie,a00100c949a8f463,631,0.33,1.95,22
ahmad_paper,inputs/aerosol_ahmad2010_paper_mie/A2010ver_r90f95v01.mie,2b9de3cb769e48cf,631,0.33,1.95,22
ahmad_paper,inputs/aerosol_ahmad2010_paper_mie/A2010ver_r95f00v01.mie,37087d08d36b0673,631,0.33,1.95,22
ahmad_paper,inputs/aerosol_ahmad2010_paper_mie/A2010ver_r95f01v01.mie,4782b5e333a62945,631,0.33,1.95,22
ahmad_paper,inputs/aerosol_ahmad2010_paper_mie/A2010ver_r95f02v01.mie,cdc3026576d0238a,631,0.33,1.95,22
ahmad_paper,inputs/aerosol_ahmad2010_paper_mie/A2010ver_r95f05v01.mie,1fa4dc284aa8ff58,631,0.33,1.95,22
ahmad_paper,inputs/aerosol_ahmad2010_paper_mie/A2010ver_r95f10v01.mie,f3b1e412d6f431de,631,0.33,1.95,22
ahmad_paper,inputs/aerosol_ahmad2010_paper_mie/A2010ver_r95f20v01.mie,7d014dc6505c33f9,631,0.33,1.95,22
ahmad_paper,inputs/aerosol_ahmad2010_paper_mie/A2010ver_r95f30v01.mie,d4217b204a711301,631,0.33,1.95,22
ahmad_paper,inputs/aerosol_ahmad2010_paper_mie/A2010ver_r95f50v01.mie,ac179306fdd7dca7,631,0.33,1.95,22
ahmad_paper,inputs/aerosol_ahmad2010_paper_mie/A2010ver_r95f80v01.mie,93b24b9f1770144c,631,0.33,1.95,22
ahmad_paper,inputs/aerosol_ahmad2010_paper_mie/A2010ver_r95f95v01.mie,7a0e7a72da62a73e,631,0.33,1.95,22
ahmad_accurt,inputs/aerosol_ahmad2010_accurt_mie/r30f00v01.mie,8e23bbb453ae19a3,631,0.33,1.95,22
ahmad_accurt,inputs/aerosol_ahmad2010_accurt_mie/r30f01v01.mie,8fa664e15ba81f29,631,0.33,1.95,22
ahmad_accurt,inputs/aerosol_ahmad2010_accurt_mie/r30f02v01.mie,4c0919c658cd06c6,631,0.33,1.95,22
ahmad_accurt,inputs/aerosol_ahmad2010_accurt_mie/r30f05v01.mie,55f2bf655567c2ae,631,0.33,1.95,22
ahmad_accurt,inputs/aerosol_ahmad2010_accurt_mie/r30f10v01.mie,ad0bfa99427b10d6,631,0.33,1.95,22
ahmad_accurt,inputs/aerosol_ahmad2010_accurt_mie/r30f20v01.mie,b3ee55fe30f2a292,631,0.33,1.95,22
ahmad_accurt,inputs/aerosol_ahmad2010_accurt_mie/r30f30v01.mie,3f9996e9e5caba26,631,0.33,1.95,22
ahmad_accurt,inputs/aerosol_ahmad2010_accurt_mie/r30f50v01.mie,5a45967e88f03849,631,0.33,1.95,22
ahmad_accurt,inputs/aerosol_ahmad2010_accurt_mie/r30f80v01.mie,54308a72f099d20a,631,0.33,1.95,22
ahmad_accurt,inputs/aerosol_ahmad2010_accurt_mie/r30f95v01.mie,38acd52e9fc9839d,631,0.33,1.95,22
ahmad_accurt,inputs/aerosol_ahmad2010_accurt_mie/r50f00v01.mie,c68f3a1bac2c8aa1,631,0.33,1.95,22
ahmad_accurt,inputs/aerosol_ahmad2010_accurt_mie/r50f01v01.mie,15b2784aff6c2344,631,0.33,1.95,22
ahmad_accurt,inputs/aerosol_ahmad2010_accurt_mie/r50f02v01.mie,e04eb4780ceeb69e,631,0.33,1.95,22
ahmad_accurt,inputs/aerosol_ahmad2010_accurt_mie/r50f05v01.mie,4fc4c7832750c62e,631,0.33,1.95,22
ahmad_accurt,inputs/aerosol_ahmad2010_accurt_mie/r50f10v01.mie,77d3b87239088a77,631,0.33,1.95,22
ahmad_accurt,inputs/aerosol_ahmad2010_accurt_mie/r50f20v01.mie,71e3e1eeb1434c00,631,0.33,1.95,22
ahmad_accurt,inputs/aerosol_ahmad2010_accurt_mie/r50f30v01.mie,cfa773dcc1e818fc,631,0.33,1.95,22
ahmad_accurt,inputs/aerosol_ahmad2010_accurt_mie/r50f50v01.mie,4fd2ea7121827b4c,631,0.33,1.95,22
ahmad_accurt,inputs/aerosol_ahmad2010_accurt_mie/r50f80v01.mie,88171b3c93eacb51,631,0.33,1.95,22
ahmad_accurt,inputs/aerosol_ahmad2010_accurt_mie/r50f95v01.mie,786a6385f0e7bd96,631,0.33,1.95,22
ahmad_accurt,inputs/aerosol_ahmad2010_accurt_mie/r70f00v01.mie,f0415da2abf1ac8f,631,0.33,1.95,22
ahmad_accurt,inputs/aerosol_ahmad2010_accurt_mie/r70f01v01.mie,430896ccb36e2a04,631,0.33,1.95,22
ahmad_accurt,inputs/aerosol_ahmad2010_accurt_mie/r70f02v01.mie,d9139db69d939e47,631,0.33,1.95,22
ahmad_accurt,inputs/aerosol_ahmad2010_accurt_mie/r70f05v01.mie,c6eeba1e10fcc6bd,631,0.33,1.95,22
ahmad_accurt,inputs/aerosol_ahmad2010_accurt_mie/r70f10v01.mie,feacded2bd341480,631,0.33,1.95,22
ahmad_accurt,inputs/aerosol_ahmad2010_accurt_mie/r70f20v01.mie,0e64d08df53f69c3,631,0.33,1.95,22
ahmad_accurt,inputs/aerosol_ahmad2010_accurt_mie/r70f30v01.mie,0bfdd7d21f297918,631,0.33,1.95,22
ahmad_accurt,inputs/aerosol_ahmad2010_accurt_mie/r70f50v01.mie,87533acaaad2e9e2,631,0.33,1.95,22
ahmad_accurt,inputs/aerosol_ahmad2010_accurt_mie/r70f80v01.mie,1ff29cd3ab4e6f65,631,0.33,1.95,22
ahmad_accurt,inputs/aerosol_ahmad2010_accurt_mie/r70f95v01.mie,cbf3c0ae79e96ef9,631,0.33,1.95,22
ahmad_accurt,inputs/aerosol_ahmad2010_accurt_mie/r75f00v01.mie,6912a057a83a220b,631,0.33,1.95,22
ahmad_accurt,inputs/aerosol_ahmad2010_accurt_mie/r75f01v01.mie,58a3d0c504970bfe,631,0.33,1.95,22
ahmad_accurt,inputs/aerosol_ahmad2010_accurt_mie/r75f02v01.mie,9f90213bf3202716,631,0.33,1.95,22
ahmad_accurt,inputs/aerosol_ahmad2010_accurt_mie/r75f05v01.mie,22f90e78c206c72c,631,0.33,1.95,22
ahmad_accurt,inputs/aerosol_ahmad2010_accurt_mie/r75f10v01.mie,8a47a71c9df91293,631,0.33,1.95,22
ahmad_accurt,inputs/aerosol_ahmad2010_accurt_mie/r75f20v01.mie,695c67ef8415375b,631,0.33,1.95,22
ahmad_accurt,inputs/aerosol_ahmad2010_accurt_mie/r75f30v01.mie,16d042294c3a9abb,631,0.33,1.95,22
ahmad_accurt,inputs/aerosol_ahmad2010_accurt_mie/r75f50v01.mie,4ea42c9f3a7f7c82,631,0.33,1.95,22
ahmad_accurt,inputs/aerosol_ahmad2010_accurt_mie/r75f80v01.mie,5a22cebb7722d492,631,0.33,1.95,22
ahmad_accurt,inputs/aerosol_ahmad2010_accurt_mie/r75f95v01.mie,6b2314111b556b45,631,0.33,1.95,22
ahmad_accurt,inputs/aerosol_ahmad2010_accurt_mie/r80f00v01.mie,dcfd93911b69c9f5,631,0.33,1.95,22
ahmad_accurt,inputs/aerosol_ahmad2010_accurt_mie/r80f01v01.mie,e4da56cc40f8839a,631,0.33,1.95,22
ahmad_accurt,inputs/aerosol_ahmad2010_accurt_mie/r80f02v01.mie,4f8ca216896178f4,631,0.33,1.95,22
ahmad_accurt,inputs/aerosol_ahmad2010_accurt_mie/r80f05v01.mie,c477e2b3dc96e9f5,631,0.33,1.95,22
ahmad_accurt,inputs/aerosol_ahmad2010_accurt_mie/r80f10v01.mie,df40f40b7901a844,631,0.33,1.95,22
ahmad_accurt,inputs/aerosol_ahmad2010_accurt_mie/r80f20v01.mie,cc016b2202c22089,631,0.33,1.95,22
ahmad_accurt,inputs/aerosol_ahmad2010_accurt_mie/r80f30v01.mie,21c3fb06fbb0a137,631,0.33,1.95,22
ahmad_accurt,inputs/aerosol_ahmad2010_accurt_mie/r80f50v01.mie,4b8cba5715dd6187,631,0.33,1.95,22
ahmad_accurt,inputs/aerosol_ahmad2010_accurt_mie/r80f80v01.mie,083bddf0b4462c47,631,0.33,1.95,22
ahmad_accurt,inputs/aerosol_ahmad2010_accurt_mie/r80f95v01.mie,b3fa6f3b2738e61c,631,0.33,1.95,22
ahmad_accurt,inputs/aerosol_ahmad2010_accurt_mie/r85f00v01.mie,3ac68a923779b9cd,631,0.33,1.95,22
ahmad_accurt,inputs/aerosol_ahmad2010_accurt_mie/r85f01v01.mie,69176bafdf18183f,631,0.33,1.95,22
ahmad_accurt,inputs/aerosol_ahmad2010_accurt_mie/r85f02v01.mie,7bc66797551db953,631,0.33,1.95,22
ahmad_accurt,inputs/aerosol_ahmad2010_accurt_mie/r85f05v01.mie,c4960e784c8a2e3c,631,0.33,1.95,22
ahmad_accurt,inputs/aerosol_ahmad2010_accurt_mie/r85f10v01.mie,13eaacd6c0558ad3,631,0.33,1.95,22
ahmad_accurt,inputs/aerosol_ahmad2010_accurt_mie/r85f20v01.mie,4c4d45224bf74e9e,631,0.33,1.95,22
ahmad_accurt,inputs/aerosol_ahmad2010_accurt_mie/r85f30v01.mie,42559a1ada96c18e,631,0.33,1.95,22
ahmad_accurt,inputs/aerosol_ahmad2010_accurt_mie/r85f50v01.mie,598b6d378b6be6ce,631,0.33,1.95,22
ahmad_accurt,inputs/aerosol_ahmad2010_accurt_mie/r85f80v01.mie,dc940cd5622f8b29,631,0.33,1.95,22
ahmad_accurt,inputs/aerosol_ahmad2010_accurt_mie/r85f95v01.mie,e7d5748552efcbdd,631,0.33,1.95,22
ahmad_accurt,inputs/aerosol_ahmad2010_accurt_mie/r90f00v01.mie,48992b6578493a62,631,0.33,1.95,22
ahmad_accurt,inputs/aerosol_ahmad2010_accurt_mie/r90f01v01.mie,d1f22a1883499965,631,0.33,1.95,22
ahmad_accurt,inputs/aerosol_ahmad2010_accurt_mie/r90f02v01.mie,be328a5f7ffda380,631,0.33,1.95,22
ahmad_accurt,inputs/aerosol_ahmad2010_accurt_mie/r90f05v01.mie,d9cfb01b38f6368c,631,0.33,1.95,22
ahmad_accurt,inputs/aerosol_ahmad2010_accurt_mie/r90f10v01.mie,6853eb2cecb56786,631,0.33,1.95,22
ahmad_accurt,inputs/aerosol_ahmad2010_accurt_mie/r90f20v01.mie,73a424f5ce5b6232,631,0.33,1.95,22
ahmad_accurt,inputs/aerosol_ahmad2010_accurt_mie/r90f30v01.mie,c18724ce08ae0557,631,0.33,1.95,22
ahmad_accurt,inputs/aerosol_ahmad2010_accurt_mie/r90f50v01.mie,4b1e7c14ea8025e3,631,0.33,1.95,22
ahmad_accurt,inputs/aerosol_ahmad2010_accurt_mie/r90f80v01.mie,f6b1b7941bdb041e,631,0.33,1.95,22
ahmad_accurt,inputs/aerosol_ahmad2010_accurt_mie/r90f95v01.mie,31be5244e1a47ad6,631,0.33,1.95,22
ahmad_accurt,inputs/aerosol_ahmad2010_accurt_mie/r95f00v01.mie,53f059fb100f7e95,631,0.33,1.95,22
ahmad_accurt,inputs/aerosol_ahmad2010_accurt_mie/r95f01v01.mie,31248274d829e69a,631,0.33,1.95,22
ahmad_accurt,inputs/aerosol_ahmad2010_accurt_mie/r95f02v01.mie,d62f8e87c7f3de46,631,0.33,1.95,22
ahmad_accurt,inputs/aerosol_ahmad2010_accurt_mie/r95f05v01.mie,e7957064ddfdeda7,631,0.33,1.95,22
ahmad_accurt,inputs/aerosol_ahmad2010_accurt_mie/r95f10v01.mie,af69fbc96929b2a4,631,0.33,1.95,22
ahmad_accurt,inputs/aerosol_ahmad2010_accurt_mie/r95f20v01.mie,07ef240a1cf7eebf,631,0.33,1.95,22
ahmad_accurt,inputs/aerosol_ahmad2010_accurt_mie/r95f30v01.mie,e588abb15d840c41,631,0.33,1.95,22
ahmad_accurt,inputs/aerosol_ahmad2010_accurt_mie/r95f50v01.mie,a169f995a86a5432,631,0.33,1.95,22
ahmad_accurt,inputs/aerosol_ahmad2010_accurt_mie/r95f80v01.mie,4f42466d720057d1,631,0.33,1.95,22
ahmad_accurt,inputs/aerosol_ahmad2010_accurt_mie/r95f95v01.mie,eda61cd6cb02a886,631,0.33,1.95,22
ahn_mineral,inputs/tsm_ahn/Brown_earth_AHN.mie,b5d75f7eaa0e6131,631,0.33,1.1,16
ahn_mineral,inputs/tsm_ahn/Calcareous_sand_AHN.mie,24b974a2658e7cf8,631,0.33,1.1,16
ahn_mineral,inputs/tsm_ahn/Red_clay_AHN.mie,fb2b36be02472a37,631,0.33,1.1,16
ahn_mineral,inputs/tsm_ahn/Yellow_clay_AHN.mie,ffe73786686deee4,631,0.33,1.1,16
detritus,inputs/water_iop/Detritus_Stramski2001.mie,0202c29d7a3f050d,361,0.35,0.85,9
eap_phyto,inputs/water_iop/eap/EAP_00_Diatoms_pennate_D6.mie,7f6f82ced27a136b,631,0.35,0.85,12
eap_phyto,inputs/water_iop/eap/EAP_01_Chlorophytes_D8.mie,ad80ba08421558e7,631,0.35,0.85,12
eap_phyto,inputs/water_iop/eap/EAP_02_Diatoms_centric_D6.mie,3090ccc870f6d4ca,631,0.35,0.85,12
eap_phyto,inputs/water_iop/eap/EAP_03_Cryptophytes_D6.mie,2399b3347fedad34,631,0.35,0.85,12
eap_phyto,inputs/water_iop/eap/EAP_04_Cyano_blue_D6.mie,fd6f9cc6eb87310e,631,0.35,0.85,12
eap_phyto,inputs/water_iop/eap/EAP_05_Cyano_red_D6.mie,2596fdb88be94f7c,631,0.35,0.85,12
eap_phyto,inputs/water_iop/eap/EAP_06_Dinoflagellates_D24.mie,826b0d0c17d45d81,631,0.35,0.85,12
eap_phyto,inputs/water_iop/eap/EAP_07_Eustigmatophytes_D6.mie,e7de9d5a4a42c18e,631,0.35,0.85,12
eap_phyto,inputs/water_iop/eap/EAP_08_Hapto_Pavlovaceae_D6.mie,596bd686e748c7ae,631,0.35,0.85,12
eap_phyto,inputs/water_iop/eap/EAP_09_Pelagophytes_D3.mie,cb8c210c979002b6,631,0.35,0.85,12
eap_phyto,inputs/water_iop/eap/EAP_10_Prasinophytes_D3.mie,6fe6ec9b3b7dd599,631,0.35,0.85,12
eap_phyto,inputs/water_iop/eap/EAP_11_Prochlorococcus_D0p5.mie,1bd0a027cd97ef73,631,0.35,0.85,12
eap_phyto,inputs/water_iop/eap/EAP_12_Hapto_Prymnesiaceae_D4.mie,41f97d9ff1c57c42,631,0.35,0.85,12
eap_phyto,inputs/water_iop/eap/EAP_13_Raphidophytes_D24.mie,d120beb020f95db4,631,0.35,0.85,12
eap_phyto,inputs/water_iop/eap/EAP_14_Rhodophytes_D6.mie,feecfedb0f4898d2,631,0.35,0.85,12
eap_phyto,inputs/water_iop/eap/EAP_15_Synechococcus_D1p2.mie,584cc593aebd9b40,631,0.35,0.85,12
eap_phyto,inputs/water_iop/eap/EAP_16_Microcystis_D5.mie,5d1775bfb816ec0e,631,0.35,0.85,12
